25-07-07.10:11:04.760 [main            ] INFO  Application            - Starting Application using Java 1.8.0_452 on xingedeMacBook-Air.local with PID 63503 (/Users/xingeqi/Downloads/untitled1/untitled1-app/target/classes started by xingeqi in /Users/xingeqi/Downloads/untitled1)
25-07-07.10:11:04.762 [main            ] INFO  Application            - The following 1 profile is active: "dev"
25-07-07.10:11:05.130 [main            ] INFO  RepositoryConfigurationDelegate - Multiple Spring Data modules found, entering strict repository configuration mode
25-07-07.10:11:05.131 [main            ] INFO  RepositoryConfigurationDelegate - Bootstrapping Spring Data Redis repositories in DEFAULT mode.
25-07-07.10:11:05.145 [main            ] INFO  RepositoryConfigurationDelegate - Finished Spring Data repository scanning in 9 ms. Found 0 Redis repository interfaces.
25-07-07.10:11:05.341 [main            ] INFO  TomcatWebServer        - Tomcat initialized with port(s): 8091 (http)
25-07-07.10:11:05.345 [main            ] INFO  Http11NioProtocol      - Initializing ProtocolHandler ["http-nio-8091"]
25-07-07.10:11:05.345 [main            ] INFO  StandardService        - Starting service [Tomcat]
25-07-07.10:11:05.345 [main            ] INFO  StandardEngine         - Starting Servlet engine: [Apache Tomcat/9.0.75]
25-07-07.10:11:05.378 [main            ] INFO  [/]                    - Initializing Spring embedded WebApplicationContext
25-07-07.10:11:05.381 [main            ] INFO  ServletWebServerApplicationContext - Root WebApplicationContext: initialization completed in 594 ms
25-07-07.10:11:05.631 [main            ] INFO  Version                - Redisson 3.24.3
25-07-07.10:11:05.641 [main            ] WARN  DnsServerAddressStreamProviders - Can not find io.netty.resolver.dns.macos.MacOSDnsServerAddressStreamProvider in the classpath, fallback to system defaults. This may result in incorrect DNS resolutions on MacOS. Check whether you have a dependency on 'io.netty:netty-resolver-dns-native-macos'
25-07-07.10:11:05.736 [redisson-netty-2-6] INFO  MasterPubSubConnectionPool - 1 connections initialized for 192.168.12.230/192.168.12.230:6399
25-07-07.10:11:05.793 [redisson-netty-2-13] INFO  MasterConnectionPool   - 5 connections initialized for 192.168.12.230/192.168.12.230:6399
25-07-07.10:11:06.137 [main            ] INFO  EndpointLinksResolver  - Exposing 1 endpoint(s) beneath base path '/actuator'
25-07-07.10:11:06.153 [main            ] INFO  Http11NioProtocol      - Starting ProtocolHandler ["http-nio-8091"]
25-07-07.10:11:06.159 [main            ] INFO  TomcatWebServer        - Tomcat started on port(s): 8091 (http) with context path ''
25-07-07.10:11:06.166 [main            ] INFO  Application            - Started Application in 1.629 seconds (JVM running for 1.871)
25-07-07.10:11:06.662 [RMI TCP Connection(2)-127.0.0.1] INFO  HikariDataSource       - HikariPool-1 - Starting...
25-07-07.10:11:06.667 [RMI TCP Connection(1)-127.0.0.1] INFO  [/]                    - Initializing Spring DispatcherServlet 'dispatcherServlet'
25-07-07.10:11:06.667 [RMI TCP Connection(1)-127.0.0.1] INFO  DispatcherServlet      - Initializing Servlet 'dispatcherServlet'
25-07-07.10:11:06.669 [RMI TCP Connection(1)-127.0.0.1] INFO  DispatcherServlet      - Completed initialization in 2 ms
25-07-07.10:11:06.857 [RMI TCP Connection(2)-127.0.0.1] INFO  HikariDataSource       - HikariPool-1 - Start completed.
25-07-07.10:11:10.005 [scheduling-1    ] INFO  UpdateAwardStockJob    - 定时任务，更新奖品消耗库存【延迟队列获取，降低对数据库的更新频次，不要产生竞争】
25-07-07.10:11:15.003 [scheduling-1    ] INFO  UpdateAwardStockJob    - 定时任务，更新奖品消耗库存【延迟队列获取，降低对数据库的更新频次，不要产生竞争】
25-07-07.10:11:20.002 [scheduling-1    ] INFO  UpdateAwardStockJob    - 定时任务，更新奖品消耗库存【延迟队列获取，降低对数据库的更新频次，不要产生竞争】
25-07-07.10:11:25.004 [scheduling-1    ] INFO  UpdateAwardStockJob    - 定时任务，更新奖品消耗库存【延迟队列获取，降低对数据库的更新频次，不要产生竞争】
25-07-07.10:11:30.002 [scheduling-1    ] INFO  UpdateAwardStockJob    - 定时任务，更新奖品消耗库存【延迟队列获取，降低对数据库的更新频次，不要产生竞争】
25-07-07.10:11:35.006 [scheduling-1    ] INFO  UpdateAwardStockJob    - 定时任务，更新奖品消耗库存【延迟队列获取，降低对数据库的更新频次，不要产生竞争】
25-07-07.10:11:40.005 [scheduling-1    ] INFO  UpdateAwardStockJob    - 定时任务，更新奖品消耗库存【延迟队列获取，降低对数据库的更新频次，不要产生竞争】
25-07-07.10:11:45.005 [scheduling-1    ] INFO  UpdateAwardStockJob    - 定时任务，更新奖品消耗库存【延迟队列获取，降低对数据库的更新频次，不要产生竞争】
25-07-07.10:11:50.005 [scheduling-1    ] INFO  UpdateAwardStockJob    - 定时任务，更新奖品消耗库存【延迟队列获取，降低对数据库的更新频次，不要产生竞争】
25-07-07.10:11:55.005 [scheduling-1    ] INFO  UpdateAwardStockJob    - 定时任务，更新奖品消耗库存【延迟队列获取，降低对数据库的更新频次，不要产生竞争】
25-07-07.10:12:00.006 [scheduling-1    ] INFO  UpdateAwardStockJob    - 定时任务，更新奖品消耗库存【延迟队列获取，降低对数据库的更新频次，不要产生竞争】
25-07-07.10:12:05.005 [scheduling-1    ] INFO  UpdateAwardStockJob    - 定时任务，更新奖品消耗库存【延迟队列获取，降低对数据库的更新频次，不要产生竞争】
25-07-07.10:12:10.005 [scheduling-1    ] INFO  UpdateAwardStockJob    - 定时任务，更新奖品消耗库存【延迟队列获取，降低对数据库的更新频次，不要产生竞争】
25-07-07.10:12:15.004 [scheduling-1    ] INFO  UpdateAwardStockJob    - 定时任务，更新奖品消耗库存【延迟队列获取，降低对数据库的更新频次，不要产生竞争】
25-07-07.10:12:20.005 [scheduling-1    ] INFO  UpdateAwardStockJob    - 定时任务，更新奖品消耗库存【延迟队列获取，降低对数据库的更新频次，不要产生竞争】
25-07-07.10:12:25.002 [scheduling-1    ] INFO  UpdateAwardStockJob    - 定时任务，更新奖品消耗库存【延迟队列获取，降低对数据库的更新频次，不要产生竞争】
25-07-07.10:12:30.005 [scheduling-1    ] INFO  UpdateAwardStockJob    - 定时任务，更新奖品消耗库存【延迟队列获取，降低对数据库的更新频次，不要产生竞争】
25-07-07.10:12:35.004 [scheduling-1    ] INFO  UpdateAwardStockJob    - 定时任务，更新奖品消耗库存【延迟队列获取，降低对数据库的更新频次，不要产生竞争】
25-07-07.10:12:40.014 [scheduling-1    ] INFO  UpdateAwardStockJob    - 定时任务，更新奖品消耗库存【延迟队列获取，降低对数据库的更新频次，不要产生竞争】
25-07-07.10:12:45.005 [scheduling-1    ] INFO  UpdateAwardStockJob    - 定时任务，更新奖品消耗库存【延迟队列获取，降低对数据库的更新频次，不要产生竞争】
25-07-07.10:12:50.004 [scheduling-1    ] INFO  UpdateAwardStockJob    - 定时任务，更新奖品消耗库存【延迟队列获取，降低对数据库的更新频次，不要产生竞争】
25-07-07.10:12:55.003 [scheduling-1    ] INFO  UpdateAwardStockJob    - 定时任务，更新奖品消耗库存【延迟队列获取，降低对数据库的更新频次，不要产生竞争】
25-07-07.10:13:00.006 [scheduling-1    ] INFO  UpdateAwardStockJob    - 定时任务，更新奖品消耗库存【延迟队列获取，降低对数据库的更新频次，不要产生竞争】
25-07-07.10:13:05.003 [scheduling-1    ] INFO  UpdateAwardStockJob    - 定时任务，更新奖品消耗库存【延迟队列获取，降低对数据库的更新频次，不要产生竞争】
25-07-07.10:13:10.006 [scheduling-1    ] INFO  UpdateAwardStockJob    - 定时任务，更新奖品消耗库存【延迟队列获取，降低对数据库的更新频次，不要产生竞争】
25-07-07.10:13:15.003 [scheduling-1    ] INFO  UpdateAwardStockJob    - 定时任务，更新奖品消耗库存【延迟队列获取，降低对数据库的更新频次，不要产生竞争】
25-07-07.10:13:20.002 [scheduling-1    ] INFO  UpdateAwardStockJob    - 定时任务，更新奖品消耗库存【延迟队列获取，降低对数据库的更新频次，不要产生竞争】
25-07-07.10:13:25.004 [scheduling-1    ] INFO  UpdateAwardStockJob    - 定时任务，更新奖品消耗库存【延迟队列获取，降低对数据库的更新频次，不要产生竞争】
25-07-07.10:13:30.005 [scheduling-1    ] INFO  UpdateAwardStockJob    - 定时任务，更新奖品消耗库存【延迟队列获取，降低对数据库的更新频次，不要产生竞争】
25-07-07.10:13:35.005 [scheduling-1    ] INFO  UpdateAwardStockJob    - 定时任务，更新奖品消耗库存【延迟队列获取，降低对数据库的更新频次，不要产生竞争】
25-07-07.10:13:40.005 [scheduling-1    ] INFO  UpdateAwardStockJob    - 定时任务，更新奖品消耗库存【延迟队列获取，降低对数据库的更新频次，不要产生竞争】
25-07-07.10:13:45.001 [scheduling-1    ] INFO  UpdateAwardStockJob    - 定时任务，更新奖品消耗库存【延迟队列获取，降低对数据库的更新频次，不要产生竞争】
25-07-07.10:13:50.000 [scheduling-1    ] INFO  UpdateAwardStockJob    - 定时任务，更新奖品消耗库存【延迟队列获取，降低对数据库的更新频次，不要产生竞争】
25-07-07.10:13:55.002 [scheduling-1    ] INFO  UpdateAwardStockJob    - 定时任务，更新奖品消耗库存【延迟队列获取，降低对数据库的更新频次，不要产生竞争】
25-07-07.10:14:00.001 [scheduling-1    ] INFO  UpdateAwardStockJob    - 定时任务，更新奖品消耗库存【延迟队列获取，降低对数据库的更新频次，不要产生竞争】
25-07-07.10:14:05.005 [scheduling-1    ] INFO  UpdateAwardStockJob    - 定时任务，更新奖品消耗库存【延迟队列获取，降低对数据库的更新频次，不要产生竞争】
25-07-07.10:14:10.000 [scheduling-1    ] INFO  UpdateAwardStockJob    - 定时任务，更新奖品消耗库存【延迟队列获取，降低对数据库的更新频次，不要产生竞争】
25-07-07.10:14:15.005 [scheduling-1    ] INFO  UpdateAwardStockJob    - 定时任务，更新奖品消耗库存【延迟队列获取，降低对数据库的更新频次，不要产生竞争】
25-07-07.10:14:20.005 [scheduling-1    ] INFO  UpdateAwardStockJob    - 定时任务，更新奖品消耗库存【延迟队列获取，降低对数据库的更新频次，不要产生竞争】
25-07-07.10:14:25.005 [scheduling-1    ] INFO  UpdateAwardStockJob    - 定时任务，更新奖品消耗库存【延迟队列获取，降低对数据库的更新频次，不要产生竞争】
25-07-07.10:14:30.005 [scheduling-1    ] INFO  UpdateAwardStockJob    - 定时任务，更新奖品消耗库存【延迟队列获取，降低对数据库的更新频次，不要产生竞争】
25-07-07.10:14:35.005 [scheduling-1    ] INFO  UpdateAwardStockJob    - 定时任务，更新奖品消耗库存【延迟队列获取，降低对数据库的更新频次，不要产生竞争】
25-07-07.10:14:40.005 [scheduling-1    ] INFO  UpdateAwardStockJob    - 定时任务，更新奖品消耗库存【延迟队列获取，降低对数据库的更新频次，不要产生竞争】
25-07-07.10:14:45.006 [scheduling-1    ] INFO  UpdateAwardStockJob    - 定时任务，更新奖品消耗库存【延迟队列获取，降低对数据库的更新频次，不要产生竞争】
25-07-07.10:14:50.005 [scheduling-1    ] INFO  UpdateAwardStockJob    - 定时任务，更新奖品消耗库存【延迟队列获取，降低对数据库的更新频次，不要产生竞争】
25-07-07.10:14:55.005 [scheduling-1    ] INFO  UpdateAwardStockJob    - 定时任务，更新奖品消耗库存【延迟队列获取，降低对数据库的更新频次，不要产生竞争】
25-07-07.10:15:00.006 [scheduling-1    ] INFO  UpdateAwardStockJob    - 定时任务，更新奖品消耗库存【延迟队列获取，降低对数据库的更新频次，不要产生竞争】
25-07-07.10:15:05.002 [scheduling-1    ] INFO  UpdateAwardStockJob    - 定时任务，更新奖品消耗库存【延迟队列获取，降低对数据库的更新频次，不要产生竞争】
25-07-07.10:15:06.005 [SpringApplicationShutdownHook] INFO  HikariDataSource       - HikariPool-1 - Shutdown initiated...
25-07-07.10:15:06.008 [SpringApplicationShutdownHook] INFO  HikariDataSource       - HikariPool-1 - Shutdown completed.
25-07-07.10:15:08.137 [main            ] INFO  Application            - Starting Application using Java 1.8.0_452 on xingedeMacBook-Air.local with PID 63849 (/Users/xingeqi/Downloads/untitled1/untitled1-app/target/classes started by xingeqi in /Users/xingeqi/Downloads/untitled1)
25-07-07.10:15:08.137 [main            ] INFO  Application            - The following 1 profile is active: "dev"
25-07-07.10:15:08.446 [main            ] INFO  RepositoryConfigurationDelegate - Multiple Spring Data modules found, entering strict repository configuration mode
25-07-07.10:15:08.446 [main            ] INFO  RepositoryConfigurationDelegate - Bootstrapping Spring Data Redis repositories in DEFAULT mode.
25-07-07.10:15:08.456 [main            ] INFO  RepositoryConfigurationDelegate - Finished Spring Data repository scanning in 6 ms. Found 0 Redis repository interfaces.
25-07-07.10:15:08.635 [main            ] INFO  TomcatWebServer        - Tomcat initialized with port(s): 8091 (http)
25-07-07.10:15:08.638 [main            ] INFO  Http11NioProtocol      - Initializing ProtocolHandler ["http-nio-8091"]
25-07-07.10:15:08.638 [main            ] INFO  StandardService        - Starting service [Tomcat]
25-07-07.10:15:08.638 [main            ] INFO  StandardEngine         - Starting Servlet engine: [Apache Tomcat/9.0.75]
25-07-07.10:15:08.668 [main            ] INFO  [/]                    - Initializing Spring embedded WebApplicationContext
25-07-07.10:15:08.668 [main            ] INFO  ServletWebServerApplicationContext - Root WebApplicationContext: initialization completed in 516 ms
25-07-07.10:15:08.908 [main            ] INFO  Version                - Redisson 3.24.3
25-07-07.10:15:08.915 [main            ] WARN  DnsServerAddressStreamProviders - Can not find io.netty.resolver.dns.macos.MacOSDnsServerAddressStreamProvider in the classpath, fallback to system defaults. This may result in incorrect DNS resolutions on MacOS. Check whether you have a dependency on 'io.netty:netty-resolver-dns-native-macos'
25-07-07.10:15:08.979 [redisson-netty-2-6] INFO  MasterPubSubConnectionPool - 1 connections initialized for 192.168.12.230/192.168.12.230:6399
25-07-07.10:15:09.020 [redisson-netty-2-13] INFO  MasterConnectionPool   - 5 connections initialized for 192.168.12.230/192.168.12.230:6399
25-07-07.10:15:09.338 [main            ] INFO  EndpointLinksResolver  - Exposing 1 endpoint(s) beneath base path '/actuator'
25-07-07.10:15:09.356 [main            ] INFO  Http11NioProtocol      - Starting ProtocolHandler ["http-nio-8091"]
25-07-07.10:15:09.362 [main            ] INFO  TomcatWebServer        - Tomcat started on port(s): 8091 (http) with context path ''
25-07-07.10:15:09.370 [main            ] INFO  Application            - Started Application in 1.401 seconds (JVM running for 1.613)
25-07-07.10:15:09.497 [RMI TCP Connection(2)-127.0.0.1] INFO  [/]                    - Initializing Spring DispatcherServlet 'dispatcherServlet'
25-07-07.10:15:09.497 [RMI TCP Connection(2)-127.0.0.1] INFO  DispatcherServlet      - Initializing Servlet 'dispatcherServlet'
25-07-07.10:15:09.498 [RMI TCP Connection(1)-127.0.0.1] INFO  HikariDataSource       - HikariPool-1 - Starting...
25-07-07.10:15:09.500 [RMI TCP Connection(2)-127.0.0.1] INFO  DispatcherServlet      - Completed initialization in 2 ms
25-07-07.10:15:09.643 [RMI TCP Connection(1)-127.0.0.1] INFO  HikariDataSource       - HikariPool-1 - Start completed.
25-07-07.10:15:10.008 [scheduling-1    ] INFO  UpdateAwardStockJob    - 定时任务，更新奖品消耗库存【延迟队列获取，降低对数据库的更新频次，不要产生竞争】
25-07-07.10:15:15.005 [scheduling-1    ] INFO  UpdateAwardStockJob    - 定时任务，更新奖品消耗库存【延迟队列获取，降低对数据库的更新频次，不要产生竞争】
25-07-07.10:15:20.002 [scheduling-1    ] INFO  UpdateAwardStockJob    - 定时任务，更新奖品消耗库存【延迟队列获取，降低对数据库的更新频次，不要产生竞争】
25-07-07.10:15:25.005 [scheduling-1    ] INFO  UpdateAwardStockJob    - 定时任务，更新奖品消耗库存【延迟队列获取，降低对数据库的更新频次，不要产生竞争】
25-07-07.10:15:30.001 [scheduling-1    ] INFO  UpdateAwardStockJob    - 定时任务，更新奖品消耗库存【延迟队列获取，降低对数据库的更新频次，不要产生竞争】
25-07-07.10:15:35.004 [scheduling-1    ] INFO  UpdateAwardStockJob    - 定时任务，更新奖品消耗库存【延迟队列获取，降低对数据库的更新频次，不要产生竞争】
25-07-07.10:15:40.005 [scheduling-1    ] INFO  UpdateAwardStockJob    - 定时任务，更新奖品消耗库存【延迟队列获取，降低对数据库的更新频次，不要产生竞争】
25-07-07.10:15:45.004 [scheduling-1    ] INFO  UpdateAwardStockJob    - 定时任务，更新奖品消耗库存【延迟队列获取，降低对数据库的更新频次，不要产生竞争】
25-07-07.10:15:50.005 [scheduling-1    ] INFO  UpdateAwardStockJob    - 定时任务，更新奖品消耗库存【延迟队列获取，降低对数据库的更新频次，不要产生竞争】
25-07-07.10:15:55.006 [scheduling-1    ] INFO  UpdateAwardStockJob    - 定时任务，更新奖品消耗库存【延迟队列获取，降低对数据库的更新频次，不要产生竞争】
25-07-07.10:15:55.891 [SpringApplicationShutdownHook] INFO  HikariDataSource       - HikariPool-1 - Shutdown initiated...
25-07-07.10:15:55.893 [SpringApplicationShutdownHook] INFO  HikariDataSource       - HikariPool-1 - Shutdown completed.
25-07-07.10:15:57.897 [main            ] INFO  Application            - Starting Application using Java 1.8.0_452 on xingedeMacBook-Air.local with PID 63920 (/Users/xingeqi/Downloads/untitled1/untitled1-app/target/classes started by xingeqi in /Users/xingeqi/Downloads/untitled1)
25-07-07.10:15:57.898 [main            ] INFO  Application            - The following 1 profile is active: "dev"
25-07-07.10:15:58.211 [main            ] INFO  RepositoryConfigurationDelegate - Multiple Spring Data modules found, entering strict repository configuration mode
25-07-07.10:15:58.211 [main            ] INFO  RepositoryConfigurationDelegate - Bootstrapping Spring Data Redis repositories in DEFAULT mode.
25-07-07.10:15:58.221 [main            ] INFO  RepositoryConfigurationDelegate - Finished Spring Data repository scanning in 6 ms. Found 0 Redis repository interfaces.
25-07-07.10:15:58.401 [main            ] INFO  TomcatWebServer        - Tomcat initialized with port(s): 8091 (http)
25-07-07.10:15:58.404 [main            ] INFO  Http11NioProtocol      - Initializing ProtocolHandler ["http-nio-8091"]
25-07-07.10:15:58.404 [main            ] INFO  StandardService        - Starting service [Tomcat]
25-07-07.10:15:58.404 [main            ] INFO  StandardEngine         - Starting Servlet engine: [Apache Tomcat/9.0.75]
25-07-07.10:15:58.434 [main            ] INFO  [/]                    - Initializing Spring embedded WebApplicationContext
25-07-07.10:15:58.434 [main            ] INFO  ServletWebServerApplicationContext - Root WebApplicationContext: initialization completed in 521 ms
25-07-07.10:15:58.657 [main            ] INFO  Version                - Redisson 3.24.3
25-07-07.10:15:58.664 [main            ] WARN  DnsServerAddressStreamProviders - Can not find io.netty.resolver.dns.macos.MacOSDnsServerAddressStreamProvider in the classpath, fallback to system defaults. This may result in incorrect DNS resolutions on MacOS. Check whether you have a dependency on 'io.netty:netty-resolver-dns-native-macos'
25-07-07.10:15:58.725 [redisson-netty-2-6] INFO  MasterPubSubConnectionPool - 1 connections initialized for 192.168.12.230/192.168.12.230:6399
25-07-07.10:15:58.765 [redisson-netty-2-13] INFO  MasterConnectionPool   - 5 connections initialized for 192.168.12.230/192.168.12.230:6399
25-07-07.10:15:59.071 [main            ] INFO  EndpointLinksResolver  - Exposing 1 endpoint(s) beneath base path '/actuator'
25-07-07.10:15:59.087 [main            ] INFO  Http11NioProtocol      - Starting ProtocolHandler ["http-nio-8091"]
25-07-07.10:15:59.093 [main            ] INFO  TomcatWebServer        - Tomcat started on port(s): 8091 (http) with context path ''
25-07-07.10:15:59.100 [main            ] INFO  Application            - Started Application in 1.379 seconds (JVM running for 1.594)
25-07-07.10:15:59.217 [RMI TCP Connection(3)-127.0.0.1] INFO  HikariDataSource       - HikariPool-1 - Starting...
25-07-07.10:15:59.218 [RMI TCP Connection(2)-127.0.0.1] INFO  [/]                    - Initializing Spring DispatcherServlet 'dispatcherServlet'
25-07-07.10:15:59.218 [RMI TCP Connection(2)-127.0.0.1] INFO  DispatcherServlet      - Initializing Servlet 'dispatcherServlet'
25-07-07.10:15:59.220 [RMI TCP Connection(2)-127.0.0.1] INFO  DispatcherServlet      - Completed initialization in 2 ms
25-07-07.10:15:59.357 [RMI TCP Connection(3)-127.0.0.1] INFO  HikariDataSource       - HikariPool-1 - Start completed.
25-07-07.10:16:00.005 [scheduling-1    ] INFO  UpdateAwardStockJob    - 定时任务，更新奖品消耗库存【延迟队列获取，降低对数据库的更新频次，不要产生竞争】
25-07-07.10:16:05.004 [scheduling-1    ] INFO  UpdateAwardStockJob    - 定时任务，更新奖品消耗库存【延迟队列获取，降低对数据库的更新频次，不要产生竞争】
25-07-07.10:16:10.005 [scheduling-1    ] INFO  UpdateAwardStockJob    - 定时任务，更新奖品消耗库存【延迟队列获取，降低对数据库的更新频次，不要产生竞争】
25-07-07.10:16:15.005 [scheduling-1    ] INFO  UpdateAwardStockJob    - 定时任务，更新奖品消耗库存【延迟队列获取，降低对数据库的更新频次，不要产生竞争】
25-07-07.10:16:17.214 [SpringApplicationShutdownHook] INFO  HikariDataSource       - HikariPool-1 - Shutdown initiated...
25-07-07.10:16:17.217 [SpringApplicationShutdownHook] INFO  HikariDataSource       - HikariPool-1 - Shutdown completed.
25-07-07.10:16:19.220 [main            ] INFO  Application            - Starting Application using Java 1.8.0_452 on xingedeMacBook-Air.local with PID 63950 (/Users/xingeqi/Downloads/untitled1/untitled1-app/target/classes started by xingeqi in /Users/xingeqi/Downloads/untitled1)
25-07-07.10:16:19.221 [main            ] INFO  Application            - The following 1 profile is active: "dev"
25-07-07.10:16:19.527 [main            ] INFO  RepositoryConfigurationDelegate - Multiple Spring Data modules found, entering strict repository configuration mode
25-07-07.10:16:19.528 [main            ] INFO  RepositoryConfigurationDelegate - Bootstrapping Spring Data Redis repositories in DEFAULT mode.
25-07-07.10:16:19.538 [main            ] INFO  RepositoryConfigurationDelegate - Finished Spring Data repository scanning in 5 ms. Found 0 Redis repository interfaces.
25-07-07.10:16:19.722 [main            ] INFO  TomcatWebServer        - Tomcat initialized with port(s): 8091 (http)
25-07-07.10:16:19.724 [main            ] INFO  Http11NioProtocol      - Initializing ProtocolHandler ["http-nio-8091"]
25-07-07.10:16:19.725 [main            ] INFO  StandardService        - Starting service [Tomcat]
25-07-07.10:16:19.725 [main            ] INFO  StandardEngine         - Starting Servlet engine: [Apache Tomcat/9.0.75]
25-07-07.10:16:19.755 [main            ] INFO  [/]                    - Initializing Spring embedded WebApplicationContext
25-07-07.10:16:19.755 [main            ] INFO  ServletWebServerApplicationContext - Root WebApplicationContext: initialization completed in 520 ms
25-07-07.10:16:19.979 [main            ] INFO  Version                - Redisson 3.24.3
25-07-07.10:16:19.987 [main            ] WARN  DnsServerAddressStreamProviders - Can not find io.netty.resolver.dns.macos.MacOSDnsServerAddressStreamProvider in the classpath, fallback to system defaults. This may result in incorrect DNS resolutions on MacOS. Check whether you have a dependency on 'io.netty:netty-resolver-dns-native-macos'
25-07-07.10:16:20.054 [redisson-netty-2-6] INFO  MasterPubSubConnectionPool - 1 connections initialized for 192.168.12.230/192.168.12.230:6399
25-07-07.10:16:20.101 [redisson-netty-2-13] INFO  MasterConnectionPool   - 5 connections initialized for 192.168.12.230/192.168.12.230:6399
25-07-07.10:16:20.407 [main            ] INFO  EndpointLinksResolver  - Exposing 1 endpoint(s) beneath base path '/actuator'
25-07-07.10:16:20.423 [main            ] INFO  Http11NioProtocol      - Starting ProtocolHandler ["http-nio-8091"]
25-07-07.10:16:20.429 [main            ] INFO  TomcatWebServer        - Tomcat started on port(s): 8091 (http) with context path ''
25-07-07.10:16:20.437 [main            ] INFO  Application            - Started Application in 1.383 seconds (JVM running for 1.602)
25-07-07.10:16:20.516 [RMI TCP Connection(2)-127.0.0.1] INFO  HikariDataSource       - HikariPool-1 - Starting...
25-07-07.10:16:20.517 [RMI TCP Connection(3)-127.0.0.1] INFO  [/]                    - Initializing Spring DispatcherServlet 'dispatcherServlet'
25-07-07.10:16:20.517 [RMI TCP Connection(3)-127.0.0.1] INFO  DispatcherServlet      - Initializing Servlet 'dispatcherServlet'
25-07-07.10:16:20.519 [RMI TCP Connection(3)-127.0.0.1] INFO  DispatcherServlet      - Completed initialization in 2 ms
25-07-07.10:16:20.651 [RMI TCP Connection(2)-127.0.0.1] INFO  HikariDataSource       - HikariPool-1 - Start completed.
25-07-07.10:16:25.005 [scheduling-1    ] INFO  UpdateAwardStockJob    - 定时任务，更新奖品消耗库存【延迟队列获取，降低对数据库的更新频次，不要产生竞争】
25-07-07.10:16:30.005 [scheduling-1    ] INFO  UpdateAwardStockJob    - 定时任务，更新奖品消耗库存【延迟队列获取，降低对数据库的更新频次，不要产生竞争】
25-07-07.10:16:35.004 [scheduling-1    ] INFO  UpdateAwardStockJob    - 定时任务，更新奖品消耗库存【延迟队列获取，降低对数据库的更新频次，不要产生竞争】
25-07-07.10:16:40.002 [scheduling-1    ] INFO  UpdateAwardStockJob    - 定时任务，更新奖品消耗库存【延迟队列获取，降低对数据库的更新频次，不要产生竞争】
25-07-07.10:16:45.004 [scheduling-1    ] INFO  UpdateAwardStockJob    - 定时任务，更新奖品消耗库存【延迟队列获取，降低对数据库的更新频次，不要产生竞争】
25-07-07.10:16:50.005 [scheduling-1    ] INFO  UpdateAwardStockJob    - 定时任务，更新奖品消耗库存【延迟队列获取，降低对数据库的更新频次，不要产生竞争】
25-07-07.10:16:55.005 [scheduling-1    ] INFO  UpdateAwardStockJob    - 定时任务，更新奖品消耗库存【延迟队列获取，降低对数据库的更新频次，不要产生竞争】
25-07-07.10:17:00.005 [scheduling-1    ] INFO  UpdateAwardStockJob    - 定时任务，更新奖品消耗库存【延迟队列获取，降低对数据库的更新频次，不要产生竞争】
25-07-07.10:17:05.005 [scheduling-1    ] INFO  UpdateAwardStockJob    - 定时任务，更新奖品消耗库存【延迟队列获取，降低对数据库的更新频次，不要产生竞争】
25-07-07.10:17:10.004 [scheduling-1    ] INFO  UpdateAwardStockJob    - 定时任务，更新奖品消耗库存【延迟队列获取，降低对数据库的更新频次，不要产生竞争】
25-07-07.10:17:15.005 [scheduling-1    ] INFO  UpdateAwardStockJob    - 定时任务，更新奖品消耗库存【延迟队列获取，降低对数据库的更新频次，不要产生竞争】
25-07-07.10:17:20.005 [scheduling-1    ] INFO  UpdateAwardStockJob    - 定时任务，更新奖品消耗库存【延迟队列获取，降低对数据库的更新频次，不要产生竞争】
25-07-07.10:17:25.006 [scheduling-1    ] INFO  UpdateAwardStockJob    - 定时任务，更新奖品消耗库存【延迟队列获取，降低对数据库的更新频次，不要产生竞争】
25-07-07.10:17:30.003 [scheduling-1    ] INFO  UpdateAwardStockJob    - 定时任务，更新奖品消耗库存【延迟队列获取，降低对数据库的更新频次，不要产生竞争】
25-07-07.10:17:35.005 [scheduling-1    ] INFO  UpdateAwardStockJob    - 定时任务，更新奖品消耗库存【延迟队列获取，降低对数据库的更新频次，不要产生竞争】
25-07-07.10:17:40.006 [scheduling-1    ] INFO  UpdateAwardStockJob    - 定时任务，更新奖品消耗库存【延迟队列获取，降低对数据库的更新频次，不要产生竞争】
25-07-07.10:17:45.001 [scheduling-1    ] INFO  UpdateAwardStockJob    - 定时任务，更新奖品消耗库存【延迟队列获取，降低对数据库的更新频次，不要产生竞争】
25-07-07.10:17:48.265 [SpringApplicationShutdownHook] INFO  HikariDataSource       - HikariPool-1 - Shutdown initiated...
25-07-07.10:17:48.268 [SpringApplicationShutdownHook] INFO  HikariDataSource       - HikariPool-1 - Shutdown completed.
25-07-07.10:17:50.273 [main            ] INFO  Application            - Starting Application using Java 1.8.0_452 on xingedeMacBook-Air.local with PID 64077 (/Users/xingeqi/Downloads/untitled1/untitled1-app/target/classes started by xingeqi in /Users/xingeqi/Downloads/untitled1)
25-07-07.10:17:50.274 [main            ] INFO  Application            - The following 1 profile is active: "dev"
25-07-07.10:17:50.582 [main            ] INFO  RepositoryConfigurationDelegate - Multiple Spring Data modules found, entering strict repository configuration mode
25-07-07.10:17:50.583 [main            ] INFO  RepositoryConfigurationDelegate - Bootstrapping Spring Data Redis repositories in DEFAULT mode.
25-07-07.10:17:50.593 [main            ] INFO  RepositoryConfigurationDelegate - Finished Spring Data repository scanning in 5 ms. Found 0 Redis repository interfaces.
25-07-07.10:17:50.771 [main            ] INFO  TomcatWebServer        - Tomcat initialized with port(s): 8091 (http)
25-07-07.10:17:50.774 [main            ] INFO  Http11NioProtocol      - Initializing ProtocolHandler ["http-nio-8091"]
25-07-07.10:17:50.774 [main            ] INFO  StandardService        - Starting service [Tomcat]
25-07-07.10:17:50.774 [main            ] INFO  StandardEngine         - Starting Servlet engine: [Apache Tomcat/9.0.75]
25-07-07.10:17:50.804 [main            ] INFO  [/]                    - Initializing Spring embedded WebApplicationContext
25-07-07.10:17:50.804 [main            ] INFO  ServletWebServerApplicationContext - Root WebApplicationContext: initialization completed in 515 ms
25-07-07.10:17:51.043 [main            ] INFO  Version                - Redisson 3.24.3
25-07-07.10:17:51.051 [main            ] WARN  DnsServerAddressStreamProviders - Can not find io.netty.resolver.dns.macos.MacOSDnsServerAddressStreamProvider in the classpath, fallback to system defaults. This may result in incorrect DNS resolutions on MacOS. Check whether you have a dependency on 'io.netty:netty-resolver-dns-native-macos'
25-07-07.10:17:51.117 [redisson-netty-2-6] INFO  MasterPubSubConnectionPool - 1 connections initialized for 192.168.12.230/192.168.12.230:6399
25-07-07.10:17:51.161 [redisson-netty-2-13] INFO  MasterConnectionPool   - 5 connections initialized for 192.168.12.230/192.168.12.230:6399
25-07-07.10:17:51.479 [main            ] INFO  EndpointLinksResolver  - Exposing 1 endpoint(s) beneath base path '/actuator'
25-07-07.10:17:51.496 [main            ] INFO  Http11NioProtocol      - Starting ProtocolHandler ["http-nio-8091"]
25-07-07.10:17:51.501 [main            ] INFO  TomcatWebServer        - Tomcat started on port(s): 8091 (http) with context path ''
25-07-07.10:17:51.510 [main            ] INFO  Application            - Started Application in 1.416 seconds (JVM running for 1.639)
25-07-07.10:17:51.554 [RMI TCP Connection(1)-127.0.0.1] INFO  [/]                    - Initializing Spring DispatcherServlet 'dispatcherServlet'
25-07-07.10:17:51.554 [RMI TCP Connection(2)-127.0.0.1] INFO  HikariDataSource       - HikariPool-1 - Starting...
25-07-07.10:17:51.554 [RMI TCP Connection(1)-127.0.0.1] INFO  DispatcherServlet      - Initializing Servlet 'dispatcherServlet'
25-07-07.10:17:51.555 [RMI TCP Connection(1)-127.0.0.1] INFO  DispatcherServlet      - Completed initialization in 1 ms
25-07-07.10:17:51.691 [RMI TCP Connection(2)-127.0.0.1] INFO  HikariDataSource       - HikariPool-1 - Start completed.
25-07-07.10:17:55.006 [scheduling-1    ] INFO  UpdateAwardStockJob    - 定时任务，更新奖品消耗库存【延迟队列获取，降低对数据库的更新频次，不要产生竞争】
25-07-07.10:18:00.006 [scheduling-1    ] INFO  UpdateAwardStockJob    - 定时任务，更新奖品消耗库存【延迟队列获取，降低对数据库的更新频次，不要产生竞争】
25-07-07.10:18:05.004 [scheduling-1    ] INFO  UpdateAwardStockJob    - 定时任务，更新奖品消耗库存【延迟队列获取，降低对数据库的更新频次，不要产生竞争】
25-07-07.10:18:10.005 [scheduling-1    ] INFO  UpdateAwardStockJob    - 定时任务，更新奖品消耗库存【延迟队列获取，降低对数据库的更新频次，不要产生竞争】
25-07-07.10:18:15.003 [scheduling-1    ] INFO  UpdateAwardStockJob    - 定时任务，更新奖品消耗库存【延迟队列获取，降低对数据库的更新频次，不要产生竞争】
25-07-07.10:18:20.005 [scheduling-1    ] INFO  UpdateAwardStockJob    - 定时任务，更新奖品消耗库存【延迟队列获取，降低对数据库的更新频次，不要产生竞争】
25-07-07.10:18:22.259 [http-nio-8091-exec-6] INFO  IRaffleController      - 抽奖装配策略开始, strategyId: null
25-07-07.10:18:22.391 [http-nio-8091-exec-6] ERROR IRaffleController      - 抽奖装配策略失败, strategyId: null
25-07-07.10:18:25.001 [scheduling-1    ] INFO  UpdateAwardStockJob    - 定时任务，更新奖品消耗库存【延迟队列获取，降低对数据库的更新频次，不要产生竞争】
25-07-07.10:18:30.001 [scheduling-1    ] INFO  UpdateAwardStockJob    - 定时任务，更新奖品消耗库存【延迟队列获取，降低对数据库的更新频次，不要产生竞争】
25-07-07.10:18:34.643 [http-nio-8091-exec-7] INFO  IRaffleController      - 抽奖装配策略开始, strategyId: null
25-07-07.10:18:34.676 [http-nio-8091-exec-7] ERROR IRaffleController      - 抽奖装配策略失败, strategyId: null
25-07-07.10:18:35.005 [scheduling-1    ] INFO  UpdateAwardStockJob    - 定时任务，更新奖品消耗库存【延迟队列获取，降低对数据库的更新频次，不要产生竞争】
25-07-07.10:18:40.004 [scheduling-1    ] INFO  UpdateAwardStockJob    - 定时任务，更新奖品消耗库存【延迟队列获取，降低对数据库的更新频次，不要产生竞争】
25-07-07.10:18:45.005 [scheduling-1    ] INFO  UpdateAwardStockJob    - 定时任务，更新奖品消耗库存【延迟队列获取，降低对数据库的更新频次，不要产生竞争】
25-07-07.10:18:50.003 [scheduling-1    ] INFO  UpdateAwardStockJob    - 定时任务，更新奖品消耗库存【延迟队列获取，降低对数据库的更新频次，不要产生竞争】
25-07-07.10:18:55.004 [scheduling-1    ] INFO  UpdateAwardStockJob    - 定时任务，更新奖品消耗库存【延迟队列获取，降低对数据库的更新频次，不要产生竞争】
25-07-07.10:19:00.005 [scheduling-1    ] INFO  UpdateAwardStockJob    - 定时任务，更新奖品消耗库存【延迟队列获取，降低对数据库的更新频次，不要产生竞争】
25-07-07.10:19:05.002 [scheduling-1    ] INFO  UpdateAwardStockJob    - 定时任务，更新奖品消耗库存【延迟队列获取，降低对数据库的更新频次，不要产生竞争】
25-07-07.10:19:10.004 [scheduling-1    ] INFO  UpdateAwardStockJob    - 定时任务，更新奖品消耗库存【延迟队列获取，降低对数据库的更新频次，不要产生竞争】
25-07-07.10:19:13.091 [SpringApplicationShutdownHook] INFO  HikariDataSource       - HikariPool-1 - Shutdown initiated...
25-07-07.10:19:13.093 [SpringApplicationShutdownHook] INFO  HikariDataSource       - HikariPool-1 - Shutdown completed.
25-07-07.10:22:28.077 [main            ] INFO  Application            - Starting Application using Java 1.8.0_452 on xingedeMacBook-Air.local with PID 64457 (/Users/xingeqi/Downloads/untitled1/untitled1-app/target/classes started by xingeqi in /Users/xingeqi/Downloads/untitled1)
25-07-07.10:22:28.078 [main            ] INFO  Application            - The following 1 profile is active: "dev"
25-07-07.10:22:28.425 [main            ] INFO  RepositoryConfigurationDelegate - Multiple Spring Data modules found, entering strict repository configuration mode
25-07-07.10:22:28.426 [main            ] INFO  RepositoryConfigurationDelegate - Bootstrapping Spring Data Redis repositories in DEFAULT mode.
25-07-07.10:22:28.436 [main            ] INFO  RepositoryConfigurationDelegate - Finished Spring Data repository scanning in 6 ms. Found 0 Redis repository interfaces.
25-07-07.10:22:28.626 [main            ] INFO  TomcatWebServer        - Tomcat initialized with port(s): 8091 (http)
25-07-07.10:22:28.629 [main            ] INFO  Http11NioProtocol      - Initializing ProtocolHandler ["http-nio-8091"]
25-07-07.10:22:28.629 [main            ] INFO  StandardService        - Starting service [Tomcat]
25-07-07.10:22:28.629 [main            ] INFO  StandardEngine         - Starting Servlet engine: [Apache Tomcat/9.0.75]
25-07-07.10:22:28.662 [main            ] INFO  [/]                    - Initializing Spring embedded WebApplicationContext
25-07-07.10:22:28.662 [main            ] INFO  ServletWebServerApplicationContext - Root WebApplicationContext: initialization completed in 570 ms
25-07-07.10:22:28.888 [main            ] INFO  Version                - Redisson 3.24.3
25-07-07.10:22:28.897 [main            ] WARN  DnsServerAddressStreamProviders - Can not find io.netty.resolver.dns.macos.MacOSDnsServerAddressStreamProvider in the classpath, fallback to system defaults. This may result in incorrect DNS resolutions on MacOS. Check whether you have a dependency on 'io.netty:netty-resolver-dns-native-macos'
25-07-07.10:22:28.963 [redisson-netty-2-6] INFO  MasterPubSubConnectionPool - 1 connections initialized for 192.168.12.230/192.168.12.230:6399
25-07-07.10:22:29.003 [redisson-netty-2-13] INFO  MasterConnectionPool   - 5 connections initialized for 192.168.12.230/192.168.12.230:6399
25-07-07.10:22:29.301 [main            ] INFO  EndpointLinksResolver  - Exposing 1 endpoint(s) beneath base path '/actuator'
25-07-07.10:22:29.317 [main            ] INFO  Http11NioProtocol      - Starting ProtocolHandler ["http-nio-8091"]
25-07-07.10:22:29.323 [main            ] INFO  TomcatWebServer        - Tomcat started on port(s): 8091 (http) with context path ''
25-07-07.10:22:29.331 [main            ] INFO  Application            - Started Application in 1.419 seconds (JVM running for 1.696)
25-07-07.10:22:29.825 [RMI TCP Connection(1)-127.0.0.1] INFO  HikariDataSource       - HikariPool-1 - Starting...
25-07-07.10:22:29.825 [RMI TCP Connection(2)-127.0.0.1] INFO  [/]                    - Initializing Spring DispatcherServlet 'dispatcherServlet'
25-07-07.10:22:29.825 [RMI TCP Connection(2)-127.0.0.1] INFO  DispatcherServlet      - Initializing Servlet 'dispatcherServlet'
25-07-07.10:22:29.826 [RMI TCP Connection(2)-127.0.0.1] INFO  DispatcherServlet      - Completed initialization in 1 ms
25-07-07.10:22:29.960 [RMI TCP Connection(1)-127.0.0.1] INFO  HikariDataSource       - HikariPool-1 - Start completed.
25-07-07.10:22:30.002 [scheduling-1    ] INFO  UpdateAwardStockJob    - 定时任务，更新奖品消耗库存【延迟队列获取，降低对数据库的更新频次，不要产生竞争】
25-07-07.10:22:30.017 [scheduling-1    ] INFO  UpdateAwardStockJob    - 定时任务，更新奖品消耗库存 strategyId:100006 awardId:102
25-07-07.10:22:31.364 [http-nio-8091-exec-2] INFO  IRaffleController      - 抽奖装配策略开始, strategyId: null
25-07-07.10:22:31.398 [http-nio-8091-exec-2] ERROR IRaffleController      - 抽奖装配策略失败, strategyId: null
25-07-07.10:22:35.003 [scheduling-1    ] INFO  UpdateAwardStockJob    - 定时任务，更新奖品消耗库存【延迟队列获取，降低对数据库的更新频次，不要产生竞争】
25-07-07.10:22:38.135 [http-nio-8091-exec-3] INFO  IRaffleController      - 抽奖装配策略开始, strategyId: null
25-07-07.10:22:38.162 [http-nio-8091-exec-3] ERROR IRaffleController      - 抽奖装配策略失败, strategyId: null
25-07-07.10:22:40.002 [scheduling-1    ] INFO  UpdateAwardStockJob    - 定时任务，更新奖品消耗库存【延迟队列获取，降低对数据库的更新频次，不要产生竞争】
25-07-07.10:22:45.005 [scheduling-1    ] INFO  UpdateAwardStockJob    - 定时任务，更新奖品消耗库存【延迟队列获取，降低对数据库的更新频次，不要产生竞争】
25-07-07.10:22:47.045 [http-nio-8091-exec-4] INFO  IRaffleController      - 抽奖装配策略开始, strategyId: null
25-07-07.10:22:47.078 [http-nio-8091-exec-4] ERROR IRaffleController      - 抽奖装配策略失败, strategyId: null
25-07-07.10:22:50.005 [scheduling-1    ] INFO  UpdateAwardStockJob    - 定时任务，更新奖品消耗库存【延迟队列获取，降低对数据库的更新频次，不要产生竞争】
25-07-07.10:22:55.005 [scheduling-1    ] INFO  UpdateAwardStockJob    - 定时任务，更新奖品消耗库存【延迟队列获取，降低对数据库的更新频次，不要产生竞争】
25-07-07.10:23:00.003 [scheduling-1    ] INFO  UpdateAwardStockJob    - 定时任务，更新奖品消耗库存【延迟队列获取，降低对数据库的更新频次，不要产生竞争】
25-07-07.10:23:05.005 [scheduling-1    ] INFO  UpdateAwardStockJob    - 定时任务，更新奖品消耗库存【延迟队列获取，降低对数据库的更新频次，不要产生竞争】
25-07-07.10:23:10.006 [scheduling-1    ] INFO  UpdateAwardStockJob    - 定时任务，更新奖品消耗库存【延迟队列获取，降低对数据库的更新频次，不要产生竞争】
25-07-07.10:23:15.005 [scheduling-1    ] INFO  UpdateAwardStockJob    - 定时任务，更新奖品消耗库存【延迟队列获取，降低对数据库的更新频次，不要产生竞争】
25-07-07.10:23:20.006 [scheduling-1    ] INFO  UpdateAwardStockJob    - 定时任务，更新奖品消耗库存【延迟队列获取，降低对数据库的更新频次，不要产生竞争】
25-07-07.10:23:25.004 [scheduling-1    ] INFO  UpdateAwardStockJob    - 定时任务，更新奖品消耗库存【延迟队列获取，降低对数据库的更新频次，不要产生竞争】
25-07-07.10:23:30.005 [scheduling-1    ] INFO  UpdateAwardStockJob    - 定时任务，更新奖品消耗库存【延迟队列获取，降低对数据库的更新频次，不要产生竞争】
25-07-07.10:23:35.001 [scheduling-1    ] INFO  UpdateAwardStockJob    - 定时任务，更新奖品消耗库存【延迟队列获取，降低对数据库的更新频次，不要产生竞争】
25-07-07.10:23:40.001 [scheduling-1    ] INFO  UpdateAwardStockJob    - 定时任务，更新奖品消耗库存【延迟队列获取，降低对数据库的更新频次，不要产生竞争】
25-07-07.10:23:45.002 [scheduling-1    ] INFO  UpdateAwardStockJob    - 定时任务，更新奖品消耗库存【延迟队列获取，降低对数据库的更新频次，不要产生竞争】
25-07-07.10:23:50.001 [scheduling-1    ] INFO  UpdateAwardStockJob    - 定时任务，更新奖品消耗库存【延迟队列获取，降低对数据库的更新频次，不要产生竞争】
25-07-07.10:23:55.003 [scheduling-1    ] INFO  UpdateAwardStockJob    - 定时任务，更新奖品消耗库存【延迟队列获取，降低对数据库的更新频次，不要产生竞争】
25-07-07.10:23:55.044 [http-nio-8091-exec-7] WARN  DefaultHandlerExceptionResolver - Resolved [org.springframework.web.method.annotation.MethodArgumentTypeMismatchException: Failed to convert value of type 'java.lang.String' to required type 'java.lang.Long'; nested exception is java.lang.NumberFormatException: For input string: "100006L"]
25-07-07.10:24:00.003 [scheduling-1    ] INFO  UpdateAwardStockJob    - 定时任务，更新奖品消耗库存【延迟队列获取，降低对数据库的更新频次，不要产生竞争】
25-07-07.10:24:05.005 [scheduling-1    ] INFO  UpdateAwardStockJob    - 定时任务，更新奖品消耗库存【延迟队列获取，降低对数据库的更新频次，不要产生竞争】
25-07-07.10:24:10.004 [scheduling-1    ] INFO  UpdateAwardStockJob    - 定时任务，更新奖品消耗库存【延迟队列获取，降低对数据库的更新频次，不要产生竞争】
25-07-07.10:24:12.901 [http-nio-8091-exec-9] INFO  IRaffleController      - 抽奖装配策略开始, strategyId: null
25-07-07.10:24:12.927 [http-nio-8091-exec-9] ERROR IRaffleController      - 抽奖装配策略失败, strategyId: null
25-07-07.10:24:15.002 [scheduling-1    ] INFO  UpdateAwardStockJob    - 定时任务，更新奖品消耗库存【延迟队列获取，降低对数据库的更新频次，不要产生竞争】
25-07-07.10:24:16.582 [http-nio-8091-exec-10] INFO  IRaffleController      - 抽奖装配策略开始, strategyId: null
25-07-07.10:24:16.609 [http-nio-8091-exec-10] ERROR IRaffleController      - 抽奖装配策略失败, strategyId: null
25-07-07.10:24:19.241 [http-nio-8091-exec-11] INFO  IRaffleController      - 抽奖装配策略开始, strategyId: null
25-07-07.10:24:19.268 [http-nio-8091-exec-11] ERROR IRaffleController      - 抽奖装配策略失败, strategyId: null
25-07-07.10:24:20.005 [scheduling-1    ] INFO  UpdateAwardStockJob    - 定时任务，更新奖品消耗库存【延迟队列获取，降低对数据库的更新频次，不要产生竞争】
25-07-07.10:24:20.140 [http-nio-8091-exec-12] INFO  IRaffleController      - 抽奖装配策略开始, strategyId: null
25-07-07.10:24:20.167 [http-nio-8091-exec-12] ERROR IRaffleController      - 抽奖装配策略失败, strategyId: null
25-07-07.10:24:25.001 [scheduling-1    ] INFO  UpdateAwardStockJob    - 定时任务，更新奖品消耗库存【延迟队列获取，降低对数据库的更新频次，不要产生竞争】
25-07-07.10:24:30.002 [scheduling-1    ] INFO  UpdateAwardStockJob    - 定时任务，更新奖品消耗库存【延迟队列获取，降低对数据库的更新频次，不要产生竞争】
25-07-07.10:24:35.005 [scheduling-1    ] INFO  UpdateAwardStockJob    - 定时任务，更新奖品消耗库存【延迟队列获取，降低对数据库的更新频次，不要产生竞争】
25-07-07.10:24:40.005 [scheduling-1    ] INFO  UpdateAwardStockJob    - 定时任务，更新奖品消耗库存【延迟队列获取，降低对数据库的更新频次，不要产生竞争】
25-07-07.10:24:45.003 [scheduling-1    ] INFO  UpdateAwardStockJob    - 定时任务，更新奖品消耗库存【延迟队列获取，降低对数据库的更新频次，不要产生竞争】
25-07-07.10:24:50.005 [scheduling-1    ] INFO  UpdateAwardStockJob    - 定时任务，更新奖品消耗库存【延迟队列获取，降低对数据库的更新频次，不要产生竞争】
25-07-07.10:24:55.005 [scheduling-1    ] INFO  UpdateAwardStockJob    - 定时任务，更新奖品消耗库存【延迟队列获取，降低对数据库的更新频次，不要产生竞争】
25-07-07.10:25:00.005 [scheduling-1    ] INFO  UpdateAwardStockJob    - 定时任务，更新奖品消耗库存【延迟队列获取，降低对数据库的更新频次，不要产生竞争】
25-07-07.10:25:05.000 [scheduling-1    ] INFO  UpdateAwardStockJob    - 定时任务，更新奖品消耗库存【延迟队列获取，降低对数据库的更新频次，不要产生竞争】
25-07-07.10:25:10.006 [scheduling-1    ] INFO  UpdateAwardStockJob    - 定时任务，更新奖品消耗库存【延迟队列获取，降低对数据库的更新频次，不要产生竞争】
25-07-07.10:25:15.002 [scheduling-1    ] INFO  UpdateAwardStockJob    - 定时任务，更新奖品消耗库存【延迟队列获取，降低对数据库的更新频次，不要产生竞争】
25-07-07.10:25:20.002 [scheduling-1    ] INFO  UpdateAwardStockJob    - 定时任务，更新奖品消耗库存【延迟队列获取，降低对数据库的更新频次，不要产生竞争】
25-07-07.10:25:25.004 [scheduling-1    ] INFO  UpdateAwardStockJob    - 定时任务，更新奖品消耗库存【延迟队列获取，降低对数据库的更新频次，不要产生竞争】
25-07-07.10:25:30.000 [scheduling-1    ] INFO  UpdateAwardStockJob    - 定时任务，更新奖品消耗库存【延迟队列获取，降低对数据库的更新频次，不要产生竞争】
25-07-07.10:25:34.121 [http-nio-8091-exec-15] INFO  IRaffleController      - 抽奖装配策略开始, strategyId: null
25-07-07.10:25:34.160 [http-nio-8091-exec-15] ERROR IRaffleController      - 抽奖装配策略失败, strategyId: null
25-07-07.10:25:35.005 [scheduling-1    ] INFO  UpdateAwardStockJob    - 定时任务，更新奖品消耗库存【延迟队列获取，降低对数据库的更新频次，不要产生竞争】
25-07-07.10:25:40.005 [scheduling-1    ] INFO  UpdateAwardStockJob    - 定时任务，更新奖品消耗库存【延迟队列获取，降低对数据库的更新频次，不要产生竞争】
25-07-07.10:25:45.004 [scheduling-1    ] INFO  UpdateAwardStockJob    - 定时任务，更新奖品消耗库存【延迟队列获取，降低对数据库的更新频次，不要产生竞争】
25-07-07.10:25:50.002 [scheduling-1    ] INFO  UpdateAwardStockJob    - 定时任务，更新奖品消耗库存【延迟队列获取，降低对数据库的更新频次，不要产生竞争】
25-07-07.10:25:55.001 [scheduling-1    ] INFO  UpdateAwardStockJob    - 定时任务，更新奖品消耗库存【延迟队列获取，降低对数据库的更新频次，不要产生竞争】
25-07-07.10:26:00.002 [scheduling-1    ] INFO  UpdateAwardStockJob    - 定时任务，更新奖品消耗库存【延迟队列获取，降低对数据库的更新频次，不要产生竞争】
25-07-07.10:26:01.045 [http-nio-8091-exec-16] INFO  IRaffleController      - 抽奖装配策略开始, strategyId: null
25-07-07.10:26:01.072 [http-nio-8091-exec-16] ERROR IRaffleController      - 抽奖装配策略失败, strategyId: null
25-07-07.10:26:05.001 [scheduling-1    ] INFO  UpdateAwardStockJob    - 定时任务，更新奖品消耗库存【延迟队列获取，降低对数据库的更新频次，不要产生竞争】
25-07-07.10:26:08.717 [http-nio-8091-exec-17] INFO  IRaffleController      - 抽奖装配策略开始, strategyId: null
25-07-07.10:26:08.743 [http-nio-8091-exec-17] ERROR IRaffleController      - 抽奖装配策略失败, strategyId: null
25-07-07.10:26:09.452 [http-nio-8091-exec-18] INFO  IRaffleController      - 抽奖装配策略开始, strategyId: null
25-07-07.10:26:09.481 [http-nio-8091-exec-18] ERROR IRaffleController      - 抽奖装配策略失败, strategyId: null
25-07-07.10:26:10.006 [scheduling-1    ] INFO  UpdateAwardStockJob    - 定时任务，更新奖品消耗库存【延迟队列获取，降低对数据库的更新频次，不要产生竞争】
25-07-07.10:26:15.004 [scheduling-1    ] INFO  UpdateAwardStockJob    - 定时任务，更新奖品消耗库存【延迟队列获取，降低对数据库的更新频次，不要产生竞争】
25-07-07.10:26:19.571 [http-nio-8091-exec-19] WARN  DefaultHandlerExceptionResolver - Resolved [org.springframework.web.method.annotation.MethodArgumentTypeMismatchException: Failed to convert value of type 'java.lang.String' to required type 'java.lang.Long'; nested exception is java.lang.NumberFormatException: For input string: "100006L"]
25-07-07.10:26:20.004 [scheduling-1    ] INFO  UpdateAwardStockJob    - 定时任务，更新奖品消耗库存【延迟队列获取，降低对数据库的更新频次，不要产生竞争】
25-07-07.10:26:23.873 [http-nio-8091-exec-21] INFO  IRaffleController      - 抽奖装配策略开始, strategyId: null
25-07-07.10:26:23.902 [http-nio-8091-exec-21] ERROR IRaffleController      - 抽奖装配策略失败, strategyId: null
25-07-07.10:26:25.004 [scheduling-1    ] INFO  UpdateAwardStockJob    - 定时任务，更新奖品消耗库存【延迟队列获取，降低对数据库的更新频次，不要产生竞争】
25-07-07.10:26:30.002 [scheduling-1    ] INFO  UpdateAwardStockJob    - 定时任务，更新奖品消耗库存【延迟队列获取，降低对数据库的更新频次，不要产生竞争】
25-07-07.10:26:35.002 [scheduling-1    ] INFO  UpdateAwardStockJob    - 定时任务，更新奖品消耗库存【延迟队列获取，降低对数据库的更新频次，不要产生竞争】
25-07-07.10:26:40.002 [scheduling-1    ] INFO  UpdateAwardStockJob    - 定时任务，更新奖品消耗库存【延迟队列获取，降低对数据库的更新频次，不要产生竞争】
25-07-07.10:26:45.001 [scheduling-1    ] INFO  UpdateAwardStockJob    - 定时任务，更新奖品消耗库存【延迟队列获取，降低对数据库的更新频次，不要产生竞争】
25-07-07.10:26:50.004 [scheduling-1    ] INFO  UpdateAwardStockJob    - 定时任务，更新奖品消耗库存【延迟队列获取，降低对数据库的更新频次，不要产生竞争】
25-07-07.10:26:55.004 [scheduling-1    ] INFO  UpdateAwardStockJob    - 定时任务，更新奖品消耗库存【延迟队列获取，降低对数据库的更新频次，不要产生竞争】
25-07-07.10:27:00.003 [scheduling-1    ] INFO  UpdateAwardStockJob    - 定时任务，更新奖品消耗库存【延迟队列获取，降低对数据库的更新频次，不要产生竞争】
25-07-07.10:27:05.006 [scheduling-1    ] INFO  UpdateAwardStockJob    - 定时任务，更新奖品消耗库存【延迟队列获取，降低对数据库的更新频次，不要产生竞争】
25-07-07.10:27:07.521 [SpringApplicationShutdownHook] INFO  HikariDataSource       - HikariPool-1 - Shutdown initiated...
25-07-07.10:27:07.524 [SpringApplicationShutdownHook] INFO  HikariDataSource       - HikariPool-1 - Shutdown completed.
25-07-07.10:27:09.620 [main            ] INFO  Application            - Starting Application using Java 1.8.0_452 on xingedeMacBook-Air.local with PID 64833 (/Users/xingeqi/Downloads/untitled1/untitled1-app/target/classes started by xingeqi in /Users/xingeqi/Downloads/untitled1)
25-07-07.10:27:09.621 [main            ] INFO  Application            - The following 1 profile is active: "dev"
25-07-07.10:27:09.951 [main            ] INFO  RepositoryConfigurationDelegate - Multiple Spring Data modules found, entering strict repository configuration mode
25-07-07.10:27:09.952 [main            ] INFO  RepositoryConfigurationDelegate - Bootstrapping Spring Data Redis repositories in DEFAULT mode.
25-07-07.10:27:09.962 [main            ] INFO  RepositoryConfigurationDelegate - Finished Spring Data repository scanning in 6 ms. Found 0 Redis repository interfaces.
25-07-07.10:27:10.154 [main            ] INFO  TomcatWebServer        - Tomcat initialized with port(s): 8091 (http)
25-07-07.10:27:10.156 [main            ] INFO  Http11NioProtocol      - Initializing ProtocolHandler ["http-nio-8091"]
25-07-07.10:27:10.157 [main            ] INFO  StandardService        - Starting service [Tomcat]
25-07-07.10:27:10.157 [main            ] INFO  StandardEngine         - Starting Servlet engine: [Apache Tomcat/9.0.75]
25-07-07.10:27:10.187 [main            ] INFO  [/]                    - Initializing Spring embedded WebApplicationContext
25-07-07.10:27:10.187 [main            ] INFO  ServletWebServerApplicationContext - Root WebApplicationContext: initialization completed in 549 ms
25-07-07.10:27:10.414 [main            ] INFO  Version                - Redisson 3.24.3
25-07-07.10:27:10.423 [main            ] WARN  DnsServerAddressStreamProviders - Can not find io.netty.resolver.dns.macos.MacOSDnsServerAddressStreamProvider in the classpath, fallback to system defaults. This may result in incorrect DNS resolutions on MacOS. Check whether you have a dependency on 'io.netty:netty-resolver-dns-native-macos'
25-07-07.10:27:10.485 [redisson-netty-2-6] INFO  MasterPubSubConnectionPool - 1 connections initialized for 192.168.12.230/192.168.12.230:6399
25-07-07.10:27:10.605 [redisson-netty-2-13] INFO  MasterConnectionPool   - 5 connections initialized for 192.168.12.230/192.168.12.230:6399
25-07-07.10:27:10.948 [main            ] INFO  EndpointLinksResolver  - Exposing 1 endpoint(s) beneath base path '/actuator'
25-07-07.10:27:10.965 [main            ] INFO  Http11NioProtocol      - Starting ProtocolHandler ["http-nio-8091"]
25-07-07.10:27:10.971 [main            ] INFO  TomcatWebServer        - Tomcat started on port(s): 8091 (http) with context path ''
25-07-07.10:27:10.979 [main            ] INFO  Application            - Started Application in 1.534 seconds (JVM running for 1.777)
25-07-07.10:27:11.467 [RMI TCP Connection(2)-192.168.12.160] INFO  [/]                    - Initializing Spring DispatcherServlet 'dispatcherServlet'
25-07-07.10:27:11.467 [RMI TCP Connection(2)-192.168.12.160] INFO  DispatcherServlet      - Initializing Servlet 'dispatcherServlet'
25-07-07.10:27:11.467 [RMI TCP Connection(1)-192.168.12.160] INFO  HikariDataSource       - HikariPool-1 - Starting...
25-07-07.10:27:11.470 [RMI TCP Connection(2)-192.168.12.160] INFO  DispatcherServlet      - Completed initialization in 3 ms
25-07-07.10:27:11.607 [RMI TCP Connection(1)-192.168.12.160] INFO  HikariDataSource       - HikariPool-1 - Start completed.
25-07-07.10:27:15.002 [scheduling-1    ] INFO  UpdateAwardStockJob    - 定时任务，更新奖品消耗库存【延迟队列获取，降低对数据库的更新频次，不要产生竞争】
25-07-07.10:27:20.006 [scheduling-1    ] INFO  UpdateAwardStockJob    - 定时任务，更新奖品消耗库存【延迟队列获取，降低对数据库的更新频次，不要产生竞争】
25-07-07.10:27:22.865 [SpringApplicationShutdownHook] INFO  HikariDataSource       - HikariPool-1 - Shutdown initiated...
25-07-07.10:27:22.868 [SpringApplicationShutdownHook] INFO  HikariDataSource       - HikariPool-1 - Shutdown completed.
25-07-07.10:27:24.866 [main            ] INFO  Application            - Starting Application using Java 1.8.0_452 on xingedeMacBook-Air.local with PID 64863 (/Users/xingeqi/Downloads/untitled1/untitled1-app/target/classes started by xingeqi in /Users/xingeqi/Downloads/untitled1)
25-07-07.10:27:24.867 [main            ] INFO  Application            - The following 1 profile is active: "dev"
25-07-07.10:27:25.160 [main            ] INFO  RepositoryConfigurationDelegate - Multiple Spring Data modules found, entering strict repository configuration mode
25-07-07.10:27:25.161 [main            ] INFO  RepositoryConfigurationDelegate - Bootstrapping Spring Data Redis repositories in DEFAULT mode.
25-07-07.10:27:25.173 [main            ] INFO  RepositoryConfigurationDelegate - Finished Spring Data repository scanning in 8 ms. Found 0 Redis repository interfaces.
25-07-07.10:27:25.345 [main            ] INFO  TomcatWebServer        - Tomcat initialized with port(s): 8091 (http)
25-07-07.10:27:25.348 [main            ] INFO  Http11NioProtocol      - Initializing ProtocolHandler ["http-nio-8091"]
25-07-07.10:27:25.348 [main            ] INFO  StandardService        - Starting service [Tomcat]
25-07-07.10:27:25.348 [main            ] INFO  StandardEngine         - Starting Servlet engine: [Apache Tomcat/9.0.75]
25-07-07.10:27:25.377 [main            ] INFO  [/]                    - Initializing Spring embedded WebApplicationContext
25-07-07.10:27:25.377 [main            ] INFO  ServletWebServerApplicationContext - Root WebApplicationContext: initialization completed in 495 ms
25-07-07.10:27:25.605 [main            ] INFO  Version                - Redisson 3.24.3
25-07-07.10:27:25.612 [main            ] WARN  DnsServerAddressStreamProviders - Can not find io.netty.resolver.dns.macos.MacOSDnsServerAddressStreamProvider in the classpath, fallback to system defaults. This may result in incorrect DNS resolutions on MacOS. Check whether you have a dependency on 'io.netty:netty-resolver-dns-native-macos'
25-07-07.10:27:25.676 [redisson-netty-2-6] INFO  MasterPubSubConnectionPool - 1 connections initialized for 192.168.12.230/192.168.12.230:6399
25-07-07.10:27:25.717 [redisson-netty-2-13] INFO  MasterConnectionPool   - 5 connections initialized for 192.168.12.230/192.168.12.230:6399
25-07-07.10:27:26.019 [main            ] INFO  EndpointLinksResolver  - Exposing 1 endpoint(s) beneath base path '/actuator'
25-07-07.10:27:26.035 [main            ] INFO  Http11NioProtocol      - Starting ProtocolHandler ["http-nio-8091"]
25-07-07.10:27:26.040 [main            ] INFO  TomcatWebServer        - Tomcat started on port(s): 8091 (http) with context path ''
25-07-07.10:27:26.048 [main            ] INFO  Application            - Started Application in 1.353 seconds (JVM running for 1.566)
25-07-07.10:27:26.187 [RMI TCP Connection(3)-192.168.12.160] INFO  [/]                    - Initializing Spring DispatcherServlet 'dispatcherServlet'
25-07-07.10:27:26.187 [RMI TCP Connection(3)-192.168.12.160] INFO  DispatcherServlet      - Initializing Servlet 'dispatcherServlet'
25-07-07.10:27:26.188 [RMI TCP Connection(1)-192.168.12.160] INFO  HikariDataSource       - HikariPool-1 - Starting...
25-07-07.10:27:26.188 [RMI TCP Connection(3)-192.168.12.160] INFO  DispatcherServlet      - Completed initialization in 1 ms
25-07-07.10:27:26.332 [RMI TCP Connection(1)-192.168.12.160] INFO  HikariDataSource       - HikariPool-1 - Start completed.
25-07-07.10:27:30.005 [scheduling-1    ] INFO  UpdateAwardStockJob    - 定时任务，更新奖品消耗库存【延迟队列获取，降低对数据库的更新频次，不要产生竞争】
25-07-07.10:27:35.003 [scheduling-1    ] INFO  UpdateAwardStockJob    - 定时任务，更新奖品消耗库存【延迟队列获取，降低对数据库的更新频次，不要产生竞争】
25-07-07.10:27:38.728 [http-nio-8091-exec-2] WARN  DefaultHandlerExceptionResolver - Resolved [org.springframework.web.bind.MissingServletRequestParameterException: Required request parameter 'strategyId' for method parameter type Long is not present]
25-07-07.10:27:40.006 [scheduling-1    ] INFO  UpdateAwardStockJob    - 定时任务，更新奖品消耗库存【延迟队列获取，降低对数据库的更新频次，不要产生竞争】
25-07-07.10:27:43.735 [http-nio-8091-exec-4] WARN  DefaultHandlerExceptionResolver - Resolved [org.springframework.web.method.annotation.MethodArgumentTypeMismatchException: Failed to convert value of type 'java.lang.String' to required type 'java.lang.Long'; nested exception is java.lang.NumberFormatException: For input string: "100006L"]
25-07-07.10:27:45.001 [scheduling-1    ] INFO  UpdateAwardStockJob    - 定时任务，更新奖品消耗库存【延迟队列获取，降低对数据库的更新频次，不要产生竞争】
25-07-07.10:27:47.027 [http-nio-8091-exec-6] WARN  DefaultHandlerExceptionResolver - Resolved [org.springframework.web.method.annotation.MethodArgumentTypeMismatchException: Failed to convert value of type 'java.lang.String' to required type 'java.lang.Long'; nested exception is java.lang.NumberFormatException: For input string: "100006L"]
25-07-07.10:27:47.975 [http-nio-8091-exec-7] WARN  DefaultHandlerExceptionResolver - Resolved [org.springframework.web.method.annotation.MethodArgumentTypeMismatchException: Failed to convert value of type 'java.lang.String' to required type 'java.lang.Long'; nested exception is java.lang.NumberFormatException: For input string: "100006L"]
25-07-07.10:27:50.004 [scheduling-1    ] INFO  UpdateAwardStockJob    - 定时任务，更新奖品消耗库存【延迟队列获取，降低对数据库的更新频次，不要产生竞争】
25-07-07.10:27:55.004 [scheduling-1    ] INFO  UpdateAwardStockJob    - 定时任务，更新奖品消耗库存【延迟队列获取，降低对数据库的更新频次，不要产生竞争】
25-07-07.10:28:00.005 [scheduling-1    ] INFO  UpdateAwardStockJob    - 定时任务，更新奖品消耗库存【延迟队列获取，降低对数据库的更新频次，不要产生竞争】
25-07-07.10:28:05.004 [scheduling-1    ] INFO  UpdateAwardStockJob    - 定时任务，更新奖品消耗库存【延迟队列获取，降低对数据库的更新频次，不要产生竞争】
25-07-07.10:28:10.004 [scheduling-1    ] INFO  UpdateAwardStockJob    - 定时任务，更新奖品消耗库存【延迟队列获取，降低对数据库的更新频次，不要产生竞争】
25-07-07.10:28:15.000 [scheduling-1    ] INFO  UpdateAwardStockJob    - 定时任务，更新奖品消耗库存【延迟队列获取，降低对数据库的更新频次，不要产生竞争】
25-07-07.10:28:20.004 [scheduling-1    ] INFO  UpdateAwardStockJob    - 定时任务，更新奖品消耗库存【延迟队列获取，降低对数据库的更新频次，不要产生竞争】
25-07-07.10:28:25.004 [scheduling-1    ] INFO  UpdateAwardStockJob    - 定时任务，更新奖品消耗库存【延迟队列获取，降低对数据库的更新频次，不要产生竞争】
25-07-07.10:28:27.777 [http-nio-8091-exec-10] WARN  DefaultHandlerExceptionResolver - Resolved [org.springframework.web.method.annotation.MethodArgumentTypeMismatchException: Failed to convert value of type 'java.lang.String' to required type 'java.lang.Long'; nested exception is java.lang.NumberFormatException: For input string: "100006L"]
25-07-07.10:28:30.003 [scheduling-1    ] INFO  UpdateAwardStockJob    - 定时任务，更新奖品消耗库存【延迟队列获取，降低对数据库的更新频次，不要产生竞争】
25-07-07.10:28:33.026 [http-nio-8091-exec-12] WARN  DefaultHandlerExceptionResolver - Resolved [org.springframework.web.method.annotation.MethodArgumentTypeMismatchException: Failed to convert value of type 'java.lang.String' to required type 'java.lang.Long'; nested exception is java.lang.NumberFormatException: For input string: "100006L"]
25-07-07.10:28:35.005 [scheduling-1    ] INFO  UpdateAwardStockJob    - 定时任务，更新奖品消耗库存【延迟队列获取，降低对数据库的更新频次，不要产生竞争】
25-07-07.10:28:37.716 [http-nio-8091-exec-14] WARN  DefaultHandlerExceptionResolver - Resolved [org.springframework.web.method.annotation.MethodArgumentTypeMismatchException: Failed to convert value of type 'java.lang.String' to required type 'java.lang.Long'; nested exception is java.lang.NumberFormatException: For input string: "100006L"]
25-07-07.10:28:40.002 [scheduling-1    ] INFO  UpdateAwardStockJob    - 定时任务，更新奖品消耗库存【延迟队列获取，降低对数据库的更新频次，不要产生竞争】
25-07-07.10:28:40.709 [http-nio-8091-exec-16] WARN  DefaultHandlerExceptionResolver - Resolved [org.springframework.web.method.annotation.MethodArgumentTypeMismatchException: Failed to convert value of type 'java.lang.String' to required type 'java.lang.Long'; nested exception is java.lang.NumberFormatException: For input string: "100006L"]
25-07-07.10:28:45.006 [scheduling-1    ] INFO  UpdateAwardStockJob    - 定时任务，更新奖品消耗库存【延迟队列获取，降低对数据库的更新频次，不要产生竞争】
25-07-07.10:28:49.889 [http-nio-8091-exec-19] WARN  DefaultHandlerExceptionResolver - Resolved [org.springframework.web.method.annotation.MethodArgumentTypeMismatchException: Failed to convert value of type 'java.lang.String' to required type 'java.lang.Long'; nested exception is java.lang.NumberFormatException: For input string: "100006L"]
25-07-07.10:28:50.001 [scheduling-1    ] INFO  UpdateAwardStockJob    - 定时任务，更新奖品消耗库存【延迟队列获取，降低对数据库的更新频次，不要产生竞争】
25-07-07.10:28:51.439 [http-nio-8091-exec-21] WARN  DefaultHandlerExceptionResolver - Resolved [org.springframework.web.method.annotation.MethodArgumentTypeMismatchException: Failed to convert value of type 'java.lang.String' to required type 'java.lang.Long'; nested exception is java.lang.NumberFormatException: For input string: "100006L"]
25-07-07.10:28:52.096 [http-nio-8091-exec-22] WARN  DefaultHandlerExceptionResolver - Resolved [org.springframework.web.method.annotation.MethodArgumentTypeMismatchException: Failed to convert value of type 'java.lang.String' to required type 'java.lang.Long'; nested exception is java.lang.NumberFormatException: For input string: "100006L"]
25-07-07.10:28:55.002 [scheduling-1    ] INFO  UpdateAwardStockJob    - 定时任务，更新奖品消耗库存【延迟队列获取，降低对数据库的更新频次，不要产生竞争】
25-07-07.10:29:00.004 [scheduling-1    ] INFO  UpdateAwardStockJob    - 定时任务，更新奖品消耗库存【延迟队列获取，降低对数据库的更新频次，不要产生竞争】
25-07-07.10:29:01.863 [http-nio-8091-exec-25] INFO  RaffleController       - 抽奖装配策略开始, strategyId: 100006
25-07-07.10:29:02.027 [http-nio-8091-exec-25] INFO  RaffleController       - 抽奖装配策略成功, strategyId: 100006
25-07-07.10:29:05.005 [scheduling-1    ] INFO  UpdateAwardStockJob    - 定时任务，更新奖品消耗库存【延迟队列获取，降低对数据库的更新频次，不要产生竞争】
25-07-07.10:29:10.004 [scheduling-1    ] INFO  UpdateAwardStockJob    - 定时任务，更新奖品消耗库存【延迟队列获取，降低对数据库的更新频次，不要产生竞争】
25-07-07.10:29:15.005 [scheduling-1    ] INFO  UpdateAwardStockJob    - 定时任务，更新奖品消耗库存【延迟队列获取，降低对数据库的更新频次，不要产生竞争】
25-07-07.10:29:20.005 [scheduling-1    ] INFO  UpdateAwardStockJob    - 定时任务，更新奖品消耗库存【延迟队列获取，降低对数据库的更新频次，不要产生竞争】
25-07-07.10:29:22.772 [http-nio-8091-exec-26] INFO  RaffleController       - 抽奖装配策略开始, strategyId: 100006
25-07-07.10:29:22.878 [http-nio-8091-exec-26] INFO  RaffleController       - 抽奖装配策略成功, strategyId: 100006
25-07-07.10:29:25.003 [scheduling-1    ] INFO  UpdateAwardStockJob    - 定时任务，更新奖品消耗库存【延迟队列获取，降低对数据库的更新频次，不要产生竞争】
25-07-07.10:29:30.001 [scheduling-1    ] INFO  UpdateAwardStockJob    - 定时任务，更新奖品消耗库存【延迟队列获取，降低对数据库的更新频次，不要产生竞争】
25-07-07.10:29:35.004 [scheduling-1    ] INFO  UpdateAwardStockJob    - 定时任务，更新奖品消耗库存【延迟队列获取，降低对数据库的更新频次，不要产生竞争】
25-07-07.10:29:40.006 [scheduling-1    ] INFO  UpdateAwardStockJob    - 定时任务，更新奖品消耗库存【延迟队列获取，降低对数据库的更新频次，不要产生竞争】
25-07-07.10:29:45.002 [scheduling-1    ] INFO  UpdateAwardStockJob    - 定时任务，更新奖品消耗库存【延迟队列获取，降低对数据库的更新频次，不要产生竞争】
25-07-07.10:29:50.001 [scheduling-1    ] INFO  UpdateAwardStockJob    - 定时任务，更新奖品消耗库存【延迟队列获取，降低对数据库的更新频次，不要产生竞争】
25-07-07.10:29:55.004 [scheduling-1    ] INFO  UpdateAwardStockJob    - 定时任务，更新奖品消耗库存【延迟队列获取，降低对数据库的更新频次，不要产生竞争】
25-07-07.10:30:00.005 [scheduling-1    ] INFO  UpdateAwardStockJob    - 定时任务，更新奖品消耗库存【延迟队列获取，降低对数据库的更新频次，不要产生竞争】
25-07-07.10:30:05.003 [scheduling-1    ] INFO  UpdateAwardStockJob    - 定时任务，更新奖品消耗库存【延迟队列获取，降低对数据库的更新频次，不要产生竞争】
25-07-07.10:30:10.004 [scheduling-1    ] INFO  UpdateAwardStockJob    - 定时任务，更新奖品消耗库存【延迟队列获取，降低对数据库的更新频次，不要产生竞争】
25-07-07.10:30:15.005 [scheduling-1    ] INFO  UpdateAwardStockJob    - 定时任务，更新奖品消耗库存【延迟队列获取，降低对数据库的更新频次，不要产生竞争】
25-07-07.10:30:20.004 [scheduling-1    ] INFO  UpdateAwardStockJob    - 定时任务，更新奖品消耗库存【延迟队列获取，降低对数据库的更新频次，不要产生竞争】
25-07-07.10:30:25.005 [scheduling-1    ] INFO  UpdateAwardStockJob    - 定时任务，更新奖品消耗库存【延迟队列获取，降低对数据库的更新频次，不要产生竞争】
25-07-07.10:30:30.002 [scheduling-1    ] INFO  UpdateAwardStockJob    - 定时任务，更新奖品消耗库存【延迟队列获取，降低对数据库的更新频次，不要产生竞争】
25-07-07.10:30:35.001 [scheduling-1    ] INFO  UpdateAwardStockJob    - 定时任务，更新奖品消耗库存【延迟队列获取，降低对数据库的更新频次，不要产生竞争】
25-07-07.10:30:40.004 [scheduling-1    ] INFO  UpdateAwardStockJob    - 定时任务，更新奖品消耗库存【延迟队列获取，降低对数据库的更新频次，不要产生竞争】
25-07-07.10:30:45.001 [scheduling-1    ] INFO  UpdateAwardStockJob    - 定时任务，更新奖品消耗库存【延迟队列获取，降低对数据库的更新频次，不要产生竞争】
25-07-07.10:30:50.001 [scheduling-1    ] INFO  UpdateAwardStockJob    - 定时任务，更新奖品消耗库存【延迟队列获取，降低对数据库的更新频次，不要产生竞争】
25-07-07.10:30:55.005 [scheduling-1    ] INFO  UpdateAwardStockJob    - 定时任务，更新奖品消耗库存【延迟队列获取，降低对数据库的更新频次，不要产生竞争】
25-07-07.10:31:00.001 [scheduling-1    ] INFO  UpdateAwardStockJob    - 定时任务，更新奖品消耗库存【延迟队列获取，降低对数据库的更新频次，不要产生竞争】
25-07-07.10:31:05.004 [scheduling-1    ] INFO  UpdateAwardStockJob    - 定时任务，更新奖品消耗库存【延迟队列获取，降低对数据库的更新频次，不要产生竞争】
25-07-07.10:31:10.003 [scheduling-1    ] INFO  UpdateAwardStockJob    - 定时任务，更新奖品消耗库存【延迟队列获取，降低对数据库的更新频次，不要产生竞争】
25-07-07.10:31:15.002 [scheduling-1    ] INFO  UpdateAwardStockJob    - 定时任务，更新奖品消耗库存【延迟队列获取，降低对数据库的更新频次，不要产生竞争】
25-07-07.10:31:20.004 [scheduling-1    ] INFO  UpdateAwardStockJob    - 定时任务，更新奖品消耗库存【延迟队列获取，降低对数据库的更新频次，不要产生竞争】
25-07-07.10:31:25.002 [scheduling-1    ] INFO  UpdateAwardStockJob    - 定时任务，更新奖品消耗库存【延迟队列获取，降低对数据库的更新频次，不要产生竞争】
25-07-07.10:31:30.005 [scheduling-1    ] INFO  UpdateAwardStockJob    - 定时任务，更新奖品消耗库存【延迟队列获取，降低对数据库的更新频次，不要产生竞争】
25-07-07.10:31:35.002 [scheduling-1    ] INFO  UpdateAwardStockJob    - 定时任务，更新奖品消耗库存【延迟队列获取，降低对数据库的更新频次，不要产生竞争】
25-07-07.10:31:40.002 [scheduling-1    ] INFO  UpdateAwardStockJob    - 定时任务，更新奖品消耗库存【延迟队列获取，降低对数据库的更新频次，不要产生竞争】
25-07-07.10:31:45.002 [scheduling-1    ] INFO  UpdateAwardStockJob    - 定时任务，更新奖品消耗库存【延迟队列获取，降低对数据库的更新频次，不要产生竞争】
25-07-07.10:31:50.005 [scheduling-1    ] INFO  UpdateAwardStockJob    - 定时任务，更新奖品消耗库存【延迟队列获取，降低对数据库的更新频次，不要产生竞争】
25-07-07.10:31:55.003 [scheduling-1    ] INFO  UpdateAwardStockJob    - 定时任务，更新奖品消耗库存【延迟队列获取，降低对数据库的更新频次，不要产生竞争】
25-07-07.10:32:00.001 [scheduling-1    ] INFO  UpdateAwardStockJob    - 定时任务，更新奖品消耗库存【延迟队列获取，降低对数据库的更新频次，不要产生竞争】
25-07-07.10:32:05.005 [scheduling-1    ] INFO  UpdateAwardStockJob    - 定时任务，更新奖品消耗库存【延迟队列获取，降低对数据库的更新频次，不要产生竞争】
25-07-07.10:32:10.002 [scheduling-1    ] INFO  UpdateAwardStockJob    - 定时任务，更新奖品消耗库存【延迟队列获取，降低对数据库的更新频次，不要产生竞争】
25-07-07.10:32:15.000 [scheduling-1    ] INFO  UpdateAwardStockJob    - 定时任务，更新奖品消耗库存【延迟队列获取，降低对数据库的更新频次，不要产生竞争】
25-07-07.10:32:20.005 [scheduling-1    ] INFO  UpdateAwardStockJob    - 定时任务，更新奖品消耗库存【延迟队列获取，降低对数据库的更新频次，不要产生竞争】
25-07-07.10:32:25.005 [scheduling-1    ] INFO  UpdateAwardStockJob    - 定时任务，更新奖品消耗库存【延迟队列获取，降低对数据库的更新频次，不要产生竞争】
25-07-07.10:32:30.002 [scheduling-1    ] INFO  UpdateAwardStockJob    - 定时任务，更新奖品消耗库存【延迟队列获取，降低对数据库的更新频次，不要产生竞争】
25-07-07.10:32:35.003 [scheduling-1    ] INFO  UpdateAwardStockJob    - 定时任务，更新奖品消耗库存【延迟队列获取，降低对数据库的更新频次，不要产生竞争】
25-07-07.10:32:40.002 [scheduling-1    ] INFO  UpdateAwardStockJob    - 定时任务，更新奖品消耗库存【延迟队列获取，降低对数据库的更新频次，不要产生竞争】
25-07-07.10:32:45.005 [scheduling-1    ] INFO  UpdateAwardStockJob    - 定时任务，更新奖品消耗库存【延迟队列获取，降低对数据库的更新频次，不要产生竞争】
25-07-07.10:32:50.003 [scheduling-1    ] INFO  UpdateAwardStockJob    - 定时任务，更新奖品消耗库存【延迟队列获取，降低对数据库的更新频次，不要产生竞争】
25-07-07.10:32:55.003 [scheduling-1    ] INFO  UpdateAwardStockJob    - 定时任务，更新奖品消耗库存【延迟队列获取，降低对数据库的更新频次，不要产生竞争】
25-07-07.10:33:00.005 [scheduling-1    ] INFO  UpdateAwardStockJob    - 定时任务，更新奖品消耗库存【延迟队列获取，降低对数据库的更新频次，不要产生竞争】
25-07-07.10:33:05.001 [scheduling-1    ] INFO  UpdateAwardStockJob    - 定时任务，更新奖品消耗库存【延迟队列获取，降低对数据库的更新频次，不要产生竞争】
25-07-07.10:33:10.002 [scheduling-1    ] INFO  UpdateAwardStockJob    - 定时任务，更新奖品消耗库存【延迟队列获取，降低对数据库的更新频次，不要产生竞争】
25-07-07.10:33:15.005 [scheduling-1    ] INFO  UpdateAwardStockJob    - 定时任务，更新奖品消耗库存【延迟队列获取，降低对数据库的更新频次，不要产生竞争】
25-07-07.10:33:20.001 [scheduling-1    ] INFO  UpdateAwardStockJob    - 定时任务，更新奖品消耗库存【延迟队列获取，降低对数据库的更新频次，不要产生竞争】
25-07-07.10:33:25.006 [scheduling-1    ] INFO  UpdateAwardStockJob    - 定时任务，更新奖品消耗库存【延迟队列获取，降低对数据库的更新频次，不要产生竞争】
25-07-07.10:33:30.003 [scheduling-1    ] INFO  UpdateAwardStockJob    - 定时任务，更新奖品消耗库存【延迟队列获取，降低对数据库的更新频次，不要产生竞争】
25-07-07.10:33:35.004 [scheduling-1    ] INFO  UpdateAwardStockJob    - 定时任务，更新奖品消耗库存【延迟队列获取，降低对数据库的更新频次，不要产生竞争】
25-07-07.10:33:40.005 [scheduling-1    ] INFO  UpdateAwardStockJob    - 定时任务，更新奖品消耗库存【延迟队列获取，降低对数据库的更新频次，不要产生竞争】
25-07-07.10:33:45.005 [scheduling-1    ] INFO  UpdateAwardStockJob    - 定时任务，更新奖品消耗库存【延迟队列获取，降低对数据库的更新频次，不要产生竞争】
25-07-07.10:33:50.005 [scheduling-1    ] INFO  UpdateAwardStockJob    - 定时任务，更新奖品消耗库存【延迟队列获取，降低对数据库的更新频次，不要产生竞争】
25-07-07.10:33:55.005 [scheduling-1    ] INFO  UpdateAwardStockJob    - 定时任务，更新奖品消耗库存【延迟队列获取，降低对数据库的更新频次，不要产生竞争】
25-07-07.10:34:00.009 [scheduling-1    ] INFO  UpdateAwardStockJob    - 定时任务，更新奖品消耗库存【延迟队列获取，降低对数据库的更新频次，不要产生竞争】
25-07-07.10:34:05.006 [scheduling-1    ] INFO  UpdateAwardStockJob    - 定时任务，更新奖品消耗库存【延迟队列获取，降低对数据库的更新频次，不要产生竞争】
25-07-07.10:34:10.000 [scheduling-1    ] INFO  UpdateAwardStockJob    - 定时任务，更新奖品消耗库存【延迟队列获取，降低对数据库的更新频次，不要产生竞争】
25-07-07.10:34:15.002 [scheduling-1    ] INFO  UpdateAwardStockJob    - 定时任务，更新奖品消耗库存【延迟队列获取，降低对数据库的更新频次，不要产生竞争】
25-07-07.10:34:20.003 [scheduling-1    ] INFO  UpdateAwardStockJob    - 定时任务，更新奖品消耗库存【延迟队列获取，降低对数据库的更新频次，不要产生竞争】
25-07-07.10:34:25.006 [scheduling-1    ] INFO  UpdateAwardStockJob    - 定时任务，更新奖品消耗库存【延迟队列获取，降低对数据库的更新频次，不要产生竞争】
25-07-07.10:34:30.005 [scheduling-1    ] INFO  UpdateAwardStockJob    - 定时任务，更新奖品消耗库存【延迟队列获取，降低对数据库的更新频次，不要产生竞争】
25-07-07.10:34:35.005 [scheduling-1    ] INFO  UpdateAwardStockJob    - 定时任务，更新奖品消耗库存【延迟队列获取，降低对数据库的更新频次，不要产生竞争】
25-07-07.10:34:40.004 [scheduling-1    ] INFO  UpdateAwardStockJob    - 定时任务，更新奖品消耗库存【延迟队列获取，降低对数据库的更新频次，不要产生竞争】
25-07-07.10:34:45.005 [scheduling-1    ] INFO  UpdateAwardStockJob    - 定时任务，更新奖品消耗库存【延迟队列获取，降低对数据库的更新频次，不要产生竞争】
25-07-07.10:34:50.003 [scheduling-1    ] INFO  UpdateAwardStockJob    - 定时任务，更新奖品消耗库存【延迟队列获取，降低对数据库的更新频次，不要产生竞争】
25-07-07.10:34:55.005 [scheduling-1    ] INFO  UpdateAwardStockJob    - 定时任务，更新奖品消耗库存【延迟队列获取，降低对数据库的更新频次，不要产生竞争】
25-07-07.10:35:00.006 [scheduling-1    ] INFO  UpdateAwardStockJob    - 定时任务，更新奖品消耗库存【延迟队列获取，降低对数据库的更新频次，不要产生竞争】
25-07-07.10:35:05.004 [scheduling-1    ] INFO  UpdateAwardStockJob    - 定时任务，更新奖品消耗库存【延迟队列获取，降低对数据库的更新频次，不要产生竞争】
25-07-07.10:35:10.002 [scheduling-1    ] INFO  UpdateAwardStockJob    - 定时任务，更新奖品消耗库存【延迟队列获取，降低对数据库的更新频次，不要产生竞争】
25-07-07.10:35:15.004 [scheduling-1    ] INFO  UpdateAwardStockJob    - 定时任务，更新奖品消耗库存【延迟队列获取，降低对数据库的更新频次，不要产生竞争】
25-07-07.10:35:20.005 [scheduling-1    ] INFO  UpdateAwardStockJob    - 定时任务，更新奖品消耗库存【延迟队列获取，降低对数据库的更新频次，不要产生竞争】
25-07-07.10:35:25.005 [scheduling-1    ] INFO  UpdateAwardStockJob    - 定时任务，更新奖品消耗库存【延迟队列获取，降低对数据库的更新频次，不要产生竞争】
25-07-07.10:35:30.002 [scheduling-1    ] INFO  UpdateAwardStockJob    - 定时任务，更新奖品消耗库存【延迟队列获取，降低对数据库的更新频次，不要产生竞争】
25-07-07.10:35:35.001 [scheduling-1    ] INFO  UpdateAwardStockJob    - 定时任务，更新奖品消耗库存【延迟队列获取，降低对数据库的更新频次，不要产生竞争】
25-07-07.10:35:40.003 [scheduling-1    ] INFO  UpdateAwardStockJob    - 定时任务，更新奖品消耗库存【延迟队列获取，降低对数据库的更新频次，不要产生竞争】
25-07-07.10:35:45.000 [scheduling-1    ] INFO  UpdateAwardStockJob    - 定时任务，更新奖品消耗库存【延迟队列获取，降低对数据库的更新频次，不要产生竞争】
25-07-07.10:35:49.179 [http-nio-8091-exec-28] WARN  DefaultHandlerExceptionResolver - Resolved [org.springframework.web.HttpMediaTypeNotSupportedException: Content type 'text/plain;charset=UTF-8' not supported]
25-07-07.10:35:50.005 [scheduling-1    ] INFO  UpdateAwardStockJob    - 定时任务，更新奖品消耗库存【延迟队列获取，降低对数据库的更新频次，不要产生竞争】
25-07-07.10:35:55.005 [scheduling-1    ] INFO  UpdateAwardStockJob    - 定时任务，更新奖品消耗库存【延迟队列获取，降低对数据库的更新频次，不要产生竞争】
25-07-07.10:36:00.002 [scheduling-1    ] INFO  UpdateAwardStockJob    - 定时任务，更新奖品消耗库存【延迟队列获取，降低对数据库的更新频次，不要产生竞争】
25-07-07.10:36:05.004 [scheduling-1    ] INFO  UpdateAwardStockJob    - 定时任务，更新奖品消耗库存【延迟队列获取，降低对数据库的更新频次，不要产生竞争】
25-07-07.10:36:06.443 [http-nio-8091-exec-30] WARN  DefaultHandlerExceptionResolver - Resolved [org.springframework.web.HttpMediaTypeNotSupportedException: Content type 'multipart/form-data;boundary=--------------------------583662435970905972031166;charset=UTF-8' not supported]
25-07-07.10:36:10.005 [scheduling-1    ] INFO  UpdateAwardStockJob    - 定时任务，更新奖品消耗库存【延迟队列获取，降低对数据库的更新频次，不要产生竞争】
25-07-07.10:36:15.005 [scheduling-1    ] INFO  UpdateAwardStockJob    - 定时任务，更新奖品消耗库存【延迟队列获取，降低对数据库的更新频次，不要产生竞争】
25-07-07.10:36:20.001 [scheduling-1    ] INFO  UpdateAwardStockJob    - 定时任务，更新奖品消耗库存【延迟队列获取，降低对数据库的更新频次，不要产生竞争】
25-07-07.10:36:25.005 [scheduling-1    ] INFO  UpdateAwardStockJob    - 定时任务，更新奖品消耗库存【延迟队列获取，降低对数据库的更新频次，不要产生竞争】
25-07-07.10:36:30.004 [scheduling-1    ] INFO  UpdateAwardStockJob    - 定时任务，更新奖品消耗库存【延迟队列获取，降低对数据库的更新频次，不要产生竞争】
25-07-07.10:36:35.004 [scheduling-1    ] INFO  UpdateAwardStockJob    - 定时任务，更新奖品消耗库存【延迟队列获取，降低对数据库的更新频次，不要产生竞争】
25-07-07.10:36:39.636 [http-nio-8091-exec-31] INFO  RaffleController       - 查询抽奖奖品列表配开始 strategyId：100006
25-07-07.10:36:39.709 [http-nio-8091-exec-31] INFO  RaffleController       - 查询抽奖奖品列表配置完成 strategyId：100006 response: {"code":"0000","data":[{"awardId":101,"awardTitle":"随机积分","sort":1},{"awardId":102,"awardTitle":"随机积分","sort":1}],"info":"成功"}
25-07-07.10:36:40.004 [scheduling-1    ] INFO  UpdateAwardStockJob    - 定时任务，更新奖品消耗库存【延迟队列获取，降低对数据库的更新频次，不要产生竞争】
25-07-07.10:36:45.002 [scheduling-1    ] INFO  UpdateAwardStockJob    - 定时任务，更新奖品消耗库存【延迟队列获取，降低对数据库的更新频次，不要产生竞争】
25-07-07.10:36:50.000 [scheduling-1    ] INFO  UpdateAwardStockJob    - 定时任务，更新奖品消耗库存【延迟队列获取，降低对数据库的更新频次，不要产生竞争】
25-07-07.10:36:50.076 [http-nio-8091-exec-32] INFO  RaffleController       - 查询抽奖奖品列表配开始 strategyId：100001
25-07-07.10:36:50.111 [http-nio-8091-exec-32] INFO  RaffleController       - 查询抽奖奖品列表配置完成 strategyId：100001 response: {"code":"0000","data":[{"awardId":101,"awardTitle":"随机积分","sort":1},{"awardId":102,"awardTitle":"5次使用","sort":2},{"awardId":103,"awardTitle":"10次使用","sort":3},{"awardId":104,"awardTitle":"20次使用","sort":4},{"awardId":105,"awardTitle":"增加gpt-4对话模型","sort":5},{"awardId":106,"awardTitle":"增加dall-e-2画图模型","sort":6},{"awardId":107,"awardSubtitle":"抽奖1次后解锁","awardTitle":"增加dall-e-3画图模型","sort":7},{"awardId":108,"awardSubtitle":"抽奖2次后解锁","awardTitle":"增加100次使用","sort":8},{"awardId":109,"awardSubtitle":"抽奖6次后解锁","awardTitle":"解锁全部模型","sort":9}],"info":"成功"}
25-07-07.10:36:55.004 [scheduling-1    ] INFO  UpdateAwardStockJob    - 定时任务，更新奖品消耗库存【延迟队列获取，降低对数据库的更新频次，不要产生竞争】
25-07-07.10:36:57.006 [http-nio-8091-exec-33] INFO  RaffleController       - 查询抽奖奖品列表配开始 strategyId：100006
25-07-07.10:36:57.015 [http-nio-8091-exec-33] INFO  RaffleController       - 查询抽奖奖品列表配置完成 strategyId：100006 response: {"code":"0000","data":[{"awardId":101,"awardTitle":"随机积分","sort":1},{"awardId":102,"awardTitle":"随机积分","sort":1}],"info":"成功"}
25-07-07.10:37:00.004 [scheduling-1    ] INFO  UpdateAwardStockJob    - 定时任务，更新奖品消耗库存【延迟队列获取，降低对数据库的更新频次，不要产生竞争】
25-07-07.10:37:05.004 [scheduling-1    ] INFO  UpdateAwardStockJob    - 定时任务，更新奖品消耗库存【延迟队列获取，降低对数据库的更新频次，不要产生竞争】
25-07-07.10:37:10.002 [scheduling-1    ] INFO  UpdateAwardStockJob    - 定时任务，更新奖品消耗库存【延迟队列获取，降低对数据库的更新频次，不要产生竞争】
25-07-07.10:37:15.005 [scheduling-1    ] INFO  UpdateAwardStockJob    - 定时任务，更新奖品消耗库存【延迟队列获取，降低对数据库的更新频次，不要产生竞争】
25-07-07.10:37:20.005 [scheduling-1    ] INFO  UpdateAwardStockJob    - 定时任务，更新奖品消耗库存【延迟队列获取，降低对数据库的更新频次，不要产生竞争】
25-07-07.10:37:25.006 [scheduling-1    ] INFO  UpdateAwardStockJob    - 定时任务，更新奖品消耗库存【延迟队列获取，降低对数据库的更新频次，不要产生竞争】
25-07-07.10:37:30.005 [scheduling-1    ] INFO  UpdateAwardStockJob    - 定时任务，更新奖品消耗库存【延迟队列获取，降低对数据库的更新频次，不要产生竞争】
25-07-07.10:37:35.004 [scheduling-1    ] INFO  UpdateAwardStockJob    - 定时任务，更新奖品消耗库存【延迟队列获取，降低对数据库的更新频次，不要产生竞争】
25-07-07.10:37:40.003 [scheduling-1    ] INFO  UpdateAwardStockJob    - 定时任务，更新奖品消耗库存【延迟队列获取，降低对数据库的更新频次，不要产生竞争】
25-07-07.10:37:45.005 [scheduling-1    ] INFO  UpdateAwardStockJob    - 定时任务，更新奖品消耗库存【延迟队列获取，降低对数据库的更新频次，不要产生竞争】
25-07-07.10:37:50.002 [scheduling-1    ] INFO  UpdateAwardStockJob    - 定时任务，更新奖品消耗库存【延迟队列获取，降低对数据库的更新频次，不要产生竞争】
25-07-07.10:37:55.005 [scheduling-1    ] INFO  UpdateAwardStockJob    - 定时任务，更新奖品消耗库存【延迟队列获取，降低对数据库的更新频次，不要产生竞争】
25-07-07.10:38:00.005 [scheduling-1    ] INFO  UpdateAwardStockJob    - 定时任务，更新奖品消耗库存【延迟队列获取，降低对数据库的更新频次，不要产生竞争】
25-07-07.10:38:05.003 [scheduling-1    ] INFO  UpdateAwardStockJob    - 定时任务，更新奖品消耗库存【延迟队列获取，降低对数据库的更新频次，不要产生竞争】
25-07-07.10:38:10.004 [scheduling-1    ] INFO  UpdateAwardStockJob    - 定时任务，更新奖品消耗库存【延迟队列获取，降低对数据库的更新频次，不要产生竞争】
25-07-07.10:38:15.003 [scheduling-1    ] INFO  UpdateAwardStockJob    - 定时任务，更新奖品消耗库存【延迟队列获取，降低对数据库的更新频次，不要产生竞争】
25-07-07.10:38:20.005 [scheduling-1    ] INFO  UpdateAwardStockJob    - 定时任务，更新奖品消耗库存【延迟队列获取，降低对数据库的更新频次，不要产生竞争】
25-07-07.10:38:25.001 [scheduling-1    ] INFO  UpdateAwardStockJob    - 定时任务，更新奖品消耗库存【延迟队列获取，降低对数据库的更新频次，不要产生竞争】
25-07-07.10:38:30.005 [scheduling-1    ] INFO  UpdateAwardStockJob    - 定时任务，更新奖品消耗库存【延迟队列获取，降低对数据库的更新频次，不要产生竞争】
25-07-07.10:38:35.002 [scheduling-1    ] INFO  UpdateAwardStockJob    - 定时任务，更新奖品消耗库存【延迟队列获取，降低对数据库的更新频次，不要产生竞争】
25-07-07.10:38:40.000 [scheduling-1    ] INFO  UpdateAwardStockJob    - 定时任务，更新奖品消耗库存【延迟队列获取，降低对数据库的更新频次，不要产生竞争】
25-07-07.10:38:45.006 [scheduling-1    ] INFO  UpdateAwardStockJob    - 定时任务，更新奖品消耗库存【延迟队列获取，降低对数据库的更新频次，不要产生竞争】
25-07-07.10:38:50.005 [scheduling-1    ] INFO  UpdateAwardStockJob    - 定时任务，更新奖品消耗库存【延迟队列获取，降低对数据库的更新频次，不要产生竞争】
25-07-07.10:38:55.001 [scheduling-1    ] INFO  UpdateAwardStockJob    - 定时任务，更新奖品消耗库存【延迟队列获取，降低对数据库的更新频次，不要产生竞争】
25-07-07.10:39:00.006 [scheduling-1    ] INFO  UpdateAwardStockJob    - 定时任务，更新奖品消耗库存【延迟队列获取，降低对数据库的更新频次，不要产生竞争】
25-07-07.10:39:05.006 [scheduling-1    ] INFO  UpdateAwardStockJob    - 定时任务，更新奖品消耗库存【延迟队列获取，降低对数据库的更新频次，不要产生竞争】
25-07-07.10:39:10.004 [scheduling-1    ] INFO  UpdateAwardStockJob    - 定时任务，更新奖品消耗库存【延迟队列获取，降低对数据库的更新频次，不要产生竞争】
25-07-07.10:39:15.005 [scheduling-1    ] INFO  UpdateAwardStockJob    - 定时任务，更新奖品消耗库存【延迟队列获取，降低对数据库的更新频次，不要产生竞争】
25-07-07.10:39:20.002 [scheduling-1    ] INFO  UpdateAwardStockJob    - 定时任务，更新奖品消耗库存【延迟队列获取，降低对数据库的更新频次，不要产生竞争】
25-07-07.10:39:22.582 [http-nio-8091-exec-36] INFO  RaffleController       - 随机抽奖开始 strategyId: 100006
25-07-07.10:39:22.606 [http-nio-8091-exec-36] INFO  BackListLogicChain     - 抽奖责任链—黑名单, userId=system, strategyId=100006, ruleModel=rule_blacklist
25-07-07.10:39:22.634 [http-nio-8091-exec-36] INFO  BackListLogicChain     - 抽奖责任链：黑名单放行 userId=system, strategyId=100006, ruleModel=rule_blacklist
25-07-07.10:39:22.645 [http-nio-8091-exec-36] INFO  DefaultLogChain        - 抽奖责任链—默认处理, userId=system, strategyId=100006, ruleModel=rule_default, awardId=101
25-07-07.10:39:22.647 [http-nio-8091-exec-36] INFO  AbstractRaffleStrategy - 抽奖策略计算-责任链 system 100006 101 rule_default
25-07-07.10:39:22.719 [http-nio-8091-exec-36] INFO  RuleLockLogicTreeNode  - 规则过滤，lock解锁接管了，userid:system,strategyId:100006,awardId:101
25-07-07.10:39:22.722 [http-nio-8091-exec-36] INFO  RuleLuckAwardLogicTreeNode - 规则过滤-兜底奖品 userId:system strategyId:100006 awardId:101 ruleValue:101:1,100
25-07-07.10:39:22.722 [http-nio-8091-exec-36] INFO  RuleLuckAwardLogicTreeNode - 规则过滤-兜底奖品 userId:system strategyId:100006 awardId:101 awardRuleValue:1,100
25-07-07.10:39:22.723 [http-nio-8091-exec-36] INFO  AbstractRaffleStrategy - 抽奖策略计算-规则树 system 100006 101 1,100
25-07-07.10:39:22.767 [http-nio-8091-exec-36] INFO  RaffleController       - 随机抽奖完成 strategyId: 100006 response: {"code":"0000","data":{"awardId":101,"awardIndex":1},"info":"成功"}
25-07-07.10:39:25.005 [scheduling-1    ] INFO  UpdateAwardStockJob    - 定时任务，更新奖品消耗库存【延迟队列获取，降低对数据库的更新频次，不要产生竞争】
25-07-07.10:39:30.002 [scheduling-1    ] INFO  UpdateAwardStockJob    - 定时任务，更新奖品消耗库存【延迟队列获取，降低对数据库的更新频次，不要产生竞争】
25-07-07.10:39:35.004 [scheduling-1    ] INFO  UpdateAwardStockJob    - 定时任务，更新奖品消耗库存【延迟队列获取，降低对数据库的更新频次，不要产生竞争】
25-07-07.10:39:40.004 [scheduling-1    ] INFO  UpdateAwardStockJob    - 定时任务，更新奖品消耗库存【延迟队列获取，降低对数据库的更新频次，不要产生竞争】
25-07-07.10:39:45.004 [scheduling-1    ] INFO  UpdateAwardStockJob    - 定时任务，更新奖品消耗库存【延迟队列获取，降低对数据库的更新频次，不要产生竞争】
25-07-07.10:39:50.000 [scheduling-1    ] INFO  UpdateAwardStockJob    - 定时任务，更新奖品消耗库存【延迟队列获取，降低对数据库的更新频次，不要产生竞争】
25-07-07.10:39:55.005 [scheduling-1    ] INFO  UpdateAwardStockJob    - 定时任务，更新奖品消耗库存【延迟队列获取，降低对数据库的更新频次，不要产生竞争】
25-07-07.10:40:00.001 [scheduling-1    ] INFO  UpdateAwardStockJob    - 定时任务，更新奖品消耗库存【延迟队列获取，降低对数据库的更新频次，不要产生竞争】
25-07-07.10:40:01.245 [http-nio-8091-exec-37] INFO  RaffleController       - 随机抽奖开始 strategyId: 100006
25-07-07.10:40:01.275 [http-nio-8091-exec-37] INFO  BackListLogicChain     - 抽奖责任链—黑名单, userId=system, strategyId=100006, ruleModel=rule_blacklist
25-07-07.10:40:01.283 [http-nio-8091-exec-37] INFO  BackListLogicChain     - 抽奖责任链：黑名单放行 userId=system, strategyId=100006, ruleModel=rule_blacklist
25-07-07.10:40:01.297 [http-nio-8091-exec-37] INFO  DefaultLogChain        - 抽奖责任链—默认处理, userId=system, strategyId=100006, ruleModel=rule_default, awardId=101
25-07-07.10:40:01.298 [http-nio-8091-exec-37] INFO  AbstractRaffleStrategy - 抽奖策略计算-责任链 system 100006 101 rule_default
25-07-07.10:40:01.329 [http-nio-8091-exec-37] INFO  RuleLockLogicTreeNode  - 规则过滤，lock解锁接管了，userid:system,strategyId:100006,awardId:101
25-07-07.10:40:01.330 [http-nio-8091-exec-37] INFO  RuleLuckAwardLogicTreeNode - 规则过滤-兜底奖品 userId:system strategyId:100006 awardId:101 ruleValue:101:1,100
25-07-07.10:40:01.330 [http-nio-8091-exec-37] INFO  RuleLuckAwardLogicTreeNode - 规则过滤-兜底奖品 userId:system strategyId:100006 awardId:101 awardRuleValue:1,100
25-07-07.10:40:01.330 [http-nio-8091-exec-37] INFO  AbstractRaffleStrategy - 抽奖策略计算-规则树 system 100006 101 1,100
25-07-07.10:40:01.337 [http-nio-8091-exec-37] INFO  RaffleController       - 随机抽奖完成 strategyId: 100006 response: {"code":"0000","data":{"awardId":101,"awardIndex":1},"info":"成功"}
25-07-07.10:40:05.002 [scheduling-1    ] INFO  UpdateAwardStockJob    - 定时任务，更新奖品消耗库存【延迟队列获取，降低对数据库的更新频次，不要产生竞争】
25-07-07.10:40:10.000 [scheduling-1    ] INFO  UpdateAwardStockJob    - 定时任务，更新奖品消耗库存【延迟队列获取，降低对数据库的更新频次，不要产生竞争】
25-07-07.10:40:15.006 [scheduling-1    ] INFO  UpdateAwardStockJob    - 定时任务，更新奖品消耗库存【延迟队列获取，降低对数据库的更新频次，不要产生竞争】
25-07-07.10:40:16.091 [http-nio-8091-exec-38] INFO  RaffleController       - 随机抽奖开始 strategyId: 100006
25-07-07.10:40:16.111 [http-nio-8091-exec-38] INFO  BackListLogicChain     - 抽奖责任链—黑名单, userId=system, strategyId=100006, ruleModel=rule_blacklist
25-07-07.10:40:16.120 [http-nio-8091-exec-38] INFO  BackListLogicChain     - 抽奖责任链：黑名单放行 userId=system, strategyId=100006, ruleModel=rule_blacklist
25-07-07.10:40:16.133 [http-nio-8091-exec-38] INFO  DefaultLogChain        - 抽奖责任链—默认处理, userId=system, strategyId=100006, ruleModel=rule_default, awardId=101
25-07-07.10:40:16.133 [http-nio-8091-exec-38] INFO  AbstractRaffleStrategy - 抽奖策略计算-责任链 system 100006 101 rule_default
25-07-07.10:40:16.152 [http-nio-8091-exec-38] INFO  RuleLockLogicTreeNode  - 规则过滤，lock解锁接管了，userid:system,strategyId:100006,awardId:101
25-07-07.10:40:16.153 [http-nio-8091-exec-38] INFO  RuleLuckAwardLogicTreeNode - 规则过滤-兜底奖品 userId:system strategyId:100006 awardId:101 ruleValue:101:1,100
25-07-07.10:40:16.153 [http-nio-8091-exec-38] INFO  RuleLuckAwardLogicTreeNode - 规则过滤-兜底奖品 userId:system strategyId:100006 awardId:101 awardRuleValue:1,100
25-07-07.10:40:16.153 [http-nio-8091-exec-38] INFO  AbstractRaffleStrategy - 抽奖策略计算-规则树 system 100006 101 1,100
25-07-07.10:40:16.161 [http-nio-8091-exec-38] INFO  RaffleController       - 随机抽奖完成 strategyId: 100006 response: {"code":"0000","data":{"awardId":101,"awardIndex":1},"info":"成功"}
25-07-07.10:40:20.005 [scheduling-1    ] INFO  UpdateAwardStockJob    - 定时任务，更新奖品消耗库存【延迟队列获取，降低对数据库的更新频次，不要产生竞争】
25-07-07.10:40:22.498 [http-nio-8091-exec-39] INFO  RaffleController       - 随机抽奖开始 strategyId: 100006
25-07-07.10:40:22.524 [http-nio-8091-exec-39] INFO  BackListLogicChain     - 抽奖责任链—黑名单, userId=system, strategyId=100006, ruleModel=rule_blacklist
25-07-07.10:40:22.531 [http-nio-8091-exec-39] INFO  BackListLogicChain     - 抽奖责任链：黑名单放行 userId=system, strategyId=100006, ruleModel=rule_blacklist
25-07-07.10:40:22.544 [http-nio-8091-exec-39] INFO  DefaultLogChain        - 抽奖责任链—默认处理, userId=system, strategyId=100006, ruleModel=rule_default, awardId=101
25-07-07.10:40:22.544 [http-nio-8091-exec-39] INFO  AbstractRaffleStrategy - 抽奖策略计算-责任链 system 100006 101 rule_default
25-07-07.10:40:22.562 [http-nio-8091-exec-39] INFO  RuleLockLogicTreeNode  - 规则过滤，lock解锁接管了，userid:system,strategyId:100006,awardId:101
25-07-07.10:40:22.562 [http-nio-8091-exec-39] INFO  RuleLuckAwardLogicTreeNode - 规则过滤-兜底奖品 userId:system strategyId:100006 awardId:101 ruleValue:101:1,100
25-07-07.10:40:22.562 [http-nio-8091-exec-39] INFO  RuleLuckAwardLogicTreeNode - 规则过滤-兜底奖品 userId:system strategyId:100006 awardId:101 awardRuleValue:1,100
25-07-07.10:40:22.562 [http-nio-8091-exec-39] INFO  AbstractRaffleStrategy - 抽奖策略计算-规则树 system 100006 101 1,100
25-07-07.10:40:22.569 [http-nio-8091-exec-39] INFO  RaffleController       - 随机抽奖完成 strategyId: 100006 response: {"code":"0000","data":{"awardId":101,"awardIndex":1},"info":"成功"}
25-07-07.10:40:24.808 [http-nio-8091-exec-40] INFO  RaffleController       - 随机抽奖开始 strategyId: 100006
25-07-07.10:40:24.829 [http-nio-8091-exec-40] INFO  BackListLogicChain     - 抽奖责任链—黑名单, userId=system, strategyId=100006, ruleModel=rule_blacklist
25-07-07.10:40:24.836 [http-nio-8091-exec-40] INFO  BackListLogicChain     - 抽奖责任链：黑名单放行 userId=system, strategyId=100006, ruleModel=rule_blacklist
25-07-07.10:40:24.849 [http-nio-8091-exec-40] INFO  DefaultLogChain        - 抽奖责任链—默认处理, userId=system, strategyId=100006, ruleModel=rule_default, awardId=101
25-07-07.10:40:24.849 [http-nio-8091-exec-40] INFO  AbstractRaffleStrategy - 抽奖策略计算-责任链 system 100006 101 rule_default
25-07-07.10:40:24.864 [http-nio-8091-exec-40] INFO  RuleLockLogicTreeNode  - 规则过滤，lock解锁接管了，userid:system,strategyId:100006,awardId:101
25-07-07.10:40:24.865 [http-nio-8091-exec-40] INFO  RuleLuckAwardLogicTreeNode - 规则过滤-兜底奖品 userId:system strategyId:100006 awardId:101 ruleValue:101:1,100
25-07-07.10:40:24.865 [http-nio-8091-exec-40] INFO  RuleLuckAwardLogicTreeNode - 规则过滤-兜底奖品 userId:system strategyId:100006 awardId:101 awardRuleValue:1,100
25-07-07.10:40:24.865 [http-nio-8091-exec-40] INFO  AbstractRaffleStrategy - 抽奖策略计算-规则树 system 100006 101 1,100
25-07-07.10:40:24.873 [http-nio-8091-exec-40] INFO  RaffleController       - 随机抽奖完成 strategyId: 100006 response: {"code":"0000","data":{"awardId":101,"awardIndex":1},"info":"成功"}
25-07-07.10:40:25.001 [scheduling-1    ] INFO  UpdateAwardStockJob    - 定时任务，更新奖品消耗库存【延迟队列获取，降低对数据库的更新频次，不要产生竞争】
25-07-07.10:40:25.597 [http-nio-8091-exec-41] INFO  RaffleController       - 随机抽奖开始 strategyId: 100006
25-07-07.10:40:25.617 [http-nio-8091-exec-41] INFO  BackListLogicChain     - 抽奖责任链—黑名单, userId=system, strategyId=100006, ruleModel=rule_blacklist
25-07-07.10:40:25.624 [http-nio-8091-exec-41] INFO  BackListLogicChain     - 抽奖责任链：黑名单放行 userId=system, strategyId=100006, ruleModel=rule_blacklist
25-07-07.10:40:25.639 [http-nio-8091-exec-41] INFO  DefaultLogChain        - 抽奖责任链—默认处理, userId=system, strategyId=100006, ruleModel=rule_default, awardId=102
25-07-07.10:40:25.639 [http-nio-8091-exec-41] INFO  AbstractRaffleStrategy - 抽奖策略计算-责任链 system 100006 102 rule_default
25-07-07.10:40:25.654 [http-nio-8091-exec-41] INFO  RuleLockLogicTreeNode  - 规则过滤，lock解锁接管了，userid:system,strategyId:100006,awardId:102
25-07-07.10:40:25.654 [http-nio-8091-exec-41] INFO  RuleLuckAwardLogicTreeNode - 规则过滤-兜底奖品 userId:system strategyId:100006 awardId:102 ruleValue:101:1,100
25-07-07.10:40:25.654 [http-nio-8091-exec-41] INFO  RuleLuckAwardLogicTreeNode - 规则过滤-兜底奖品 userId:system strategyId:100006 awardId:101 awardRuleValue:1,100
25-07-07.10:40:25.654 [http-nio-8091-exec-41] INFO  AbstractRaffleStrategy - 抽奖策略计算-规则树 system 100006 101 1,100
25-07-07.10:40:25.661 [http-nio-8091-exec-41] INFO  RaffleController       - 随机抽奖完成 strategyId: 100006 response: {"code":"0000","data":{"awardId":101,"awardIndex":1},"info":"成功"}
25-07-07.10:40:26.356 [http-nio-8091-exec-42] INFO  RaffleController       - 随机抽奖开始 strategyId: 100006
25-07-07.10:40:26.380 [http-nio-8091-exec-42] INFO  BackListLogicChain     - 抽奖责任链—黑名单, userId=system, strategyId=100006, ruleModel=rule_blacklist
25-07-07.10:40:26.386 [http-nio-8091-exec-42] INFO  BackListLogicChain     - 抽奖责任链：黑名单放行 userId=system, strategyId=100006, ruleModel=rule_blacklist
25-07-07.10:40:26.399 [http-nio-8091-exec-42] INFO  DefaultLogChain        - 抽奖责任链—默认处理, userId=system, strategyId=100006, ruleModel=rule_default, awardId=102
25-07-07.10:40:26.399 [http-nio-8091-exec-42] INFO  AbstractRaffleStrategy - 抽奖策略计算-责任链 system 100006 102 rule_default
25-07-07.10:40:26.413 [http-nio-8091-exec-42] INFO  RuleLockLogicTreeNode  - 规则过滤，lock解锁接管了，userid:system,strategyId:100006,awardId:102
25-07-07.10:40:26.414 [http-nio-8091-exec-42] INFO  RuleLuckAwardLogicTreeNode - 规则过滤-兜底奖品 userId:system strategyId:100006 awardId:102 ruleValue:101:1,100
25-07-07.10:40:26.414 [http-nio-8091-exec-42] INFO  RuleLuckAwardLogicTreeNode - 规则过滤-兜底奖品 userId:system strategyId:100006 awardId:101 awardRuleValue:1,100
25-07-07.10:40:26.414 [http-nio-8091-exec-42] INFO  AbstractRaffleStrategy - 抽奖策略计算-规则树 system 100006 101 1,100
25-07-07.10:40:26.420 [http-nio-8091-exec-42] INFO  RaffleController       - 随机抽奖完成 strategyId: 100006 response: {"code":"0000","data":{"awardId":101,"awardIndex":1},"info":"成功"}
25-07-07.10:40:27.103 [http-nio-8091-exec-43] INFO  RaffleController       - 随机抽奖开始 strategyId: 100006
25-07-07.10:40:27.123 [http-nio-8091-exec-43] INFO  BackListLogicChain     - 抽奖责任链—黑名单, userId=system, strategyId=100006, ruleModel=rule_blacklist
25-07-07.10:40:27.129 [http-nio-8091-exec-43] INFO  BackListLogicChain     - 抽奖责任链：黑名单放行 userId=system, strategyId=100006, ruleModel=rule_blacklist
25-07-07.10:40:27.141 [http-nio-8091-exec-43] INFO  DefaultLogChain        - 抽奖责任链—默认处理, userId=system, strategyId=100006, ruleModel=rule_default, awardId=101
25-07-07.10:40:27.142 [http-nio-8091-exec-43] INFO  AbstractRaffleStrategy - 抽奖策略计算-责任链 system 100006 101 rule_default
25-07-07.10:40:27.155 [http-nio-8091-exec-43] INFO  RuleLockLogicTreeNode  - 规则过滤，lock解锁接管了，userid:system,strategyId:100006,awardId:101
25-07-07.10:40:27.155 [http-nio-8091-exec-43] INFO  RuleLuckAwardLogicTreeNode - 规则过滤-兜底奖品 userId:system strategyId:100006 awardId:101 ruleValue:101:1,100
25-07-07.10:40:27.155 [http-nio-8091-exec-43] INFO  RuleLuckAwardLogicTreeNode - 规则过滤-兜底奖品 userId:system strategyId:100006 awardId:101 awardRuleValue:1,100
25-07-07.10:40:27.155 [http-nio-8091-exec-43] INFO  AbstractRaffleStrategy - 抽奖策略计算-规则树 system 100006 101 1,100
25-07-07.10:40:27.162 [http-nio-8091-exec-43] INFO  RaffleController       - 随机抽奖完成 strategyId: 100006 response: {"code":"0000","data":{"awardId":101,"awardIndex":1},"info":"成功"}
25-07-07.10:40:27.936 [http-nio-8091-exec-44] INFO  RaffleController       - 随机抽奖开始 strategyId: 100006
25-07-07.10:40:27.956 [http-nio-8091-exec-44] INFO  BackListLogicChain     - 抽奖责任链—黑名单, userId=system, strategyId=100006, ruleModel=rule_blacklist
25-07-07.10:40:27.962 [http-nio-8091-exec-44] INFO  BackListLogicChain     - 抽奖责任链：黑名单放行 userId=system, strategyId=100006, ruleModel=rule_blacklist
25-07-07.10:40:27.973 [http-nio-8091-exec-44] INFO  DefaultLogChain        - 抽奖责任链—默认处理, userId=system, strategyId=100006, ruleModel=rule_default, awardId=101
25-07-07.10:40:27.974 [http-nio-8091-exec-44] INFO  AbstractRaffleStrategy - 抽奖策略计算-责任链 system 100006 101 rule_default
25-07-07.10:40:27.986 [http-nio-8091-exec-44] INFO  RuleLockLogicTreeNode  - 规则过滤，lock解锁接管了，userid:system,strategyId:100006,awardId:101
25-07-07.10:40:27.987 [http-nio-8091-exec-44] INFO  RuleLuckAwardLogicTreeNode - 规则过滤-兜底奖品 userId:system strategyId:100006 awardId:101 ruleValue:101:1,100
25-07-07.10:40:27.987 [http-nio-8091-exec-44] INFO  RuleLuckAwardLogicTreeNode - 规则过滤-兜底奖品 userId:system strategyId:100006 awardId:101 awardRuleValue:1,100
25-07-07.10:40:27.987 [http-nio-8091-exec-44] INFO  AbstractRaffleStrategy - 抽奖策略计算-规则树 system 100006 101 1,100
25-07-07.10:40:27.993 [http-nio-8091-exec-44] INFO  RaffleController       - 随机抽奖完成 strategyId: 100006 response: {"code":"0000","data":{"awardId":101,"awardIndex":1},"info":"成功"}
25-07-07.10:40:28.707 [http-nio-8091-exec-45] INFO  RaffleController       - 随机抽奖开始 strategyId: 100006
25-07-07.10:40:28.732 [http-nio-8091-exec-45] INFO  BackListLogicChain     - 抽奖责任链—黑名单, userId=system, strategyId=100006, ruleModel=rule_blacklist
25-07-07.10:40:28.740 [http-nio-8091-exec-45] INFO  BackListLogicChain     - 抽奖责任链：黑名单放行 userId=system, strategyId=100006, ruleModel=rule_blacklist
25-07-07.10:40:28.751 [http-nio-8091-exec-45] INFO  DefaultLogChain        - 抽奖责任链—默认处理, userId=system, strategyId=100006, ruleModel=rule_default, awardId=101
25-07-07.10:40:28.751 [http-nio-8091-exec-45] INFO  AbstractRaffleStrategy - 抽奖策略计算-责任链 system 100006 101 rule_default
25-07-07.10:40:28.766 [http-nio-8091-exec-45] INFO  RuleLockLogicTreeNode  - 规则过滤，lock解锁接管了，userid:system,strategyId:100006,awardId:101
25-07-07.10:40:28.766 [http-nio-8091-exec-45] INFO  RuleLuckAwardLogicTreeNode - 规则过滤-兜底奖品 userId:system strategyId:100006 awardId:101 ruleValue:101:1,100
25-07-07.10:40:28.766 [http-nio-8091-exec-45] INFO  RuleLuckAwardLogicTreeNode - 规则过滤-兜底奖品 userId:system strategyId:100006 awardId:101 awardRuleValue:1,100
25-07-07.10:40:28.766 [http-nio-8091-exec-45] INFO  AbstractRaffleStrategy - 抽奖策略计算-规则树 system 100006 101 1,100
25-07-07.10:40:28.773 [http-nio-8091-exec-45] INFO  RaffleController       - 随机抽奖完成 strategyId: 100006 response: {"code":"0000","data":{"awardId":101,"awardIndex":1},"info":"成功"}
25-07-07.10:40:30.001 [scheduling-1    ] INFO  UpdateAwardStockJob    - 定时任务，更新奖品消耗库存【延迟队列获取，降低对数据库的更新频次，不要产生竞争】
25-07-07.10:40:31.499 [http-nio-8091-exec-46] INFO  RaffleController       - 随机抽奖开始 strategyId: 100006
25-07-07.10:40:31.520 [http-nio-8091-exec-46] INFO  BackListLogicChain     - 抽奖责任链—黑名单, userId=system, strategyId=100006, ruleModel=rule_blacklist
25-07-07.10:40:31.529 [http-nio-8091-exec-46] INFO  BackListLogicChain     - 抽奖责任链：黑名单放行 userId=system, strategyId=100006, ruleModel=rule_blacklist
25-07-07.10:40:31.542 [http-nio-8091-exec-46] INFO  DefaultLogChain        - 抽奖责任链—默认处理, userId=system, strategyId=100006, ruleModel=rule_default, awardId=102
25-07-07.10:40:31.542 [http-nio-8091-exec-46] INFO  AbstractRaffleStrategy - 抽奖策略计算-责任链 system 100006 102 rule_default
25-07-07.10:40:31.555 [http-nio-8091-exec-46] INFO  RuleLockLogicTreeNode  - 规则过滤，lock解锁接管了，userid:system,strategyId:100006,awardId:102
25-07-07.10:40:31.555 [http-nio-8091-exec-46] INFO  RuleLuckAwardLogicTreeNode - 规则过滤-兜底奖品 userId:system strategyId:100006 awardId:102 ruleValue:101:1,100
25-07-07.10:40:31.555 [http-nio-8091-exec-46] INFO  RuleLuckAwardLogicTreeNode - 规则过滤-兜底奖品 userId:system strategyId:100006 awardId:101 awardRuleValue:1,100
25-07-07.10:40:31.555 [http-nio-8091-exec-46] INFO  AbstractRaffleStrategy - 抽奖策略计算-规则树 system 100006 101 1,100
25-07-07.10:40:31.562 [http-nio-8091-exec-46] INFO  RaffleController       - 随机抽奖完成 strategyId: 100006 response: {"code":"0000","data":{"awardId":101,"awardIndex":1},"info":"成功"}
25-07-07.10:40:35.005 [scheduling-1    ] INFO  UpdateAwardStockJob    - 定时任务，更新奖品消耗库存【延迟队列获取，降低对数据库的更新频次，不要产生竞争】
25-07-07.10:40:40.005 [scheduling-1    ] INFO  UpdateAwardStockJob    - 定时任务，更新奖品消耗库存【延迟队列获取，降低对数据库的更新频次，不要产生竞争】
25-07-07.10:40:45.003 [scheduling-1    ] INFO  UpdateAwardStockJob    - 定时任务，更新奖品消耗库存【延迟队列获取，降低对数据库的更新频次，不要产生竞争】
25-07-07.10:40:50.004 [scheduling-1    ] INFO  UpdateAwardStockJob    - 定时任务，更新奖品消耗库存【延迟队列获取，降低对数据库的更新频次，不要产生竞争】
25-07-07.10:40:55.005 [scheduling-1    ] INFO  UpdateAwardStockJob    - 定时任务，更新奖品消耗库存【延迟队列获取，降低对数据库的更新频次，不要产生竞争】
25-07-07.10:41:00.005 [scheduling-1    ] INFO  UpdateAwardStockJob    - 定时任务，更新奖品消耗库存【延迟队列获取，降低对数据库的更新频次，不要产生竞争】
25-07-07.10:41:05.006 [scheduling-1    ] INFO  UpdateAwardStockJob    - 定时任务，更新奖品消耗库存【延迟队列获取，降低对数据库的更新频次，不要产生竞争】
25-07-07.10:41:10.005 [scheduling-1    ] INFO  UpdateAwardStockJob    - 定时任务，更新奖品消耗库存【延迟队列获取，降低对数据库的更新频次，不要产生竞争】
25-07-07.10:41:15.004 [scheduling-1    ] INFO  UpdateAwardStockJob    - 定时任务，更新奖品消耗库存【延迟队列获取，降低对数据库的更新频次，不要产生竞争】
25-07-07.10:41:20.004 [scheduling-1    ] INFO  UpdateAwardStockJob    - 定时任务，更新奖品消耗库存【延迟队列获取，降低对数据库的更新频次，不要产生竞争】
25-07-07.10:41:25.005 [scheduling-1    ] INFO  UpdateAwardStockJob    - 定时任务，更新奖品消耗库存【延迟队列获取，降低对数据库的更新频次，不要产生竞争】
25-07-07.10:41:30.005 [scheduling-1    ] INFO  UpdateAwardStockJob    - 定时任务，更新奖品消耗库存【延迟队列获取，降低对数据库的更新频次，不要产生竞争】
25-07-07.10:41:35.001 [scheduling-1    ] INFO  UpdateAwardStockJob    - 定时任务，更新奖品消耗库存【延迟队列获取，降低对数据库的更新频次，不要产生竞争】
25-07-07.10:41:40.005 [scheduling-1    ] INFO  UpdateAwardStockJob    - 定时任务，更新奖品消耗库存【延迟队列获取，降低对数据库的更新频次，不要产生竞争】
25-07-07.10:41:45.002 [scheduling-1    ] INFO  UpdateAwardStockJob    - 定时任务，更新奖品消耗库存【延迟队列获取，降低对数据库的更新频次，不要产生竞争】
25-07-07.10:41:50.001 [scheduling-1    ] INFO  UpdateAwardStockJob    - 定时任务，更新奖品消耗库存【延迟队列获取，降低对数据库的更新频次，不要产生竞争】
25-07-07.10:41:55.003 [scheduling-1    ] INFO  UpdateAwardStockJob    - 定时任务，更新奖品消耗库存【延迟队列获取，降低对数据库的更新频次，不要产生竞争】
25-07-07.10:42:00.001 [scheduling-1    ] INFO  UpdateAwardStockJob    - 定时任务，更新奖品消耗库存【延迟队列获取，降低对数据库的更新频次，不要产生竞争】
25-07-07.10:42:05.001 [scheduling-1    ] INFO  UpdateAwardStockJob    - 定时任务，更新奖品消耗库存【延迟队列获取，降低对数据库的更新频次，不要产生竞争】
25-07-07.10:42:10.003 [scheduling-1    ] INFO  UpdateAwardStockJob    - 定时任务，更新奖品消耗库存【延迟队列获取，降低对数据库的更新频次，不要产生竞争】
25-07-07.10:42:15.008 [scheduling-1    ] INFO  UpdateAwardStockJob    - 定时任务，更新奖品消耗库存【延迟队列获取，降低对数据库的更新频次，不要产生竞争】
25-07-07.10:42:20.005 [scheduling-1    ] INFO  UpdateAwardStockJob    - 定时任务，更新奖品消耗库存【延迟队列获取，降低对数据库的更新频次，不要产生竞争】
25-07-07.10:42:25.005 [scheduling-1    ] INFO  UpdateAwardStockJob    - 定时任务，更新奖品消耗库存【延迟队列获取，降低对数据库的更新频次，不要产生竞争】
25-07-07.10:42:30.000 [scheduling-1    ] INFO  UpdateAwardStockJob    - 定时任务，更新奖品消耗库存【延迟队列获取，降低对数据库的更新频次，不要产生竞争】
25-07-07.10:42:35.004 [scheduling-1    ] INFO  UpdateAwardStockJob    - 定时任务，更新奖品消耗库存【延迟队列获取，降低对数据库的更新频次，不要产生竞争】
25-07-07.10:42:40.005 [scheduling-1    ] INFO  UpdateAwardStockJob    - 定时任务，更新奖品消耗库存【延迟队列获取，降低对数据库的更新频次，不要产生竞争】
25-07-07.10:42:45.006 [scheduling-1    ] INFO  UpdateAwardStockJob    - 定时任务，更新奖品消耗库存【延迟队列获取，降低对数据库的更新频次，不要产生竞争】
25-07-07.10:42:50.001 [scheduling-1    ] INFO  UpdateAwardStockJob    - 定时任务，更新奖品消耗库存【延迟队列获取，降低对数据库的更新频次，不要产生竞争】
25-07-07.10:42:55.003 [scheduling-1    ] INFO  UpdateAwardStockJob    - 定时任务，更新奖品消耗库存【延迟队列获取，降低对数据库的更新频次，不要产生竞争】
25-07-07.10:43:00.005 [scheduling-1    ] INFO  UpdateAwardStockJob    - 定时任务，更新奖品消耗库存【延迟队列获取，降低对数据库的更新频次，不要产生竞争】
25-07-07.10:43:05.005 [scheduling-1    ] INFO  UpdateAwardStockJob    - 定时任务，更新奖品消耗库存【延迟队列获取，降低对数据库的更新频次，不要产生竞争】
25-07-07.10:43:10.005 [scheduling-1    ] INFO  UpdateAwardStockJob    - 定时任务，更新奖品消耗库存【延迟队列获取，降低对数据库的更新频次，不要产生竞争】
25-07-07.10:43:15.002 [scheduling-1    ] INFO  UpdateAwardStockJob    - 定时任务，更新奖品消耗库存【延迟队列获取，降低对数据库的更新频次，不要产生竞争】
25-07-07.10:43:17.525 [SpringApplicationShutdownHook] INFO  HikariDataSource       - HikariPool-1 - Shutdown initiated...
25-07-07.10:43:17.528 [SpringApplicationShutdownHook] INFO  HikariDataSource       - HikariPool-1 - Shutdown completed.
25-07-07.11:08:41.736 [main            ] INFO  Application            - Starting Application using Java 1.8.0_452 on xingedeMacBook-Air.local with PID 67760 (/Users/xingeqi/Downloads/untitled1/untitled1-app/target/classes started by xingeqi in /Users/xingeqi/Downloads/untitled1)
25-07-07.11:08:41.737 [main            ] INFO  Application            - The following 1 profile is active: "dev"
25-07-07.11:08:42.088 [main            ] INFO  RepositoryConfigurationDelegate - Multiple Spring Data modules found, entering strict repository configuration mode
25-07-07.11:08:42.089 [main            ] INFO  RepositoryConfigurationDelegate - Bootstrapping Spring Data Redis repositories in DEFAULT mode.
25-07-07.11:08:42.100 [main            ] INFO  RepositoryConfigurationDelegate - Finished Spring Data repository scanning in 6 ms. Found 0 Redis repository interfaces.
25-07-07.11:08:42.306 [main            ] INFO  TomcatWebServer        - Tomcat initialized with port(s): 8091 (http)
25-07-07.11:08:42.310 [main            ] INFO  Http11NioProtocol      - Initializing ProtocolHandler ["http-nio-8091"]
25-07-07.11:08:42.310 [main            ] INFO  StandardService        - Starting service [Tomcat]
25-07-07.11:08:42.310 [main            ] INFO  StandardEngine         - Starting Servlet engine: [Apache Tomcat/9.0.75]
25-07-07.11:08:42.349 [main            ] INFO  [/]                    - Initializing Spring embedded WebApplicationContext
25-07-07.11:08:42.350 [main            ] INFO  ServletWebServerApplicationContext - Root WebApplicationContext: initialization completed in 597 ms
25-07-07.11:08:42.588 [main            ] INFO  Version                - Redisson 3.24.3
25-07-07.11:08:42.598 [main            ] WARN  DnsServerAddressStreamProviders - Can not find io.netty.resolver.dns.macos.MacOSDnsServerAddressStreamProvider in the classpath, fallback to system defaults. This may result in incorrect DNS resolutions on MacOS. Check whether you have a dependency on 'io.netty:netty-resolver-dns-native-macos'
25-07-07.11:08:42.661 [redisson-netty-2-6] INFO  MasterPubSubConnectionPool - 1 connections initialized for 192.168.12.230/192.168.12.230:6399
25-07-07.11:08:42.703 [redisson-netty-2-13] INFO  MasterConnectionPool   - 5 connections initialized for 192.168.12.230/192.168.12.230:6399
25-07-07.11:08:43.037 [main            ] INFO  EndpointLinksResolver  - Exposing 1 endpoint(s) beneath base path '/actuator'
25-07-07.11:08:43.054 [main            ] INFO  Http11NioProtocol      - Starting ProtocolHandler ["http-nio-8091"]
25-07-07.11:08:43.059 [main            ] INFO  TomcatWebServer        - Tomcat started on port(s): 8091 (http) with context path ''
25-07-07.11:08:43.067 [main            ] INFO  Application            - Started Application in 1.527 seconds (JVM running for 1.905)
25-07-07.11:08:43.373 [RMI TCP Connection(2)-127.0.0.1] INFO  [/]                    - Initializing Spring DispatcherServlet 'dispatcherServlet'
25-07-07.11:08:43.373 [RMI TCP Connection(2)-127.0.0.1] INFO  DispatcherServlet      - Initializing Servlet 'dispatcherServlet'
25-07-07.11:08:43.374 [RMI TCP Connection(3)-127.0.0.1] INFO  HikariDataSource       - HikariPool-1 - Starting...
25-07-07.11:08:43.375 [RMI TCP Connection(2)-127.0.0.1] INFO  DispatcherServlet      - Completed initialization in 2 ms
25-07-07.11:08:43.575 [RMI TCP Connection(3)-127.0.0.1] INFO  HikariDataSource       - HikariPool-1 - Start completed.
25-07-07.11:08:45.006 [scheduling-1    ] INFO  UpdateAwardStockJob    - 定时任务，更新奖品消耗库存【延迟队列获取，降低对数据库的更新频次，不要产生竞争】
25-07-07.11:08:50.005 [scheduling-1    ] INFO  UpdateAwardStockJob    - 定时任务，更新奖品消耗库存【延迟队列获取，降低对数据库的更新频次，不要产生竞争】
25-07-07.11:08:55.005 [scheduling-1    ] INFO  UpdateAwardStockJob    - 定时任务，更新奖品消耗库存【延迟队列获取，降低对数据库的更新频次，不要产生竞争】
25-07-07.11:09:00.005 [scheduling-1    ] INFO  UpdateAwardStockJob    - 定时任务，更新奖品消耗库存【延迟队列获取，降低对数据库的更新频次，不要产生竞争】
25-07-07.11:09:03.747 [SpringApplicationShutdownHook] INFO  HikariDataSource       - HikariPool-1 - Shutdown initiated...
25-07-07.11:09:03.750 [SpringApplicationShutdownHook] INFO  HikariDataSource       - HikariPool-1 - Shutdown completed.
25-07-07.11:10:33.091 [main            ] INFO  Application            - Starting Application using Java 1.8.0_452 on xingedeMacBook-Air.local with PID 67935 (/Users/xingeqi/Downloads/untitled1/untitled1-app/target/classes started by xingeqi in /Users/xingeqi/Downloads/untitled1)
25-07-07.11:10:33.092 [main            ] INFO  Application            - The following 1 profile is active: "dev"
25-07-07.11:10:33.420 [main            ] INFO  RepositoryConfigurationDelegate - Multiple Spring Data modules found, entering strict repository configuration mode
25-07-07.11:10:33.421 [main            ] INFO  RepositoryConfigurationDelegate - Bootstrapping Spring Data Redis repositories in DEFAULT mode.
25-07-07.11:10:33.430 [main            ] INFO  RepositoryConfigurationDelegate - Finished Spring Data repository scanning in 6 ms. Found 0 Redis repository interfaces.
25-07-07.11:10:33.629 [main            ] INFO  TomcatWebServer        - Tomcat initialized with port(s): 8091 (http)
25-07-07.11:10:33.632 [main            ] INFO  Http11NioProtocol      - Initializing ProtocolHandler ["http-nio-8091"]
25-07-07.11:10:33.632 [main            ] INFO  StandardService        - Starting service [Tomcat]
25-07-07.11:10:33.632 [main            ] INFO  StandardEngine         - Starting Servlet engine: [Apache Tomcat/9.0.75]
25-07-07.11:10:33.665 [main            ] INFO  [/]                    - Initializing Spring embedded WebApplicationContext
25-07-07.11:10:33.665 [main            ] INFO  ServletWebServerApplicationContext - Root WebApplicationContext: initialization completed in 558 ms
25-07-07.11:10:33.900 [main            ] INFO  Version                - Redisson 3.24.3
25-07-07.11:10:33.909 [main            ] WARN  DnsServerAddressStreamProviders - Can not find io.netty.resolver.dns.macos.MacOSDnsServerAddressStreamProvider in the classpath, fallback to system defaults. This may result in incorrect DNS resolutions on MacOS. Check whether you have a dependency on 'io.netty:netty-resolver-dns-native-macos'
25-07-07.11:10:33.976 [redisson-netty-2-6] INFO  MasterPubSubConnectionPool - 1 connections initialized for 192.168.12.230/192.168.12.230:6399
25-07-07.11:10:34.016 [redisson-netty-2-13] INFO  MasterConnectionPool   - 5 connections initialized for 192.168.12.230/192.168.12.230:6399
25-07-07.11:10:34.326 [main            ] INFO  EndpointLinksResolver  - Exposing 1 endpoint(s) beneath base path '/actuator'
25-07-07.11:10:34.342 [main            ] INFO  Http11NioProtocol      - Starting ProtocolHandler ["http-nio-8091"]
25-07-07.11:10:34.347 [main            ] INFO  TomcatWebServer        - Tomcat started on port(s): 8091 (http) with context path ''
25-07-07.11:10:34.355 [main            ] INFO  Application            - Started Application in 1.437 seconds (JVM running for 1.707)
25-07-07.11:10:34.861 [RMI TCP Connection(2)-127.0.0.1] INFO  HikariDataSource       - HikariPool-1 - Starting...
25-07-07.11:10:34.867 [RMI TCP Connection(3)-127.0.0.1] INFO  [/]                    - Initializing Spring DispatcherServlet 'dispatcherServlet'
25-07-07.11:10:34.867 [RMI TCP Connection(3)-127.0.0.1] INFO  DispatcherServlet      - Initializing Servlet 'dispatcherServlet'
25-07-07.11:10:34.869 [RMI TCP Connection(3)-127.0.0.1] INFO  DispatcherServlet      - Completed initialization in 2 ms
25-07-07.11:10:35.005 [RMI TCP Connection(2)-127.0.0.1] INFO  HikariDataSource       - HikariPool-1 - Start completed.
25-07-07.11:10:35.005 [scheduling-1    ] INFO  UpdateAwardStockJob    - 定时任务，更新奖品消耗库存【延迟队列获取，降低对数据库的更新频次，不要产生竞争】
25-07-07.11:10:40.005 [scheduling-1    ] INFO  UpdateAwardStockJob    - 定时任务，更新奖品消耗库存【延迟队列获取，降低对数据库的更新频次，不要产生竞争】
25-07-07.11:10:40.861 [http-nio-8091-exec-2] INFO  RaffleController       - 抽奖装配策略开始, strategyId: 100006
25-07-07.11:10:41.016 [http-nio-8091-exec-2] INFO  RaffleController       - 抽奖装配策略成功, strategyId: 100006
25-07-07.11:10:44.502 [http-nio-8091-exec-3] INFO  RaffleController       - 随机抽奖开始 strategyId: 100006
25-07-07.11:10:44.602 [http-nio-8091-exec-3] INFO  BackListLogicChain     - 抽奖责任链—黑名单, userId=system, strategyId=100006, ruleModel=rule_blacklist
25-07-07.11:10:44.631 [http-nio-8091-exec-3] INFO  BackListLogicChain     - 抽奖责任链：黑名单放行 userId=system, strategyId=100006, ruleModel=rule_blacklist
25-07-07.11:10:44.645 [http-nio-8091-exec-3] INFO  DefaultLogChain        - 抽奖责任链—默认处理, userId=system, strategyId=100006, ruleModel=rule_default, awardId=101
25-07-07.11:10:44.649 [http-nio-8091-exec-3] INFO  AbstractRaffleStrategy - 抽奖策略计算-责任链 system 100006 101 rule_default
25-07-07.11:10:44.686 [http-nio-8091-exec-3] INFO  RuleLockLogicTreeNode  - 规则过滤，lock解锁接管了，userid:system,strategyId:100006,awardId:101
25-07-07.11:10:44.688 [http-nio-8091-exec-3] INFO  RuleLuckAwardLogicTreeNode - 规则过滤-兜底奖品 userId:system strategyId:100006 awardId:101 ruleValue:101:1,100
25-07-07.11:10:44.688 [http-nio-8091-exec-3] INFO  RuleLuckAwardLogicTreeNode - 规则过滤-兜底奖品 userId:system strategyId:100006 awardId:101 awardRuleValue:1,100
25-07-07.11:10:44.688 [http-nio-8091-exec-3] INFO  AbstractRaffleStrategy - 抽奖策略计算-规则树 system 100006 101 1,100
25-07-07.11:10:44.758 [http-nio-8091-exec-3] INFO  RaffleController       - 随机抽奖完成 strategyId: 100006 response: {"code":"0000","data":{"awardId":101,"awardIndex":1},"info":"成功"}
25-07-07.11:10:45.001 [scheduling-1    ] INFO  UpdateAwardStockJob    - 定时任务，更新奖品消耗库存【延迟队列获取，降低对数据库的更新频次，不要产生竞争】
25-07-07.11:10:50.005 [scheduling-1    ] INFO  UpdateAwardStockJob    - 定时任务，更新奖品消耗库存【延迟队列获取，降低对数据库的更新频次，不要产生竞争】
25-07-07.11:10:55.006 [scheduling-1    ] INFO  UpdateAwardStockJob    - 定时任务，更新奖品消耗库存【延迟队列获取，降低对数据库的更新频次，不要产生竞争】
25-07-07.11:10:55.825 [http-nio-8091-exec-4] INFO  RaffleController       - 抽奖装配策略开始, strategyId: 100006
25-07-07.11:10:55.893 [http-nio-8091-exec-4] INFO  RaffleController       - 抽奖装配策略成功, strategyId: 100006
25-07-07.11:10:59.086 [http-nio-8091-exec-5] INFO  RaffleController       - 随机抽奖开始 strategyId: 100006
25-07-07.11:10:59.111 [http-nio-8091-exec-5] INFO  BackListLogicChain     - 抽奖责任链—黑名单, userId=system, strategyId=100006, ruleModel=rule_blacklist
25-07-07.11:10:59.118 [http-nio-8091-exec-5] INFO  BackListLogicChain     - 抽奖责任链：黑名单放行 userId=system, strategyId=100006, ruleModel=rule_blacklist
25-07-07.11:10:59.132 [http-nio-8091-exec-5] INFO  DefaultLogChain        - 抽奖责任链—默认处理, userId=system, strategyId=100006, ruleModel=rule_default, awardId=101
25-07-07.11:10:59.132 [http-nio-8091-exec-5] INFO  AbstractRaffleStrategy - 抽奖策略计算-责任链 system 100006 101 rule_default
25-07-07.11:10:59.146 [http-nio-8091-exec-5] INFO  RuleLockLogicTreeNode  - 规则过滤，lock解锁接管了，userid:system,strategyId:100006,awardId:101
25-07-07.11:10:59.146 [http-nio-8091-exec-5] INFO  RuleLuckAwardLogicTreeNode - 规则过滤-兜底奖品 userId:system strategyId:100006 awardId:101 ruleValue:101:1,100
25-07-07.11:10:59.146 [http-nio-8091-exec-5] INFO  RuleLuckAwardLogicTreeNode - 规则过滤-兜底奖品 userId:system strategyId:100006 awardId:101 awardRuleValue:1,100
25-07-07.11:10:59.146 [http-nio-8091-exec-5] INFO  AbstractRaffleStrategy - 抽奖策略计算-规则树 system 100006 101 1,100
25-07-07.11:10:59.154 [http-nio-8091-exec-5] INFO  RaffleController       - 随机抽奖完成 strategyId: 100006 response: {"code":"0000","data":{"awardId":101,"awardIndex":1},"info":"成功"}
25-07-07.11:11:00.005 [scheduling-1    ] INFO  UpdateAwardStockJob    - 定时任务，更新奖品消耗库存【延迟队列获取，降低对数据库的更新频次，不要产生竞争】
25-07-07.11:11:00.056 [http-nio-8091-exec-6] INFO  RaffleController       - 随机抽奖开始 strategyId: 100006
25-07-07.11:11:00.076 [http-nio-8091-exec-6] INFO  BackListLogicChain     - 抽奖责任链—黑名单, userId=system, strategyId=100006, ruleModel=rule_blacklist
25-07-07.11:11:00.088 [http-nio-8091-exec-6] INFO  BackListLogicChain     - 抽奖责任链：黑名单放行 userId=system, strategyId=100006, ruleModel=rule_blacklist
25-07-07.11:11:00.104 [http-nio-8091-exec-6] INFO  DefaultLogChain        - 抽奖责任链—默认处理, userId=system, strategyId=100006, ruleModel=rule_default, awardId=101
25-07-07.11:11:00.104 [http-nio-8091-exec-6] INFO  AbstractRaffleStrategy - 抽奖策略计算-责任链 system 100006 101 rule_default
25-07-07.11:11:00.120 [http-nio-8091-exec-6] INFO  RuleLockLogicTreeNode  - 规则过滤，lock解锁接管了，userid:system,strategyId:100006,awardId:101
25-07-07.11:11:00.120 [http-nio-8091-exec-6] INFO  RuleLuckAwardLogicTreeNode - 规则过滤-兜底奖品 userId:system strategyId:100006 awardId:101 ruleValue:101:1,100
25-07-07.11:11:00.120 [http-nio-8091-exec-6] INFO  RuleLuckAwardLogicTreeNode - 规则过滤-兜底奖品 userId:system strategyId:100006 awardId:101 awardRuleValue:1,100
25-07-07.11:11:00.121 [http-nio-8091-exec-6] INFO  AbstractRaffleStrategy - 抽奖策略计算-规则树 system 100006 101 1,100
25-07-07.11:11:00.128 [http-nio-8091-exec-6] INFO  RaffleController       - 随机抽奖完成 strategyId: 100006 response: {"code":"0000","data":{"awardId":101,"awardIndex":1},"info":"成功"}
25-07-07.11:11:05.002 [scheduling-1    ] INFO  UpdateAwardStockJob    - 定时任务，更新奖品消耗库存【延迟队列获取，降低对数据库的更新频次，不要产生竞争】
25-07-07.11:11:10.003 [scheduling-1    ] INFO  UpdateAwardStockJob    - 定时任务，更新奖品消耗库存【延迟队列获取，降低对数据库的更新频次，不要产生竞争】
25-07-07.11:11:15.001 [scheduling-1    ] INFO  UpdateAwardStockJob    - 定时任务，更新奖品消耗库存【延迟队列获取，降低对数据库的更新频次，不要产生竞争】
25-07-07.11:11:17.551 [http-nio-8091-exec-7] INFO  RaffleController       - 抽奖装配策略开始, strategyId: 100006
25-07-07.11:11:17.660 [http-nio-8091-exec-7] INFO  RaffleController       - 抽奖装配策略成功, strategyId: 100006
25-07-07.11:11:20.004 [scheduling-1    ] INFO  UpdateAwardStockJob    - 定时任务，更新奖品消耗库存【延迟队列获取，降低对数据库的更新频次，不要产生竞争】
25-07-07.11:11:20.024 [http-nio-8091-exec-8] INFO  RaffleController       - 抽奖装配策略开始, strategyId: 100006
25-07-07.11:11:20.088 [http-nio-8091-exec-8] INFO  RaffleController       - 抽奖装配策略成功, strategyId: 100006
25-07-07.11:11:22.819 [http-nio-8091-exec-9] INFO  RaffleController       - 随机抽奖开始 strategyId: 100006
25-07-07.11:11:22.839 [http-nio-8091-exec-9] INFO  BackListLogicChain     - 抽奖责任链—黑名单, userId=system, strategyId=100006, ruleModel=rule_blacklist
25-07-07.11:11:22.848 [http-nio-8091-exec-9] INFO  BackListLogicChain     - 抽奖责任链：黑名单放行 userId=system, strategyId=100006, ruleModel=rule_blacklist
25-07-07.11:11:22.860 [http-nio-8091-exec-9] INFO  DefaultLogChain        - 抽奖责任链—默认处理, userId=system, strategyId=100006, ruleModel=rule_default, awardId=101
25-07-07.11:11:22.860 [http-nio-8091-exec-9] INFO  AbstractRaffleStrategy - 抽奖策略计算-责任链 system 100006 101 rule_default
25-07-07.11:11:22.912 [http-nio-8091-exec-9] INFO  RuleLockLogicTreeNode  - 规则过滤，lock解锁接管了，userid:system,strategyId:100006,awardId:101
25-07-07.11:11:22.912 [http-nio-8091-exec-9] INFO  RuleLuckAwardLogicTreeNode - 规则过滤-兜底奖品 userId:system strategyId:100006 awardId:101 ruleValue:100:1,100
25-07-07.11:11:22.912 [http-nio-8091-exec-9] INFO  RuleLuckAwardLogicTreeNode - 规则过滤-兜底奖品 userId:system strategyId:100006 awardId:100 awardRuleValue:1,100
25-07-07.11:11:22.913 [http-nio-8091-exec-9] INFO  AbstractRaffleStrategy - 抽奖策略计算-规则树 system 100006 100 1,100
25-07-07.11:11:22.936 [http-nio-8091-exec-9] ERROR RaffleController       - 随机抽奖失败 strategyId：100006
java.lang.NullPointerException: null
	at org.example.infrastructure.persistent.repository.StrategyRepository.queryStrategyAwardEntity(StrategyRepository.java:85)
	at org.example.infrastructure.persistent.repository.StrategyRepository$$FastClassBySpringCGLIB$$19908ba7.invoke(<generated>)
	at org.springframework.cglib.proxy.MethodProxy.invoke(MethodProxy.java:218)
	at org.springframework.aop.framework.CglibAopProxy$CglibMethodInvocation.invokeJoinpoint(CglibAopProxy.java:793)
	at org.springframework.aop.framework.ReflectiveMethodInvocation.proceed(ReflectiveMethodInvocation.java:163)
	at org.springframework.aop.framework.CglibAopProxy$CglibMethodInvocation.proceed(CglibAopProxy.java:763)
	at org.springframework.dao.support.PersistenceExceptionTranslationInterceptor.invoke(PersistenceExceptionTranslationInterceptor.java:137)
	at org.springframework.aop.framework.ReflectiveMethodInvocation.proceed(ReflectiveMethodInvocation.java:186)
	at org.springframework.aop.framework.CglibAopProxy$CglibMethodInvocation.proceed(CglibAopProxy.java:763)
	at org.springframework.aop.framework.CglibAopProxy$DynamicAdvisedInterceptor.intercept(CglibAopProxy.java:708)
	at org.example.infrastructure.persistent.repository.StrategyRepository$$EnhancerBySpringCGLIB$$78d19e8f.queryStrategyAwardEntity(<generated>)
	at org.example.domain.strategy.service.raffle.AbstractRaffleStrategy.buildRaffleAwardEntity(AbstractRaffleStrategy.java:96)
	at org.example.domain.strategy.service.raffle.AbstractRaffleStrategy.performRaffle(AbstractRaffleStrategy.java:63)
	at org.example.trigger.http.RaffleController.randomRaffle(RaffleController.java:135)
	at sun.reflect.NativeMethodAccessorImpl.invoke0(Native Method)
	at sun.reflect.NativeMethodAccessorImpl.invoke(NativeMethodAccessorImpl.java:62)
	at sun.reflect.DelegatingMethodAccessorImpl.invoke(DelegatingMethodAccessorImpl.java:43)
	at java.lang.reflect.Method.invoke(Method.java:498)
	at org.springframework.web.method.support.InvocableHandlerMethod.doInvoke(InvocableHandlerMethod.java:205)
	at org.springframework.web.method.support.InvocableHandlerMethod.invokeForRequest(InvocableHandlerMethod.java:150)
	at org.springframework.web.servlet.mvc.method.annotation.ServletInvocableHandlerMethod.invokeAndHandle(ServletInvocableHandlerMethod.java:117)
	at org.springframework.web.servlet.mvc.method.annotation.RequestMappingHandlerAdapter.invokeHandlerMethod(RequestMappingHandlerAdapter.java:895)
	at org.springframework.web.servlet.mvc.method.annotation.RequestMappingHandlerAdapter.handleInternal(RequestMappingHandlerAdapter.java:808)
	at org.springframework.web.servlet.mvc.method.AbstractHandlerMethodAdapter.handle(AbstractHandlerMethodAdapter.java:87)
	at org.springframework.web.servlet.DispatcherServlet.doDispatch(DispatcherServlet.java:1072)
	at org.springframework.web.servlet.DispatcherServlet.doService(DispatcherServlet.java:965)
	at org.springframework.web.servlet.FrameworkServlet.processRequest(FrameworkServlet.java:1006)
	at org.springframework.web.servlet.FrameworkServlet.doPost(FrameworkServlet.java:909)
	at javax.servlet.http.HttpServlet.service(HttpServlet.java:555)
	at org.springframework.web.servlet.FrameworkServlet.service(FrameworkServlet.java:883)
	at javax.servlet.http.HttpServlet.service(HttpServlet.java:623)
	at org.apache.catalina.core.ApplicationFilterChain.internalDoFilter(ApplicationFilterChain.java:209)
	at org.apache.catalina.core.ApplicationFilterChain.doFilter(ApplicationFilterChain.java:153)
	at org.apache.tomcat.websocket.server.WsFilter.doFilter(WsFilter.java:51)
	at org.apache.catalina.core.ApplicationFilterChain.internalDoFilter(ApplicationFilterChain.java:178)
	at org.apache.catalina.core.ApplicationFilterChain.doFilter(ApplicationFilterChain.java:153)
	at org.springframework.web.filter.RequestContextFilter.doFilterInternal(RequestContextFilter.java:100)
	at org.springframework.web.filter.OncePerRequestFilter.doFilter(OncePerRequestFilter.java:117)
	at org.apache.catalina.core.ApplicationFilterChain.internalDoFilter(ApplicationFilterChain.java:178)
	at org.apache.catalina.core.ApplicationFilterChain.doFilter(ApplicationFilterChain.java:153)
	at org.springframework.web.filter.FormContentFilter.doFilterInternal(FormContentFilter.java:93)
	at org.springframework.web.filter.OncePerRequestFilter.doFilter(OncePerRequestFilter.java:117)
	at org.apache.catalina.core.ApplicationFilterChain.internalDoFilter(ApplicationFilterChain.java:178)
	at org.apache.catalina.core.ApplicationFilterChain.doFilter(ApplicationFilterChain.java:153)
	at org.springframework.boot.actuate.metrics.web.servlet.WebMvcMetricsFilter.doFilterInternal(WebMvcMetricsFilter.java:96)
	at org.springframework.web.filter.OncePerRequestFilter.doFilter(OncePerRequestFilter.java:117)
	at org.apache.catalina.core.ApplicationFilterChain.internalDoFilter(ApplicationFilterChain.java:178)
	at org.apache.catalina.core.ApplicationFilterChain.doFilter(ApplicationFilterChain.java:153)
	at org.springframework.web.filter.CharacterEncodingFilter.doFilterInternal(CharacterEncodingFilter.java:201)
	at org.springframework.web.filter.OncePerRequestFilter.doFilter(OncePerRequestFilter.java:117)
	at org.apache.catalina.core.ApplicationFilterChain.internalDoFilter(ApplicationFilterChain.java:178)
	at org.apache.catalina.core.ApplicationFilterChain.doFilter(ApplicationFilterChain.java:153)
	at org.apache.catalina.core.StandardWrapperValve.invoke(StandardWrapperValve.java:167)
	at org.apache.catalina.core.StandardContextValve.invoke(StandardContextValve.java:90)
	at org.apache.catalina.authenticator.AuthenticatorBase.invoke(AuthenticatorBase.java:481)
	at org.apache.catalina.core.StandardHostValve.invoke(StandardHostValve.java:130)
	at org.apache.catalina.valves.ErrorReportValve.invoke(ErrorReportValve.java:93)
	at org.apache.catalina.core.StandardEngineValve.invoke(StandardEngineValve.java:74)
	at org.apache.catalina.connector.CoyoteAdapter.service(CoyoteAdapter.java:343)
	at org.apache.coyote.http11.Http11Processor.service(Http11Processor.java:390)
	at org.apache.coyote.AbstractProcessorLight.process(AbstractProcessorLight.java:63)
	at org.apache.coyote.AbstractProtocol$ConnectionHandler.process(AbstractProtocol.java:926)
	at org.apache.tomcat.util.net.NioEndpoint$SocketProcessor.doRun(NioEndpoint.java:1791)
	at org.apache.tomcat.util.net.SocketProcessorBase.run(SocketProcessorBase.java:52)
	at org.apache.tomcat.util.threads.ThreadPoolExecutor.runWorker(ThreadPoolExecutor.java:1191)
	at org.apache.tomcat.util.threads.ThreadPoolExecutor$Worker.run(ThreadPoolExecutor.java:659)
	at org.apache.tomcat.util.threads.TaskThread$WrappingRunnable.run(TaskThread.java:61)
	at java.lang.Thread.run(Thread.java:750)
25-07-07.11:11:25.001 [scheduling-1    ] INFO  UpdateAwardStockJob    - 定时任务，更新奖品消耗库存【延迟队列获取，降低对数据库的更新频次，不要产生竞争】
25-07-07.11:11:30.004 [scheduling-1    ] INFO  UpdateAwardStockJob    - 定时任务，更新奖品消耗库存【延迟队列获取，降低对数据库的更新频次，不要产生竞争】
25-07-07.11:11:35.005 [scheduling-1    ] INFO  UpdateAwardStockJob    - 定时任务，更新奖品消耗库存【延迟队列获取，降低对数据库的更新频次，不要产生竞争】
25-07-07.11:11:40.004 [scheduling-1    ] INFO  UpdateAwardStockJob    - 定时任务，更新奖品消耗库存【延迟队列获取，降低对数据库的更新频次，不要产生竞争】
25-07-07.11:11:45.003 [scheduling-1    ] INFO  UpdateAwardStockJob    - 定时任务，更新奖品消耗库存【延迟队列获取，降低对数据库的更新频次，不要产生竞争】
25-07-07.11:11:48.973 [SpringApplicationShutdownHook] INFO  HikariDataSource       - HikariPool-1 - Shutdown initiated...
25-07-07.11:11:48.979 [SpringApplicationShutdownHook] INFO  HikariDataSource       - HikariPool-1 - Shutdown completed.
25-07-07.11:11:51.634 [main            ] INFO  Application            - Starting Application using Java 1.8.0_452 on xingedeMacBook-Air.local with PID 68034 (/Users/xingeqi/Downloads/untitled1/untitled1-app/target/classes started by xingeqi in /Users/xingeqi/Downloads/untitled1)
25-07-07.11:11:51.635 [main            ] INFO  Application            - The following 1 profile is active: "dev"
25-07-07.11:11:51.949 [main            ] INFO  RepositoryConfigurationDelegate - Multiple Spring Data modules found, entering strict repository configuration mode
25-07-07.11:11:51.949 [main            ] INFO  RepositoryConfigurationDelegate - Bootstrapping Spring Data Redis repositories in DEFAULT mode.
25-07-07.11:11:51.962 [main            ] INFO  RepositoryConfigurationDelegate - Finished Spring Data repository scanning in 8 ms. Found 0 Redis repository interfaces.
25-07-07.11:11:52.132 [main            ] INFO  TomcatWebServer        - Tomcat initialized with port(s): 8091 (http)
25-07-07.11:11:52.134 [main            ] INFO  Http11NioProtocol      - Initializing ProtocolHandler ["http-nio-8091"]
25-07-07.11:11:52.134 [main            ] INFO  StandardService        - Starting service [Tomcat]
25-07-07.11:11:52.134 [main            ] INFO  StandardEngine         - Starting Servlet engine: [Apache Tomcat/9.0.75]
25-07-07.11:11:52.166 [main            ] INFO  [/]                    - Initializing Spring embedded WebApplicationContext
25-07-07.11:11:52.167 [main            ] INFO  ServletWebServerApplicationContext - Root WebApplicationContext: initialization completed in 517 ms
25-07-07.11:11:52.382 [main            ] INFO  Version                - Redisson 3.24.3
25-07-07.11:11:52.390 [main            ] WARN  DnsServerAddressStreamProviders - Can not find io.netty.resolver.dns.macos.MacOSDnsServerAddressStreamProvider in the classpath, fallback to system defaults. This may result in incorrect DNS resolutions on MacOS. Check whether you have a dependency on 'io.netty:netty-resolver-dns-native-macos'
25-07-07.11:11:52.451 [redisson-netty-2-6] INFO  MasterPubSubConnectionPool - 1 connections initialized for 192.168.12.230/192.168.12.230:6399
25-07-07.11:11:52.497 [redisson-netty-2-13] INFO  MasterConnectionPool   - 5 connections initialized for 192.168.12.230/192.168.12.230:6399
25-07-07.11:11:52.816 [main            ] INFO  EndpointLinksResolver  - Exposing 1 endpoint(s) beneath base path '/actuator'
25-07-07.11:11:52.832 [main            ] INFO  Http11NioProtocol      - Starting ProtocolHandler ["http-nio-8091"]
25-07-07.11:11:52.837 [main            ] INFO  TomcatWebServer        - Tomcat started on port(s): 8091 (http) with context path ''
25-07-07.11:11:52.845 [main            ] INFO  Application            - Started Application in 1.393 seconds (JVM running for 1.624)
25-07-07.11:11:52.961 [RMI TCP Connection(3)-127.0.0.1] INFO  [/]                    - Initializing Spring DispatcherServlet 'dispatcherServlet'
25-07-07.11:11:52.961 [RMI TCP Connection(3)-127.0.0.1] INFO  DispatcherServlet      - Initializing Servlet 'dispatcherServlet'
25-07-07.11:11:52.962 [RMI TCP Connection(3)-127.0.0.1] INFO  DispatcherServlet      - Completed initialization in 1 ms
25-07-07.11:11:52.962 [RMI TCP Connection(1)-127.0.0.1] INFO  HikariDataSource       - HikariPool-1 - Starting...
25-07-07.11:11:53.143 [RMI TCP Connection(1)-127.0.0.1] INFO  HikariDataSource       - HikariPool-1 - Start completed.
25-07-07.11:11:55.005 [scheduling-1    ] INFO  UpdateAwardStockJob    - 定时任务，更新奖品消耗库存【延迟队列获取，降低对数据库的更新频次，不要产生竞争】
25-07-07.11:12:00.005 [scheduling-1    ] INFO  UpdateAwardStockJob    - 定时任务，更新奖品消耗库存【延迟队列获取，降低对数据库的更新频次，不要产生竞争】
25-07-07.11:12:00.814 [http-nio-8091-exec-2] INFO  RaffleController       - 抽奖装配策略开始, strategyId: 100006
25-07-07.11:12:01.004 [http-nio-8091-exec-2] INFO  RaffleController       - 抽奖装配策略成功, strategyId: 100006
25-07-07.11:12:03.374 [http-nio-8091-exec-3] INFO  RaffleController       - 随机抽奖开始 strategyId: 100006
25-07-07.11:12:03.396 [http-nio-8091-exec-3] INFO  BackListLogicChain     - 抽奖责任链—黑名单, userId=system, strategyId=100006, ruleModel=rule_blacklist
25-07-07.11:12:03.415 [http-nio-8091-exec-3] INFO  BackListLogicChain     - 抽奖责任链：黑名单放行 userId=system, strategyId=100006, ruleModel=rule_blacklist
25-07-07.11:12:03.429 [http-nio-8091-exec-3] INFO  DefaultLogChain        - 抽奖责任链—默认处理, userId=system, strategyId=100006, ruleModel=rule_default, awardId=101
25-07-07.11:12:03.430 [http-nio-8091-exec-3] INFO  AbstractRaffleStrategy - 抽奖策略计算-责任链 system 100006 101 rule_default
25-07-07.11:12:03.491 [http-nio-8091-exec-3] INFO  RuleLockLogicTreeNode  - 规则过滤，lock解锁接管了，userid:system,strategyId:100006,awardId:101
25-07-07.11:12:03.493 [http-nio-8091-exec-3] INFO  RuleLuckAwardLogicTreeNode - 规则过滤-兜底奖品 userId:system strategyId:100006 awardId:101 ruleValue:101:1,100
25-07-07.11:12:03.493 [http-nio-8091-exec-3] INFO  RuleLuckAwardLogicTreeNode - 规则过滤-兜底奖品 userId:system strategyId:100006 awardId:101 awardRuleValue:1,100
25-07-07.11:12:03.494 [http-nio-8091-exec-3] INFO  AbstractRaffleStrategy - 抽奖策略计算-规则树 system 100006 101 1,100
25-07-07.11:12:03.585 [http-nio-8091-exec-3] INFO  RaffleController       - 随机抽奖完成 strategyId: 100006 response: {"code":"0000","data":{"awardId":101,"awardIndex":1},"info":"成功"}
25-07-07.11:12:05.004 [scheduling-1    ] INFO  UpdateAwardStockJob    - 定时任务，更新奖品消耗库存【延迟队列获取，降低对数据库的更新频次，不要产生竞争】
25-07-07.11:12:10.005 [scheduling-1    ] INFO  UpdateAwardStockJob    - 定时任务，更新奖品消耗库存【延迟队列获取，降低对数据库的更新频次，不要产生竞争】
25-07-07.11:12:15.005 [scheduling-1    ] INFO  UpdateAwardStockJob    - 定时任务，更新奖品消耗库存【延迟队列获取，降低对数据库的更新频次，不要产生竞争】
25-07-07.11:12:20.003 [scheduling-1    ] INFO  UpdateAwardStockJob    - 定时任务，更新奖品消耗库存【延迟队列获取，降低对数据库的更新频次，不要产生竞争】
25-07-07.11:12:25.006 [scheduling-1    ] INFO  UpdateAwardStockJob    - 定时任务，更新奖品消耗库存【延迟队列获取，降低对数据库的更新频次，不要产生竞争】
25-07-07.11:12:30.000 [scheduling-1    ] INFO  UpdateAwardStockJob    - 定时任务，更新奖品消耗库存【延迟队列获取，降低对数据库的更新频次，不要产生竞争】
25-07-07.11:12:35.001 [scheduling-1    ] INFO  UpdateAwardStockJob    - 定时任务，更新奖品消耗库存【延迟队列获取，降低对数据库的更新频次，不要产生竞争】
25-07-07.11:12:40.004 [scheduling-1    ] INFO  UpdateAwardStockJob    - 定时任务，更新奖品消耗库存【延迟队列获取，降低对数据库的更新频次，不要产生竞争】
25-07-07.11:12:45.004 [scheduling-1    ] INFO  UpdateAwardStockJob    - 定时任务，更新奖品消耗库存【延迟队列获取，降低对数据库的更新频次，不要产生竞争】
25-07-07.11:12:50.003 [scheduling-1    ] INFO  UpdateAwardStockJob    - 定时任务，更新奖品消耗库存【延迟队列获取，降低对数据库的更新频次，不要产生竞争】
25-07-07.11:12:55.005 [scheduling-1    ] INFO  UpdateAwardStockJob    - 定时任务，更新奖品消耗库存【延迟队列获取，降低对数据库的更新频次，不要产生竞争】
25-07-07.11:13:00.005 [scheduling-1    ] INFO  UpdateAwardStockJob    - 定时任务，更新奖品消耗库存【延迟队列获取，降低对数据库的更新频次，不要产生竞争】
25-07-07.11:13:05.002 [scheduling-1    ] INFO  UpdateAwardStockJob    - 定时任务，更新奖品消耗库存【延迟队列获取，降低对数据库的更新频次，不要产生竞争】
25-07-07.11:13:10.001 [scheduling-1    ] INFO  UpdateAwardStockJob    - 定时任务，更新奖品消耗库存【延迟队列获取，降低对数据库的更新频次，不要产生竞争】
25-07-07.11:13:15.002 [scheduling-1    ] INFO  UpdateAwardStockJob    - 定时任务，更新奖品消耗库存【延迟队列获取，降低对数据库的更新频次，不要产生竞争】
25-07-07.11:13:20.003 [scheduling-1    ] INFO  UpdateAwardStockJob    - 定时任务，更新奖品消耗库存【延迟队列获取，降低对数据库的更新频次，不要产生竞争】
25-07-07.11:13:25.006 [scheduling-1    ] INFO  UpdateAwardStockJob    - 定时任务，更新奖品消耗库存【延迟队列获取，降低对数据库的更新频次，不要产生竞争】
25-07-07.11:13:26.736 [SpringApplicationShutdownHook] INFO  HikariDataSource       - HikariPool-1 - Shutdown initiated...
25-07-07.11:13:26.740 [SpringApplicationShutdownHook] INFO  HikariDataSource       - HikariPool-1 - Shutdown completed.
25-07-07.21:53:26.942 [main            ] INFO  Application            - Starting Application using Java 1.8.0_452 on xingedeMacBook-Air.local with PID 94889 (/Users/xingeqi/Downloads/untitled1/untitled1-app/target/classes started by xingeqi in /Users/xingeqi/Downloads/untitled1)
25-07-07.21:53:26.944 [main            ] INFO  Application            - The following 1 profile is active: "dev"
25-07-07.21:53:27.406 [main            ] INFO  RepositoryConfigurationDelegate - Multiple Spring Data modules found, entering strict repository configuration mode
25-07-07.21:53:27.407 [main            ] INFO  RepositoryConfigurationDelegate - Bootstrapping Spring Data Redis repositories in DEFAULT mode.
25-07-07.21:53:27.423 [main            ] INFO  RepositoryConfigurationDelegate - Finished Spring Data repository scanning in 6 ms. Found 0 Redis repository interfaces.
25-07-07.21:53:27.623 [main            ] INFO  TomcatWebServer        - Tomcat initialized with port(s): 8091 (http)
25-07-07.21:53:27.627 [main            ] INFO  Http11NioProtocol      - Initializing ProtocolHandler ["http-nio-8091"]
25-07-07.21:53:27.627 [main            ] INFO  StandardService        - Starting service [Tomcat]
25-07-07.21:53:27.627 [main            ] INFO  StandardEngine         - Starting Servlet engine: [Apache Tomcat/9.0.75]
25-07-07.21:53:27.663 [main            ] INFO  [/]                    - Initializing Spring embedded WebApplicationContext
25-07-07.21:53:27.664 [main            ] INFO  ServletWebServerApplicationContext - Root WebApplicationContext: initialization completed in 700 ms
25-07-07.21:53:27.906 [main            ] INFO  Version                - Redisson 3.24.3
25-07-07.21:53:27.915 [main            ] WARN  DnsServerAddressStreamProviders - Can not find io.netty.resolver.dns.macos.MacOSDnsServerAddressStreamProvider in the classpath, fallback to system defaults. This may result in incorrect DNS resolutions on MacOS. Check whether you have a dependency on 'io.netty:netty-resolver-dns-native-macos'
25-07-07.21:53:28.223 [redisson-netty-2-6] INFO  MasterPubSubConnectionPool - 1 connections initialized for 192.168.12.230/192.168.12.230:6399
25-07-07.21:53:28.277 [redisson-netty-2-13] INFO  MasterConnectionPool   - 5 connections initialized for 192.168.12.230/192.168.12.230:6399
25-07-07.21:53:28.644 [main            ] INFO  EndpointLinksResolver  - Exposing 1 endpoint(s) beneath base path '/actuator'
25-07-07.21:53:28.661 [main            ] INFO  Http11NioProtocol      - Starting ProtocolHandler ["http-nio-8091"]
25-07-07.21:53:28.667 [main            ] INFO  TomcatWebServer        - Tomcat started on port(s): 8091 (http) with context path ''
25-07-07.21:53:28.676 [main            ] INFO  Application            - Started Application in 1.955 seconds (JVM running for 2.208)
25-07-07.21:53:28.889 [RMI TCP Connection(1)-127.0.0.1] INFO  [/]                    - Initializing Spring DispatcherServlet 'dispatcherServlet'
25-07-07.21:53:28.889 [RMI TCP Connection(1)-127.0.0.1] INFO  DispatcherServlet      - Initializing Servlet 'dispatcherServlet'
25-07-07.21:53:28.890 [RMI TCP Connection(2)-127.0.0.1] INFO  HikariDataSource       - HikariPool-1 - Starting...
25-07-07.21:53:28.891 [RMI TCP Connection(1)-127.0.0.1] INFO  DispatcherServlet      - Completed initialization in 2 ms
25-07-07.21:53:29.035 [RMI TCP Connection(2)-127.0.0.1] INFO  HikariDataSource       - HikariPool-1 - Start completed.
25-07-07.21:53:30.005 [scheduling-1    ] INFO  UpdateAwardStockJob    - 定时任务，更新奖品消耗库存【延迟队列获取，降低对数据库的更新频次，不要产生竞争】
25-07-07.21:53:34.864 [http-nio-8091-exec-1] INFO  Http11Processor        - Error parsing HTTP request header
 Note: further occurrences of HTTP request parsing errors will be logged at DEBUG level.
java.lang.IllegalArgumentException: Invalid character found in method name [0x160x030x010x020x000x010x000x010xfc0x030x030xf90xe40x870x110xd80xa60xf0X0x980x8d0xcaf]~h0xc50xbb<0xe50xdf0xa00xa90xa00xd40xea?^'0xe7(0xdd0x8d ]. HTTP method names must be tokens
	at org.apache.coyote.http11.Http11InputBuffer.parseRequestLine(Http11InputBuffer.java:407)
	at org.apache.coyote.http11.Http11Processor.service(Http11Processor.java:263)
	at org.apache.coyote.AbstractProcessorLight.process(AbstractProcessorLight.java:63)
	at org.apache.coyote.AbstractProtocol$ConnectionHandler.process(AbstractProtocol.java:926)
	at org.apache.tomcat.util.net.NioEndpoint$SocketProcessor.doRun(NioEndpoint.java:1791)
	at org.apache.tomcat.util.net.SocketProcessorBase.run(SocketProcessorBase.java:52)
	at org.apache.tomcat.util.threads.ThreadPoolExecutor.runWorker(ThreadPoolExecutor.java:1191)
	at org.apache.tomcat.util.threads.ThreadPoolExecutor$Worker.run(ThreadPoolExecutor.java:659)
	at org.apache.tomcat.util.threads.TaskThread$WrappingRunnable.run(TaskThread.java:61)
	at java.lang.Thread.run(Thread.java:750)
25-07-07.21:53:35.004 [scheduling-1    ] INFO  UpdateAwardStockJob    - 定时任务，更新奖品消耗库存【延迟队列获取，降低对数据库的更新频次，不要产生竞争】
25-07-07.21:53:40.001 [scheduling-1    ] INFO  UpdateAwardStockJob    - 定时任务，更新奖品消耗库存【延迟队列获取，降低对数据库的更新频次，不要产生竞争】
25-07-07.21:53:45.003 [scheduling-1    ] INFO  UpdateAwardStockJob    - 定时任务，更新奖品消耗库存【延迟队列获取，降低对数据库的更新频次，不要产生竞争】
25-07-07.21:53:50.006 [scheduling-1    ] INFO  UpdateAwardStockJob    - 定时任务，更新奖品消耗库存【延迟队列获取，降低对数据库的更新频次，不要产生竞争】
25-07-07.21:53:55.004 [scheduling-1    ] INFO  UpdateAwardStockJob    - 定时任务，更新奖品消耗库存【延迟队列获取，降低对数据库的更新频次，不要产生竞争】
25-07-07.21:54:00.006 [scheduling-1    ] INFO  UpdateAwardStockJob    - 定时任务，更新奖品消耗库存【延迟队列获取，降低对数据库的更新频次，不要产生竞争】
25-07-07.21:54:05.004 [scheduling-1    ] INFO  UpdateAwardStockJob    - 定时任务，更新奖品消耗库存【延迟队列获取，降低对数据库的更新频次，不要产生竞争】
25-07-07.21:54:10.005 [scheduling-1    ] INFO  UpdateAwardStockJob    - 定时任务，更新奖品消耗库存【延迟队列获取，降低对数据库的更新频次，不要产生竞争】
25-07-07.21:54:15.003 [scheduling-1    ] INFO  UpdateAwardStockJob    - 定时任务，更新奖品消耗库存【延迟队列获取，降低对数据库的更新频次，不要产生竞争】
25-07-07.21:54:20.005 [scheduling-1    ] INFO  UpdateAwardStockJob    - 定时任务，更新奖品消耗库存【延迟队列获取，降低对数据库的更新频次，不要产生竞争】
25-07-07.21:54:25.003 [scheduling-1    ] INFO  UpdateAwardStockJob    - 定时任务，更新奖品消耗库存【延迟队列获取，降低对数据库的更新频次，不要产生竞争】
25-07-07.21:54:30.000 [scheduling-1    ] INFO  UpdateAwardStockJob    - 定时任务，更新奖品消耗库存【延迟队列获取，降低对数据库的更新频次，不要产生竞争】
25-07-07.21:54:35.002 [scheduling-1    ] INFO  UpdateAwardStockJob    - 定时任务，更新奖品消耗库存【延迟队列获取，降低对数据库的更新频次，不要产生竞争】
25-07-07.21:54:40.003 [scheduling-1    ] INFO  UpdateAwardStockJob    - 定时任务，更新奖品消耗库存【延迟队列获取，降低对数据库的更新频次，不要产生竞争】
25-07-07.21:54:45.005 [scheduling-1    ] INFO  UpdateAwardStockJob    - 定时任务，更新奖品消耗库存【延迟队列获取，降低对数据库的更新频次，不要产生竞争】
25-07-07.21:54:50.004 [scheduling-1    ] INFO  UpdateAwardStockJob    - 定时任务，更新奖品消耗库存【延迟队列获取，降低对数据库的更新频次，不要产生竞争】
25-07-07.21:54:55.004 [scheduling-1    ] INFO  UpdateAwardStockJob    - 定时任务，更新奖品消耗库存【延迟队列获取，降低对数据库的更新频次，不要产生竞争】
25-07-07.21:55:00.004 [scheduling-1    ] INFO  UpdateAwardStockJob    - 定时任务，更新奖品消耗库存【延迟队列获取，降低对数据库的更新频次，不要产生竞争】
25-07-07.21:55:05.005 [scheduling-1    ] INFO  UpdateAwardStockJob    - 定时任务，更新奖品消耗库存【延迟队列获取，降低对数据库的更新频次，不要产生竞争】
25-07-07.21:55:10.005 [scheduling-1    ] INFO  UpdateAwardStockJob    - 定时任务，更新奖品消耗库存【延迟队列获取，降低对数据库的更新频次，不要产生竞争】
25-07-07.21:55:15.003 [scheduling-1    ] INFO  UpdateAwardStockJob    - 定时任务，更新奖品消耗库存【延迟队列获取，降低对数据库的更新频次，不要产生竞争】
25-07-07.21:55:20.005 [scheduling-1    ] INFO  UpdateAwardStockJob    - 定时任务，更新奖品消耗库存【延迟队列获取，降低对数据库的更新频次，不要产生竞争】
25-07-07.21:55:25.002 [scheduling-1    ] INFO  UpdateAwardStockJob    - 定时任务，更新奖品消耗库存【延迟队列获取，降低对数据库的更新频次，不要产生竞争】
25-07-07.21:55:30.004 [scheduling-1    ] INFO  UpdateAwardStockJob    - 定时任务，更新奖品消耗库存【延迟队列获取，降低对数据库的更新频次，不要产生竞争】
25-07-07.21:55:35.005 [scheduling-1    ] INFO  UpdateAwardStockJob    - 定时任务，更新奖品消耗库存【延迟队列获取，降低对数据库的更新频次，不要产生竞争】
25-07-07.21:55:40.005 [scheduling-1    ] INFO  UpdateAwardStockJob    - 定时任务，更新奖品消耗库存【延迟队列获取，降低对数据库的更新频次，不要产生竞争】
25-07-07.21:55:45.005 [scheduling-1    ] INFO  UpdateAwardStockJob    - 定时任务，更新奖品消耗库存【延迟队列获取，降低对数据库的更新频次，不要产生竞争】
25-07-07.21:55:50.005 [scheduling-1    ] INFO  UpdateAwardStockJob    - 定时任务，更新奖品消耗库存【延迟队列获取，降低对数据库的更新频次，不要产生竞争】
25-07-07.21:55:55.004 [scheduling-1    ] INFO  UpdateAwardStockJob    - 定时任务，更新奖品消耗库存【延迟队列获取，降低对数据库的更新频次，不要产生竞争】
25-07-07.21:56:00.006 [scheduling-1    ] INFO  UpdateAwardStockJob    - 定时任务，更新奖品消耗库存【延迟队列获取，降低对数据库的更新频次，不要产生竞争】
25-07-07.21:56:05.004 [scheduling-1    ] INFO  UpdateAwardStockJob    - 定时任务，更新奖品消耗库存【延迟队列获取，降低对数据库的更新频次，不要产生竞争】
25-07-07.21:56:10.005 [scheduling-1    ] INFO  UpdateAwardStockJob    - 定时任务，更新奖品消耗库存【延迟队列获取，降低对数据库的更新频次，不要产生竞争】
25-07-07.21:56:15.001 [scheduling-1    ] INFO  UpdateAwardStockJob    - 定时任务，更新奖品消耗库存【延迟队列获取，降低对数据库的更新频次，不要产生竞争】
25-07-07.21:56:20.001 [scheduling-1    ] INFO  UpdateAwardStockJob    - 定时任务，更新奖品消耗库存【延迟队列获取，降低对数据库的更新频次，不要产生竞争】
25-07-07.21:56:25.005 [scheduling-1    ] INFO  UpdateAwardStockJob    - 定时任务，更新奖品消耗库存【延迟队列获取，降低对数据库的更新频次，不要产生竞争】
25-07-07.21:56:30.002 [scheduling-1    ] INFO  UpdateAwardStockJob    - 定时任务，更新奖品消耗库存【延迟队列获取，降低对数据库的更新频次，不要产生竞争】
25-07-07.21:56:35.004 [scheduling-1    ] INFO  UpdateAwardStockJob    - 定时任务，更新奖品消耗库存【延迟队列获取，降低对数据库的更新频次，不要产生竞争】
25-07-07.21:56:40.004 [scheduling-1    ] INFO  UpdateAwardStockJob    - 定时任务，更新奖品消耗库存【延迟队列获取，降低对数据库的更新频次，不要产生竞争】
25-07-07.21:56:45.004 [scheduling-1    ] INFO  UpdateAwardStockJob    - 定时任务，更新奖品消耗库存【延迟队列获取，降低对数据库的更新频次，不要产生竞争】
25-07-07.21:56:50.004 [scheduling-1    ] INFO  UpdateAwardStockJob    - 定时任务，更新奖品消耗库存【延迟队列获取，降低对数据库的更新频次，不要产生竞争】
25-07-07.21:56:55.005 [scheduling-1    ] INFO  UpdateAwardStockJob    - 定时任务，更新奖品消耗库存【延迟队列获取，降低对数据库的更新频次，不要产生竞争】
25-07-07.21:57:00.005 [scheduling-1    ] INFO  UpdateAwardStockJob    - 定时任务，更新奖品消耗库存【延迟队列获取，降低对数据库的更新频次，不要产生竞争】
25-07-07.21:57:05.004 [scheduling-1    ] INFO  UpdateAwardStockJob    - 定时任务，更新奖品消耗库存【延迟队列获取，降低对数据库的更新频次，不要产生竞争】
25-07-07.21:57:10.004 [scheduling-1    ] INFO  UpdateAwardStockJob    - 定时任务，更新奖品消耗库存【延迟队列获取，降低对数据库的更新频次，不要产生竞争】
25-07-07.21:57:15.005 [scheduling-1    ] INFO  UpdateAwardStockJob    - 定时任务，更新奖品消耗库存【延迟队列获取，降低对数据库的更新频次，不要产生竞争】
25-07-07.21:57:20.002 [scheduling-1    ] INFO  UpdateAwardStockJob    - 定时任务，更新奖品消耗库存【延迟队列获取，降低对数据库的更新频次，不要产生竞争】
25-07-07.21:57:25.005 [scheduling-1    ] INFO  UpdateAwardStockJob    - 定时任务，更新奖品消耗库存【延迟队列获取，降低对数据库的更新频次，不要产生竞争】
25-07-07.21:57:30.004 [scheduling-1    ] INFO  UpdateAwardStockJob    - 定时任务，更新奖品消耗库存【延迟队列获取，降低对数据库的更新频次，不要产生竞争】
25-07-07.21:57:35.001 [scheduling-1    ] INFO  UpdateAwardStockJob    - 定时任务，更新奖品消耗库存【延迟队列获取，降低对数据库的更新频次，不要产生竞争】
25-07-07.21:57:40.004 [scheduling-1    ] INFO  UpdateAwardStockJob    - 定时任务，更新奖品消耗库存【延迟队列获取，降低对数据库的更新频次，不要产生竞争】
25-07-07.21:57:45.005 [scheduling-1    ] INFO  UpdateAwardStockJob    - 定时任务，更新奖品消耗库存【延迟队列获取，降低对数据库的更新频次，不要产生竞争】
25-07-07.21:57:50.004 [scheduling-1    ] INFO  UpdateAwardStockJob    - 定时任务，更新奖品消耗库存【延迟队列获取，降低对数据库的更新频次，不要产生竞争】
25-07-07.21:57:55.003 [scheduling-1    ] INFO  UpdateAwardStockJob    - 定时任务，更新奖品消耗库存【延迟队列获取，降低对数据库的更新频次，不要产生竞争】
25-07-07.21:58:00.004 [scheduling-1    ] INFO  UpdateAwardStockJob    - 定时任务，更新奖品消耗库存【延迟队列获取，降低对数据库的更新频次，不要产生竞争】
25-07-07.21:58:05.001 [scheduling-1    ] INFO  UpdateAwardStockJob    - 定时任务，更新奖品消耗库存【延迟队列获取，降低对数据库的更新频次，不要产生竞争】
25-07-07.21:58:10.014 [scheduling-1    ] INFO  UpdateAwardStockJob    - 定时任务，更新奖品消耗库存【延迟队列获取，降低对数据库的更新频次，不要产生竞争】
25-07-07.21:58:15.012 [scheduling-1    ] INFO  UpdateAwardStockJob    - 定时任务，更新奖品消耗库存【延迟队列获取，降低对数据库的更新频次，不要产生竞争】
25-07-07.21:58:20.006 [scheduling-1    ] INFO  UpdateAwardStockJob    - 定时任务，更新奖品消耗库存【延迟队列获取，降低对数据库的更新频次，不要产生竞争】
25-07-07.21:58:25.004 [scheduling-1    ] INFO  UpdateAwardStockJob    - 定时任务，更新奖品消耗库存【延迟队列获取，降低对数据库的更新频次，不要产生竞争】
25-07-07.21:58:30.005 [scheduling-1    ] INFO  UpdateAwardStockJob    - 定时任务，更新奖品消耗库存【延迟队列获取，降低对数据库的更新频次，不要产生竞争】
25-07-07.21:58:35.005 [scheduling-1    ] INFO  UpdateAwardStockJob    - 定时任务，更新奖品消耗库存【延迟队列获取，降低对数据库的更新频次，不要产生竞争】
25-07-07.21:58:40.005 [scheduling-1    ] INFO  UpdateAwardStockJob    - 定时任务，更新奖品消耗库存【延迟队列获取，降低对数据库的更新频次，不要产生竞争】
25-07-07.21:58:45.005 [scheduling-1    ] INFO  UpdateAwardStockJob    - 定时任务，更新奖品消耗库存【延迟队列获取，降低对数据库的更新频次，不要产生竞争】
25-07-07.21:58:50.002 [scheduling-1    ] INFO  UpdateAwardStockJob    - 定时任务，更新奖品消耗库存【延迟队列获取，降低对数据库的更新频次，不要产生竞争】
25-07-07.21:58:55.001 [scheduling-1    ] INFO  UpdateAwardStockJob    - 定时任务，更新奖品消耗库存【延迟队列获取，降低对数据库的更新频次，不要产生竞争】
25-07-07.21:59:00.004 [scheduling-1    ] INFO  UpdateAwardStockJob    - 定时任务，更新奖品消耗库存【延迟队列获取，降低对数据库的更新频次，不要产生竞争】
25-07-07.21:59:05.005 [scheduling-1    ] INFO  UpdateAwardStockJob    - 定时任务，更新奖品消耗库存【延迟队列获取，降低对数据库的更新频次，不要产生竞争】
25-07-07.21:59:10.004 [scheduling-1    ] INFO  UpdateAwardStockJob    - 定时任务，更新奖品消耗库存【延迟队列获取，降低对数据库的更新频次，不要产生竞争】
25-07-07.21:59:15.004 [scheduling-1    ] INFO  UpdateAwardStockJob    - 定时任务，更新奖品消耗库存【延迟队列获取，降低对数据库的更新频次，不要产生竞争】
25-07-07.21:59:20.006 [scheduling-1    ] INFO  UpdateAwardStockJob    - 定时任务，更新奖品消耗库存【延迟队列获取，降低对数据库的更新频次，不要产生竞争】
25-07-07.21:59:23.900 [SpringApplicationShutdownHook] INFO  HikariDataSource       - HikariPool-1 - Shutdown initiated...
25-07-07.21:59:23.904 [SpringApplicationShutdownHook] INFO  HikariDataSource       - HikariPool-1 - Shutdown completed.
25-07-07.21:59:28.335 [main            ] INFO  Application            - Starting Application using Java 1.8.0_452 on xingedeMacBook-Air.local with PID 95480 (/Users/xingeqi/Downloads/untitled1/untitled1-app/target/classes started by xingeqi in /Users/xingeqi/Downloads/untitled1)
25-07-07.21:59:28.336 [main            ] INFO  Application            - The following 1 profile is active: "dev"
25-07-07.21:59:28.684 [main            ] INFO  RepositoryConfigurationDelegate - Multiple Spring Data modules found, entering strict repository configuration mode
25-07-07.21:59:28.685 [main            ] INFO  RepositoryConfigurationDelegate - Bootstrapping Spring Data Redis repositories in DEFAULT mode.
25-07-07.21:59:28.697 [main            ] INFO  RepositoryConfigurationDelegate - Finished Spring Data repository scanning in 6 ms. Found 0 Redis repository interfaces.
25-07-07.21:59:28.897 [main            ] INFO  TomcatWebServer        - Tomcat initialized with port(s): 8091 (http)
25-07-07.21:59:28.900 [main            ] INFO  Http11NioProtocol      - Initializing ProtocolHandler ["http-nio-8091"]
25-07-07.21:59:28.900 [main            ] INFO  StandardService        - Starting service [Tomcat]
25-07-07.21:59:28.901 [main            ] INFO  StandardEngine         - Starting Servlet engine: [Apache Tomcat/9.0.75]
25-07-07.21:59:28.939 [main            ] INFO  [/]                    - Initializing Spring embedded WebApplicationContext
25-07-07.21:59:28.939 [main            ] INFO  ServletWebServerApplicationContext - Root WebApplicationContext: initialization completed in 587 ms
25-07-07.21:59:29.181 [main            ] INFO  Version                - Redisson 3.24.3
25-07-07.21:59:29.190 [main            ] WARN  DnsServerAddressStreamProviders - Can not find io.netty.resolver.dns.macos.MacOSDnsServerAddressStreamProvider in the classpath, fallback to system defaults. This may result in incorrect DNS resolutions on MacOS. Check whether you have a dependency on 'io.netty:netty-resolver-dns-native-macos'
25-07-07.21:59:29.258 [redisson-netty-2-6] INFO  MasterPubSubConnectionPool - 1 connections initialized for 192.168.12.230/192.168.12.230:6399
25-07-07.21:59:29.303 [redisson-netty-2-13] INFO  MasterConnectionPool   - 5 connections initialized for 192.168.12.230/192.168.12.230:6399
25-07-07.21:59:29.623 [main            ] INFO  EndpointLinksResolver  - Exposing 1 endpoint(s) beneath base path '/actuator'
25-07-07.21:59:29.639 [main            ] INFO  Http11NioProtocol      - Starting ProtocolHandler ["http-nio-8091"]
25-07-07.21:59:29.645 [main            ] INFO  TomcatWebServer        - Tomcat started on port(s): 8091 (http) with context path ''
25-07-07.21:59:29.653 [main            ] INFO  Application            - Started Application in 1.516 seconds (JVM running for 1.834)
25-07-07.21:59:30.006 [scheduling-1    ] INFO  UpdateAwardStockJob    - 定时任务，更新奖品消耗库存【延迟队列获取，降低对数据库的更新频次，不要产生竞争】
25-07-07.21:59:30.107 [RMI TCP Connection(2)-127.0.0.1] INFO  [/]                    - Initializing Spring DispatcherServlet 'dispatcherServlet'
25-07-07.21:59:30.107 [RMI TCP Connection(2)-127.0.0.1] INFO  DispatcherServlet      - Initializing Servlet 'dispatcherServlet'
25-07-07.21:59:30.107 [RMI TCP Connection(3)-127.0.0.1] INFO  HikariDataSource       - HikariPool-1 - Starting...
25-07-07.21:59:30.108 [RMI TCP Connection(2)-127.0.0.1] INFO  DispatcherServlet      - Completed initialization in 1 ms
25-07-07.21:59:30.265 [RMI TCP Connection(3)-127.0.0.1] INFO  HikariDataSource       - HikariPool-1 - Start completed.
25-07-07.21:59:30.342 [http-nio-8091-exec-1] INFO  Http11Processor        - Error parsing HTTP request header
 Note: further occurrences of HTTP request parsing errors will be logged at DEBUG level.
java.lang.IllegalArgumentException: Invalid character found in method name [0x160x030x010x020x000x010x000x010xfc0x030x03X0x850xd4)0x9e0x1auKY0xcf0xff\0xcb.0xf10x0d0x9f~0x0d#.0x800xf6N0xd140x820x030xff0xb40xf00x01 ]. HTTP method names must be tokens
	at org.apache.coyote.http11.Http11InputBuffer.parseRequestLine(Http11InputBuffer.java:407)
	at org.apache.coyote.http11.Http11Processor.service(Http11Processor.java:263)
	at org.apache.coyote.AbstractProcessorLight.process(AbstractProcessorLight.java:63)
	at org.apache.coyote.AbstractProtocol$ConnectionHandler.process(AbstractProtocol.java:926)
	at org.apache.tomcat.util.net.NioEndpoint$SocketProcessor.doRun(NioEndpoint.java:1791)
	at org.apache.tomcat.util.net.SocketProcessorBase.run(SocketProcessorBase.java:52)
	at org.apache.tomcat.util.threads.ThreadPoolExecutor.runWorker(ThreadPoolExecutor.java:1191)
	at org.apache.tomcat.util.threads.ThreadPoolExecutor$Worker.run(ThreadPoolExecutor.java:659)
	at org.apache.tomcat.util.threads.TaskThread$WrappingRunnable.run(TaskThread.java:61)
	at java.lang.Thread.run(Thread.java:750)
25-07-07.21:59:35.005 [scheduling-1    ] INFO  UpdateAwardStockJob    - 定时任务，更新奖品消耗库存【延迟队列获取，降低对数据库的更新频次，不要产生竞争】
25-07-07.21:59:40.003 [scheduling-1    ] INFO  UpdateAwardStockJob    - 定时任务，更新奖品消耗库存【延迟队列获取，降低对数据库的更新频次，不要产生竞争】
25-07-07.21:59:45.004 [scheduling-1    ] INFO  UpdateAwardStockJob    - 定时任务，更新奖品消耗库存【延迟队列获取，降低对数据库的更新频次，不要产生竞争】
25-07-07.21:59:50.006 [scheduling-1    ] INFO  UpdateAwardStockJob    - 定时任务，更新奖品消耗库存【延迟队列获取，降低对数据库的更新频次，不要产生竞争】
25-07-07.21:59:55.001 [scheduling-1    ] INFO  UpdateAwardStockJob    - 定时任务，更新奖品消耗库存【延迟队列获取，降低对数据库的更新频次，不要产生竞争】
25-07-07.22:00:00.001 [scheduling-1    ] INFO  UpdateAwardStockJob    - 定时任务，更新奖品消耗库存【延迟队列获取，降低对数据库的更新频次，不要产生竞争】
25-07-07.22:00:05.004 [scheduling-1    ] INFO  UpdateAwardStockJob    - 定时任务，更新奖品消耗库存【延迟队列获取，降低对数据库的更新频次，不要产生竞争】
25-07-07.22:00:10.005 [scheduling-1    ] INFO  UpdateAwardStockJob    - 定时任务，更新奖品消耗库存【延迟队列获取，降低对数据库的更新频次，不要产生竞争】
25-07-07.22:00:15.004 [scheduling-1    ] INFO  UpdateAwardStockJob    - 定时任务，更新奖品消耗库存【延迟队列获取，降低对数据库的更新频次，不要产生竞争】
25-07-07.22:00:20.005 [scheduling-1    ] INFO  UpdateAwardStockJob    - 定时任务，更新奖品消耗库存【延迟队列获取，降低对数据库的更新频次，不要产生竞争】
25-07-07.22:00:25.005 [scheduling-1    ] INFO  UpdateAwardStockJob    - 定时任务，更新奖品消耗库存【延迟队列获取，降低对数据库的更新频次，不要产生竞争】
25-07-07.22:00:30.001 [scheduling-1    ] INFO  UpdateAwardStockJob    - 定时任务，更新奖品消耗库存【延迟队列获取，降低对数据库的更新频次，不要产生竞争】
25-07-07.22:00:35.005 [scheduling-1    ] INFO  UpdateAwardStockJob    - 定时任务，更新奖品消耗库存【延迟队列获取，降低对数据库的更新频次，不要产生竞争】
25-07-07.22:00:40.004 [scheduling-1    ] INFO  UpdateAwardStockJob    - 定时任务，更新奖品消耗库存【延迟队列获取，降低对数据库的更新频次，不要产生竞争】
25-07-07.22:00:45.002 [scheduling-1    ] INFO  UpdateAwardStockJob    - 定时任务，更新奖品消耗库存【延迟队列获取，降低对数据库的更新频次，不要产生竞争】
25-07-07.22:00:50.005 [scheduling-1    ] INFO  UpdateAwardStockJob    - 定时任务，更新奖品消耗库存【延迟队列获取，降低对数据库的更新频次，不要产生竞争】
25-07-07.22:00:50.503 [http-nio-8091-exec-10] INFO  RaffleController       - 查询抽奖奖品列表配开始 strategyId：100006
25-07-07.22:00:50.696 [http-nio-8091-exec-10] INFO  RaffleController       - 查询抽奖奖品列表配置完成 strategyId：100006 response: {"code":"0000","data":[{"awardId":101,"awardTitle":"随机积分","sort":1},{"awardId":102,"awardTitle":"随机积分","sort":1}],"info":"成功"}
25-07-07.22:00:55.006 [scheduling-1    ] INFO  UpdateAwardStockJob    - 定时任务，更新奖品消耗库存【延迟队列获取，降低对数据库的更新频次，不要产生竞争】
25-07-07.22:01:00.003 [scheduling-1    ] INFO  UpdateAwardStockJob    - 定时任务，更新奖品消耗库存【延迟队列获取，降低对数据库的更新频次，不要产生竞争】
25-07-07.22:01:01.248 [http-nio-8091-exec-11] INFO  RaffleController       - 查询抽奖奖品列表配开始 strategyId：100006
25-07-07.22:01:01.258 [http-nio-8091-exec-11] INFO  RaffleController       - 查询抽奖奖品列表配置完成 strategyId：100006 response: {"code":"0000","data":[{"awardId":101,"awardTitle":"随机积分","sort":1},{"awardId":102,"awardTitle":"随机积分","sort":1}],"info":"成功"}
25-07-07.22:01:05.002 [scheduling-1    ] INFO  UpdateAwardStockJob    - 定时任务，更新奖品消耗库存【延迟队列获取，降低对数据库的更新频次，不要产生竞争】
25-07-07.22:01:10.001 [scheduling-1    ] INFO  UpdateAwardStockJob    - 定时任务，更新奖品消耗库存【延迟队列获取，降低对数据库的更新频次，不要产生竞争】
25-07-07.22:01:15.002 [scheduling-1    ] INFO  UpdateAwardStockJob    - 定时任务，更新奖品消耗库存【延迟队列获取，降低对数据库的更新频次，不要产生竞争】
25-07-07.22:01:20.007 [scheduling-1    ] INFO  UpdateAwardStockJob    - 定时任务，更新奖品消耗库存【延迟队列获取，降低对数据库的更新频次，不要产生竞争】
25-07-07.22:01:25.002 [scheduling-1    ] INFO  UpdateAwardStockJob    - 定时任务，更新奖品消耗库存【延迟队列获取，降低对数据库的更新频次，不要产生竞争】
25-07-07.22:01:30.003 [scheduling-1    ] INFO  UpdateAwardStockJob    - 定时任务，更新奖品消耗库存【延迟队列获取，降低对数据库的更新频次，不要产生竞争】
25-07-07.22:01:35.004 [scheduling-1    ] INFO  UpdateAwardStockJob    - 定时任务，更新奖品消耗库存【延迟队列获取，降低对数据库的更新频次，不要产生竞争】
25-07-07.22:01:40.005 [scheduling-1    ] INFO  UpdateAwardStockJob    - 定时任务，更新奖品消耗库存【延迟队列获取，降低对数据库的更新频次，不要产生竞争】
25-07-07.22:01:45.003 [scheduling-1    ] INFO  UpdateAwardStockJob    - 定时任务，更新奖品消耗库存【延迟队列获取，降低对数据库的更新频次，不要产生竞争】
25-07-07.22:01:50.005 [scheduling-1    ] INFO  UpdateAwardStockJob    - 定时任务，更新奖品消耗库存【延迟队列获取，降低对数据库的更新频次，不要产生竞争】
25-07-07.22:01:55.006 [scheduling-1    ] INFO  UpdateAwardStockJob    - 定时任务，更新奖品消耗库存【延迟队列获取，降低对数据库的更新频次，不要产生竞争】
25-07-07.22:02:00.005 [scheduling-1    ] INFO  UpdateAwardStockJob    - 定时任务，更新奖品消耗库存【延迟队列获取，降低对数据库的更新频次，不要产生竞争】
25-07-07.22:02:05.004 [scheduling-1    ] INFO  UpdateAwardStockJob    - 定时任务，更新奖品消耗库存【延迟队列获取，降低对数据库的更新频次，不要产生竞争】
25-07-07.22:02:10.004 [scheduling-1    ] INFO  UpdateAwardStockJob    - 定时任务，更新奖品消耗库存【延迟队列获取，降低对数据库的更新频次，不要产生竞争】
25-07-07.22:02:15.001 [scheduling-1    ] INFO  UpdateAwardStockJob    - 定时任务，更新奖品消耗库存【延迟队列获取，降低对数据库的更新频次，不要产生竞争】
25-07-07.22:02:20.006 [scheduling-1    ] INFO  UpdateAwardStockJob    - 定时任务，更新奖品消耗库存【延迟队列获取，降低对数据库的更新频次，不要产生竞争】
25-07-07.22:02:25.003 [scheduling-1    ] INFO  UpdateAwardStockJob    - 定时任务，更新奖品消耗库存【延迟队列获取，降低对数据库的更新频次，不要产生竞争】
25-07-07.22:02:30.002 [scheduling-1    ] INFO  UpdateAwardStockJob    - 定时任务，更新奖品消耗库存【延迟队列获取，降低对数据库的更新频次，不要产生竞争】
25-07-07.22:02:35.005 [scheduling-1    ] INFO  UpdateAwardStockJob    - 定时任务，更新奖品消耗库存【延迟队列获取，降低对数据库的更新频次，不要产生竞争】
25-07-07.22:02:40.005 [scheduling-1    ] INFO  UpdateAwardStockJob    - 定时任务，更新奖品消耗库存【延迟队列获取，降低对数据库的更新频次，不要产生竞争】
25-07-07.22:02:45.005 [scheduling-1    ] INFO  UpdateAwardStockJob    - 定时任务，更新奖品消耗库存【延迟队列获取，降低对数据库的更新频次，不要产生竞争】
25-07-07.22:02:50.001 [scheduling-1    ] INFO  UpdateAwardStockJob    - 定时任务，更新奖品消耗库存【延迟队列获取，降低对数据库的更新频次，不要产生竞争】
25-07-07.22:02:55.003 [scheduling-1    ] INFO  UpdateAwardStockJob    - 定时任务，更新奖品消耗库存【延迟队列获取，降低对数据库的更新频次，不要产生竞争】
25-07-07.22:03:00.005 [scheduling-1    ] INFO  UpdateAwardStockJob    - 定时任务，更新奖品消耗库存【延迟队列获取，降低对数据库的更新频次，不要产生竞争】
25-07-07.22:03:05.005 [scheduling-1    ] INFO  UpdateAwardStockJob    - 定时任务，更新奖品消耗库存【延迟队列获取，降低对数据库的更新频次，不要产生竞争】
25-07-07.22:03:10.006 [scheduling-1    ] INFO  UpdateAwardStockJob    - 定时任务，更新奖品消耗库存【延迟队列获取，降低对数据库的更新频次，不要产生竞争】
25-07-07.22:03:15.004 [scheduling-1    ] INFO  UpdateAwardStockJob    - 定时任务，更新奖品消耗库存【延迟队列获取，降低对数据库的更新频次，不要产生竞争】
25-07-07.22:03:20.006 [scheduling-1    ] INFO  UpdateAwardStockJob    - 定时任务，更新奖品消耗库存【延迟队列获取，降低对数据库的更新频次，不要产生竞争】
25-07-07.22:03:25.005 [scheduling-1    ] INFO  UpdateAwardStockJob    - 定时任务，更新奖品消耗库存【延迟队列获取，降低对数据库的更新频次，不要产生竞争】
25-07-07.22:03:30.001 [scheduling-1    ] INFO  UpdateAwardStockJob    - 定时任务，更新奖品消耗库存【延迟队列获取，降低对数据库的更新频次，不要产生竞争】
25-07-07.22:03:35.006 [scheduling-1    ] INFO  UpdateAwardStockJob    - 定时任务，更新奖品消耗库存【延迟队列获取，降低对数据库的更新频次，不要产生竞争】
25-07-07.22:03:40.005 [scheduling-1    ] INFO  UpdateAwardStockJob    - 定时任务，更新奖品消耗库存【延迟队列获取，降低对数据库的更新频次，不要产生竞争】
25-07-07.22:03:45.004 [scheduling-1    ] INFO  UpdateAwardStockJob    - 定时任务，更新奖品消耗库存【延迟队列获取，降低对数据库的更新频次，不要产生竞争】
25-07-07.22:03:50.005 [scheduling-1    ] INFO  UpdateAwardStockJob    - 定时任务，更新奖品消耗库存【延迟队列获取，降低对数据库的更新频次，不要产生竞争】
25-07-07.22:03:55.003 [scheduling-1    ] INFO  UpdateAwardStockJob    - 定时任务，更新奖品消耗库存【延迟队列获取，降低对数据库的更新频次，不要产生竞争】
25-07-07.22:04:00.006 [scheduling-1    ] INFO  UpdateAwardStockJob    - 定时任务，更新奖品消耗库存【延迟队列获取，降低对数据库的更新频次，不要产生竞争】
25-07-07.22:04:05.006 [scheduling-1    ] INFO  UpdateAwardStockJob    - 定时任务，更新奖品消耗库存【延迟队列获取，降低对数据库的更新频次，不要产生竞争】
25-07-07.22:04:10.005 [scheduling-1    ] INFO  UpdateAwardStockJob    - 定时任务，更新奖品消耗库存【延迟队列获取，降低对数据库的更新频次，不要产生竞争】
25-07-07.22:04:15.004 [scheduling-1    ] INFO  UpdateAwardStockJob    - 定时任务，更新奖品消耗库存【延迟队列获取，降低对数据库的更新频次，不要产生竞争】
25-07-07.22:04:20.006 [scheduling-1    ] INFO  UpdateAwardStockJob    - 定时任务，更新奖品消耗库存【延迟队列获取，降低对数据库的更新频次，不要产生竞争】
25-07-07.22:04:25.003 [scheduling-1    ] INFO  UpdateAwardStockJob    - 定时任务，更新奖品消耗库存【延迟队列获取，降低对数据库的更新频次，不要产生竞争】
25-07-07.22:04:30.006 [scheduling-1    ] INFO  UpdateAwardStockJob    - 定时任务，更新奖品消耗库存【延迟队列获取，降低对数据库的更新频次，不要产生竞争】
25-07-07.22:04:35.005 [scheduling-1    ] INFO  UpdateAwardStockJob    - 定时任务，更新奖品消耗库存【延迟队列获取，降低对数据库的更新频次，不要产生竞争】
25-07-07.22:04:40.006 [scheduling-1    ] INFO  UpdateAwardStockJob    - 定时任务，更新奖品消耗库存【延迟队列获取，降低对数据库的更新频次，不要产生竞争】
25-07-07.22:04:45.003 [scheduling-1    ] INFO  UpdateAwardStockJob    - 定时任务，更新奖品消耗库存【延迟队列获取，降低对数据库的更新频次，不要产生竞争】
25-07-07.22:04:50.004 [scheduling-1    ] INFO  UpdateAwardStockJob    - 定时任务，更新奖品消耗库存【延迟队列获取，降低对数据库的更新频次，不要产生竞争】
25-07-07.22:04:55.003 [scheduling-1    ] INFO  UpdateAwardStockJob    - 定时任务，更新奖品消耗库存【延迟队列获取，降低对数据库的更新频次，不要产生竞争】
25-07-07.22:05:00.004 [scheduling-1    ] INFO  UpdateAwardStockJob    - 定时任务，更新奖品消耗库存【延迟队列获取，降低对数据库的更新频次，不要产生竞争】
25-07-07.22:05:05.004 [scheduling-1    ] INFO  UpdateAwardStockJob    - 定时任务，更新奖品消耗库存【延迟队列获取，降低对数据库的更新频次，不要产生竞争】
25-07-07.22:05:10.004 [scheduling-1    ] INFO  UpdateAwardStockJob    - 定时任务，更新奖品消耗库存【延迟队列获取，降低对数据库的更新频次，不要产生竞争】
25-07-07.22:05:15.001 [scheduling-1    ] INFO  UpdateAwardStockJob    - 定时任务，更新奖品消耗库存【延迟队列获取，降低对数据库的更新频次，不要产生竞争】
25-07-07.22:05:20.003 [scheduling-1    ] INFO  UpdateAwardStockJob    - 定时任务，更新奖品消耗库存【延迟队列获取，降低对数据库的更新频次，不要产生竞争】
25-07-07.22:05:25.006 [scheduling-1    ] INFO  UpdateAwardStockJob    - 定时任务，更新奖品消耗库存【延迟队列获取，降低对数据库的更新频次，不要产生竞争】
25-07-07.22:05:30.005 [scheduling-1    ] INFO  UpdateAwardStockJob    - 定时任务，更新奖品消耗库存【延迟队列获取，降低对数据库的更新频次，不要产生竞争】
25-07-07.22:05:35.000 [scheduling-1    ] INFO  UpdateAwardStockJob    - 定时任务，更新奖品消耗库存【延迟队列获取，降低对数据库的更新频次，不要产生竞争】
25-07-07.22:05:40.005 [scheduling-1    ] INFO  UpdateAwardStockJob    - 定时任务，更新奖品消耗库存【延迟队列获取，降低对数据库的更新频次，不要产生竞争】
25-07-07.22:05:45.003 [scheduling-1    ] INFO  UpdateAwardStockJob    - 定时任务，更新奖品消耗库存【延迟队列获取，降低对数据库的更新频次，不要产生竞争】
25-07-07.22:05:50.001 [scheduling-1    ] INFO  UpdateAwardStockJob    - 定时任务，更新奖品消耗库存【延迟队列获取，降低对数据库的更新频次，不要产生竞争】
25-07-07.22:05:55.006 [scheduling-1    ] INFO  UpdateAwardStockJob    - 定时任务，更新奖品消耗库存【延迟队列获取，降低对数据库的更新频次，不要产生竞争】
25-07-07.22:06:00.004 [scheduling-1    ] INFO  UpdateAwardStockJob    - 定时任务，更新奖品消耗库存【延迟队列获取，降低对数据库的更新频次，不要产生竞争】
25-07-07.22:06:05.005 [scheduling-1    ] INFO  UpdateAwardStockJob    - 定时任务，更新奖品消耗库存【延迟队列获取，降低对数据库的更新频次，不要产生竞争】
25-07-07.22:06:10.005 [scheduling-1    ] INFO  UpdateAwardStockJob    - 定时任务，更新奖品消耗库存【延迟队列获取，降低对数据库的更新频次，不要产生竞争】
25-07-07.22:06:15.000 [scheduling-1    ] INFO  UpdateAwardStockJob    - 定时任务，更新奖品消耗库存【延迟队列获取，降低对数据库的更新频次，不要产生竞争】
25-07-07.22:06:20.003 [scheduling-1    ] INFO  UpdateAwardStockJob    - 定时任务，更新奖品消耗库存【延迟队列获取，降低对数据库的更新频次，不要产生竞争】
25-07-07.22:06:25.003 [scheduling-1    ] INFO  UpdateAwardStockJob    - 定时任务，更新奖品消耗库存【延迟队列获取，降低对数据库的更新频次，不要产生竞争】
25-07-07.22:06:30.005 [scheduling-1    ] INFO  UpdateAwardStockJob    - 定时任务，更新奖品消耗库存【延迟队列获取，降低对数据库的更新频次，不要产生竞争】
25-07-07.22:06:35.000 [scheduling-1    ] INFO  UpdateAwardStockJob    - 定时任务，更新奖品消耗库存【延迟队列获取，降低对数据库的更新频次，不要产生竞争】
25-07-07.22:06:40.006 [scheduling-1    ] INFO  UpdateAwardStockJob    - 定时任务，更新奖品消耗库存【延迟队列获取，降低对数据库的更新频次，不要产生竞争】
25-07-07.22:06:40.559 [http-nio-8091-exec-13] INFO  Http11Processor        - Error parsing HTTP request header
 Note: further occurrences of HTTP request parsing errors will be logged at DEBUG level.
java.lang.IllegalArgumentException: Invalid character found in method name [0x160x030x010x020x000x010x000x010xfc0x030x03B0x11xozn0x16d9-0xa90x9d0x7f0x9c+ju0x8e0xdai0x0a0xb00xa9F0x01Y0x120x190xc40xc60xcb0xaf ]. HTTP method names must be tokens
	at org.apache.coyote.http11.Http11InputBuffer.parseRequestLine(Http11InputBuffer.java:407)
	at org.apache.coyote.http11.Http11Processor.service(Http11Processor.java:263)
	at org.apache.coyote.AbstractProcessorLight.process(AbstractProcessorLight.java:63)
	at org.apache.coyote.AbstractProtocol$ConnectionHandler.process(AbstractProtocol.java:926)
	at org.apache.tomcat.util.net.NioEndpoint$SocketProcessor.doRun(NioEndpoint.java:1791)
	at org.apache.tomcat.util.net.SocketProcessorBase.run(SocketProcessorBase.java:52)
	at org.apache.tomcat.util.threads.ThreadPoolExecutor.runWorker(ThreadPoolExecutor.java:1191)
	at org.apache.tomcat.util.threads.ThreadPoolExecutor$Worker.run(ThreadPoolExecutor.java:659)
	at org.apache.tomcat.util.threads.TaskThread$WrappingRunnable.run(TaskThread.java:61)
	at java.lang.Thread.run(Thread.java:750)
25-07-07.22:06:45.005 [scheduling-1    ] INFO  UpdateAwardStockJob    - 定时任务，更新奖品消耗库存【延迟队列获取，降低对数据库的更新频次，不要产生竞争】
25-07-07.22:06:50.004 [scheduling-1    ] INFO  UpdateAwardStockJob    - 定时任务，更新奖品消耗库存【延迟队列获取，降低对数据库的更新频次，不要产生竞争】
25-07-07.22:06:55.005 [scheduling-1    ] INFO  UpdateAwardStockJob    - 定时任务，更新奖品消耗库存【延迟队列获取，降低对数据库的更新频次，不要产生竞争】
25-07-07.22:07:00.005 [scheduling-1    ] INFO  UpdateAwardStockJob    - 定时任务，更新奖品消耗库存【延迟队列获取，降低对数据库的更新频次，不要产生竞争】
25-07-07.22:07:05.002 [scheduling-1    ] INFO  UpdateAwardStockJob    - 定时任务，更新奖品消耗库存【延迟队列获取，降低对数据库的更新频次，不要产生竞争】
25-07-07.22:07:10.005 [scheduling-1    ] INFO  UpdateAwardStockJob    - 定时任务，更新奖品消耗库存【延迟队列获取，降低对数据库的更新频次，不要产生竞争】
25-07-07.22:07:15.005 [scheduling-1    ] INFO  UpdateAwardStockJob    - 定时任务，更新奖品消耗库存【延迟队列获取，降低对数据库的更新频次，不要产生竞争】
25-07-07.22:07:20.003 [scheduling-1    ] INFO  UpdateAwardStockJob    - 定时任务，更新奖品消耗库存【延迟队列获取，降低对数据库的更新频次，不要产生竞争】
25-07-07.22:07:25.004 [scheduling-1    ] INFO  UpdateAwardStockJob    - 定时任务，更新奖品消耗库存【延迟队列获取，降低对数据库的更新频次，不要产生竞争】
25-07-07.22:07:30.004 [scheduling-1    ] INFO  UpdateAwardStockJob    - 定时任务，更新奖品消耗库存【延迟队列获取，降低对数据库的更新频次，不要产生竞争】
25-07-07.22:07:35.004 [scheduling-1    ] INFO  UpdateAwardStockJob    - 定时任务，更新奖品消耗库存【延迟队列获取，降低对数据库的更新频次，不要产生竞争】
25-07-07.22:07:40.006 [scheduling-1    ] INFO  UpdateAwardStockJob    - 定时任务，更新奖品消耗库存【延迟队列获取，降低对数据库的更新频次，不要产生竞争】
25-07-07.22:07:45.004 [scheduling-1    ] INFO  UpdateAwardStockJob    - 定时任务，更新奖品消耗库存【延迟队列获取，降低对数据库的更新频次，不要产生竞争】
25-07-07.22:07:50.003 [scheduling-1    ] INFO  UpdateAwardStockJob    - 定时任务，更新奖品消耗库存【延迟队列获取，降低对数据库的更新频次，不要产生竞争】
25-07-07.22:07:55.003 [scheduling-1    ] INFO  UpdateAwardStockJob    - 定时任务，更新奖品消耗库存【延迟队列获取，降低对数据库的更新频次，不要产生竞争】
25-07-07.22:08:00.006 [scheduling-1    ] INFO  UpdateAwardStockJob    - 定时任务，更新奖品消耗库存【延迟队列获取，降低对数据库的更新频次，不要产生竞争】
25-07-07.22:08:05.001 [scheduling-1    ] INFO  UpdateAwardStockJob    - 定时任务，更新奖品消耗库存【延迟队列获取，降低对数据库的更新频次，不要产生竞争】
25-07-07.22:08:10.009 [scheduling-1    ] INFO  UpdateAwardStockJob    - 定时任务，更新奖品消耗库存【延迟队列获取，降低对数据库的更新频次，不要产生竞争】
25-07-07.22:08:15.005 [scheduling-1    ] INFO  UpdateAwardStockJob    - 定时任务，更新奖品消耗库存【延迟队列获取，降低对数据库的更新频次，不要产生竞争】
25-07-07.22:08:20.003 [scheduling-1    ] INFO  UpdateAwardStockJob    - 定时任务，更新奖品消耗库存【延迟队列获取，降低对数据库的更新频次，不要产生竞争】
25-07-07.22:08:25.005 [scheduling-1    ] INFO  UpdateAwardStockJob    - 定时任务，更新奖品消耗库存【延迟队列获取，降低对数据库的更新频次，不要产生竞争】
25-07-07.22:08:30.005 [scheduling-1    ] INFO  UpdateAwardStockJob    - 定时任务，更新奖品消耗库存【延迟队列获取，降低对数据库的更新频次，不要产生竞争】
25-07-07.22:08:35.002 [scheduling-1    ] INFO  UpdateAwardStockJob    - 定时任务，更新奖品消耗库存【延迟队列获取，降低对数据库的更新频次，不要产生竞争】
25-07-07.22:08:40.003 [scheduling-1    ] INFO  UpdateAwardStockJob    - 定时任务，更新奖品消耗库存【延迟队列获取，降低对数据库的更新频次，不要产生竞争】
25-07-07.22:08:45.005 [scheduling-1    ] INFO  UpdateAwardStockJob    - 定时任务，更新奖品消耗库存【延迟队列获取，降低对数据库的更新频次，不要产生竞争】
25-07-07.22:08:50.003 [scheduling-1    ] INFO  UpdateAwardStockJob    - 定时任务，更新奖品消耗库存【延迟队列获取，降低对数据库的更新频次，不要产生竞争】
25-07-07.22:08:55.005 [scheduling-1    ] INFO  UpdateAwardStockJob    - 定时任务，更新奖品消耗库存【延迟队列获取，降低对数据库的更新频次，不要产生竞争】
25-07-07.22:09:00.000 [scheduling-1    ] INFO  UpdateAwardStockJob    - 定时任务，更新奖品消耗库存【延迟队列获取，降低对数据库的更新频次，不要产生竞争】
25-07-07.22:09:05.001 [scheduling-1    ] INFO  UpdateAwardStockJob    - 定时任务，更新奖品消耗库存【延迟队列获取，降低对数据库的更新频次，不要产生竞争】
25-07-07.22:09:10.004 [scheduling-1    ] INFO  UpdateAwardStockJob    - 定时任务，更新奖品消耗库存【延迟队列获取，降低对数据库的更新频次，不要产生竞争】
25-07-07.22:09:15.003 [scheduling-1    ] INFO  UpdateAwardStockJob    - 定时任务，更新奖品消耗库存【延迟队列获取，降低对数据库的更新频次，不要产生竞争】
25-07-07.22:09:20.003 [scheduling-1    ] INFO  UpdateAwardStockJob    - 定时任务，更新奖品消耗库存【延迟队列获取，降低对数据库的更新频次，不要产生竞争】
25-07-07.22:09:25.002 [scheduling-1    ] INFO  UpdateAwardStockJob    - 定时任务，更新奖品消耗库存【延迟队列获取，降低对数据库的更新频次，不要产生竞争】
25-07-07.22:09:30.005 [scheduling-1    ] INFO  UpdateAwardStockJob    - 定时任务，更新奖品消耗库存【延迟队列获取，降低对数据库的更新频次，不要产生竞争】
25-07-07.22:09:35.005 [scheduling-1    ] INFO  UpdateAwardStockJob    - 定时任务，更新奖品消耗库存【延迟队列获取，降低对数据库的更新频次，不要产生竞争】
25-07-07.22:09:40.005 [scheduling-1    ] INFO  UpdateAwardStockJob    - 定时任务，更新奖品消耗库存【延迟队列获取，降低对数据库的更新频次，不要产生竞争】
25-07-07.22:09:45.003 [scheduling-1    ] INFO  UpdateAwardStockJob    - 定时任务，更新奖品消耗库存【延迟队列获取，降低对数据库的更新频次，不要产生竞争】
25-07-07.22:09:50.004 [scheduling-1    ] INFO  UpdateAwardStockJob    - 定时任务，更新奖品消耗库存【延迟队列获取，降低对数据库的更新频次，不要产生竞争】
25-07-07.22:09:55.004 [scheduling-1    ] INFO  UpdateAwardStockJob    - 定时任务，更新奖品消耗库存【延迟队列获取，降低对数据库的更新频次，不要产生竞争】
25-07-07.22:10:00.006 [scheduling-1    ] INFO  UpdateAwardStockJob    - 定时任务，更新奖品消耗库存【延迟队列获取，降低对数据库的更新频次，不要产生竞争】
25-07-07.22:10:05.001 [scheduling-1    ] INFO  UpdateAwardStockJob    - 定时任务，更新奖品消耗库存【延迟队列获取，降低对数据库的更新频次，不要产生竞争】
25-07-07.22:10:10.003 [scheduling-1    ] INFO  UpdateAwardStockJob    - 定时任务，更新奖品消耗库存【延迟队列获取，降低对数据库的更新频次，不要产生竞争】
25-07-07.22:10:15.001 [scheduling-1    ] INFO  UpdateAwardStockJob    - 定时任务，更新奖品消耗库存【延迟队列获取，降低对数据库的更新频次，不要产生竞争】
25-07-07.22:10:20.006 [scheduling-1    ] INFO  UpdateAwardStockJob    - 定时任务，更新奖品消耗库存【延迟队列获取，降低对数据库的更新频次，不要产生竞争】
25-07-07.22:10:25.001 [scheduling-1    ] INFO  UpdateAwardStockJob    - 定时任务，更新奖品消耗库存【延迟队列获取，降低对数据库的更新频次，不要产生竞争】
25-07-07.22:10:30.005 [scheduling-1    ] INFO  UpdateAwardStockJob    - 定时任务，更新奖品消耗库存【延迟队列获取，降低对数据库的更新频次，不要产生竞争】
25-07-07.22:10:35.002 [scheduling-1    ] INFO  UpdateAwardStockJob    - 定时任务，更新奖品消耗库存【延迟队列获取，降低对数据库的更新频次，不要产生竞争】
25-07-07.22:10:40.005 [scheduling-1    ] INFO  UpdateAwardStockJob    - 定时任务，更新奖品消耗库存【延迟队列获取，降低对数据库的更新频次，不要产生竞争】
25-07-07.22:10:45.001 [scheduling-1    ] INFO  UpdateAwardStockJob    - 定时任务，更新奖品消耗库存【延迟队列获取，降低对数据库的更新频次，不要产生竞争】
25-07-07.22:10:50.005 [scheduling-1    ] INFO  UpdateAwardStockJob    - 定时任务，更新奖品消耗库存【延迟队列获取，降低对数据库的更新频次，不要产生竞争】
25-07-07.22:10:55.005 [scheduling-1    ] INFO  UpdateAwardStockJob    - 定时任务，更新奖品消耗库存【延迟队列获取，降低对数据库的更新频次，不要产生竞争】
25-07-07.22:11:00.005 [scheduling-1    ] INFO  UpdateAwardStockJob    - 定时任务，更新奖品消耗库存【延迟队列获取，降低对数据库的更新频次，不要产生竞争】
25-07-07.22:11:05.004 [scheduling-1    ] INFO  UpdateAwardStockJob    - 定时任务，更新奖品消耗库存【延迟队列获取，降低对数据库的更新频次，不要产生竞争】
25-07-07.22:11:10.004 [scheduling-1    ] INFO  UpdateAwardStockJob    - 定时任务，更新奖品消耗库存【延迟队列获取，降低对数据库的更新频次，不要产生竞争】
25-07-07.22:11:15.005 [scheduling-1    ] INFO  UpdateAwardStockJob    - 定时任务，更新奖品消耗库存【延迟队列获取，降低对数据库的更新频次，不要产生竞争】
25-07-07.22:11:20.009 [scheduling-1    ] INFO  UpdateAwardStockJob    - 定时任务，更新奖品消耗库存【延迟队列获取，降低对数据库的更新频次，不要产生竞争】
25-07-07.22:11:25.004 [scheduling-1    ] INFO  UpdateAwardStockJob    - 定时任务，更新奖品消耗库存【延迟队列获取，降低对数据库的更新频次，不要产生竞争】
25-07-07.22:11:30.005 [scheduling-1    ] INFO  UpdateAwardStockJob    - 定时任务，更新奖品消耗库存【延迟队列获取，降低对数据库的更新频次，不要产生竞争】
25-07-07.22:11:35.003 [scheduling-1    ] INFO  UpdateAwardStockJob    - 定时任务，更新奖品消耗库存【延迟队列获取，降低对数据库的更新频次，不要产生竞争】
25-07-07.22:11:40.002 [scheduling-1    ] INFO  UpdateAwardStockJob    - 定时任务，更新奖品消耗库存【延迟队列获取，降低对数据库的更新频次，不要产生竞争】
25-07-07.22:11:45.003 [scheduling-1    ] INFO  UpdateAwardStockJob    - 定时任务，更新奖品消耗库存【延迟队列获取，降低对数据库的更新频次，不要产生竞争】
25-07-07.22:11:50.004 [scheduling-1    ] INFO  UpdateAwardStockJob    - 定时任务，更新奖品消耗库存【延迟队列获取，降低对数据库的更新频次，不要产生竞争】
25-07-07.22:11:55.005 [scheduling-1    ] INFO  UpdateAwardStockJob    - 定时任务，更新奖品消耗库存【延迟队列获取，降低对数据库的更新频次，不要产生竞争】
25-07-07.22:12:00.011 [scheduling-1    ] INFO  UpdateAwardStockJob    - 定时任务，更新奖品消耗库存【延迟队列获取，降低对数据库的更新频次，不要产生竞争】
25-07-07.22:12:05.003 [scheduling-1    ] INFO  UpdateAwardStockJob    - 定时任务，更新奖品消耗库存【延迟队列获取，降低对数据库的更新频次，不要产生竞争】
25-07-07.22:12:10.004 [scheduling-1    ] INFO  UpdateAwardStockJob    - 定时任务，更新奖品消耗库存【延迟队列获取，降低对数据库的更新频次，不要产生竞争】
25-07-07.22:12:15.002 [scheduling-1    ] INFO  UpdateAwardStockJob    - 定时任务，更新奖品消耗库存【延迟队列获取，降低对数据库的更新频次，不要产生竞争】
25-07-07.22:12:20.006 [scheduling-1    ] INFO  UpdateAwardStockJob    - 定时任务，更新奖品消耗库存【延迟队列获取，降低对数据库的更新频次，不要产生竞争】
25-07-07.22:12:25.004 [scheduling-1    ] INFO  UpdateAwardStockJob    - 定时任务，更新奖品消耗库存【延迟队列获取，降低对数据库的更新频次，不要产生竞争】
25-07-07.22:12:30.006 [scheduling-1    ] INFO  UpdateAwardStockJob    - 定时任务，更新奖品消耗库存【延迟队列获取，降低对数据库的更新频次，不要产生竞争】
25-07-07.22:12:35.003 [scheduling-1    ] INFO  UpdateAwardStockJob    - 定时任务，更新奖品消耗库存【延迟队列获取，降低对数据库的更新频次，不要产生竞争】
25-07-07.22:12:40.003 [scheduling-1    ] INFO  UpdateAwardStockJob    - 定时任务，更新奖品消耗库存【延迟队列获取，降低对数据库的更新频次，不要产生竞争】
25-07-07.22:12:45.002 [scheduling-1    ] INFO  UpdateAwardStockJob    - 定时任务，更新奖品消耗库存【延迟队列获取，降低对数据库的更新频次，不要产生竞争】
25-07-07.22:12:50.005 [scheduling-1    ] INFO  UpdateAwardStockJob    - 定时任务，更新奖品消耗库存【延迟队列获取，降低对数据库的更新频次，不要产生竞争】
25-07-07.22:12:55.005 [scheduling-1    ] INFO  UpdateAwardStockJob    - 定时任务，更新奖品消耗库存【延迟队列获取，降低对数据库的更新频次，不要产生竞争】
25-07-07.22:13:00.005 [scheduling-1    ] INFO  UpdateAwardStockJob    - 定时任务，更新奖品消耗库存【延迟队列获取，降低对数据库的更新频次，不要产生竞争】
25-07-07.22:13:05.005 [scheduling-1    ] INFO  UpdateAwardStockJob    - 定时任务，更新奖品消耗库存【延迟队列获取，降低对数据库的更新频次，不要产生竞争】
25-07-07.22:13:10.005 [scheduling-1    ] INFO  UpdateAwardStockJob    - 定时任务，更新奖品消耗库存【延迟队列获取，降低对数据库的更新频次，不要产生竞争】
25-07-07.22:13:15.002 [scheduling-1    ] INFO  UpdateAwardStockJob    - 定时任务，更新奖品消耗库存【延迟队列获取，降低对数据库的更新频次，不要产生竞争】
25-07-07.22:13:20.006 [scheduling-1    ] INFO  UpdateAwardStockJob    - 定时任务，更新奖品消耗库存【延迟队列获取，降低对数据库的更新频次，不要产生竞争】
25-07-07.22:13:25.002 [scheduling-1    ] INFO  UpdateAwardStockJob    - 定时任务，更新奖品消耗库存【延迟队列获取，降低对数据库的更新频次，不要产生竞争】
25-07-07.22:13:30.006 [scheduling-1    ] INFO  UpdateAwardStockJob    - 定时任务，更新奖品消耗库存【延迟队列获取，降低对数据库的更新频次，不要产生竞争】
25-07-07.22:13:35.006 [scheduling-1    ] INFO  UpdateAwardStockJob    - 定时任务，更新奖品消耗库存【延迟队列获取，降低对数据库的更新频次，不要产生竞争】
25-07-07.22:13:40.004 [scheduling-1    ] INFO  UpdateAwardStockJob    - 定时任务，更新奖品消耗库存【延迟队列获取，降低对数据库的更新频次，不要产生竞争】
25-07-07.22:13:45.002 [scheduling-1    ] INFO  UpdateAwardStockJob    - 定时任务，更新奖品消耗库存【延迟队列获取，降低对数据库的更新频次，不要产生竞争】
25-07-07.22:13:50.005 [scheduling-1    ] INFO  UpdateAwardStockJob    - 定时任务，更新奖品消耗库存【延迟队列获取，降低对数据库的更新频次，不要产生竞争】
25-07-07.22:13:55.006 [scheduling-1    ] INFO  UpdateAwardStockJob    - 定时任务，更新奖品消耗库存【延迟队列获取，降低对数据库的更新频次，不要产生竞争】
25-07-07.22:14:00.001 [scheduling-1    ] INFO  UpdateAwardStockJob    - 定时任务，更新奖品消耗库存【延迟队列获取，降低对数据库的更新频次，不要产生竞争】
25-07-07.22:14:05.003 [scheduling-1    ] INFO  UpdateAwardStockJob    - 定时任务，更新奖品消耗库存【延迟队列获取，降低对数据库的更新频次，不要产生竞争】
25-07-07.22:14:10.005 [scheduling-1    ] INFO  UpdateAwardStockJob    - 定时任务，更新奖品消耗库存【延迟队列获取，降低对数据库的更新频次，不要产生竞争】
25-07-07.22:14:15.001 [scheduling-1    ] INFO  UpdateAwardStockJob    - 定时任务，更新奖品消耗库存【延迟队列获取，降低对数据库的更新频次，不要产生竞争】
25-07-07.22:14:20.003 [scheduling-1    ] INFO  UpdateAwardStockJob    - 定时任务，更新奖品消耗库存【延迟队列获取，降低对数据库的更新频次，不要产生竞争】
25-07-07.22:14:25.005 [scheduling-1    ] INFO  UpdateAwardStockJob    - 定时任务，更新奖品消耗库存【延迟队列获取，降低对数据库的更新频次，不要产生竞争】
25-07-07.22:14:30.005 [scheduling-1    ] INFO  UpdateAwardStockJob    - 定时任务，更新奖品消耗库存【延迟队列获取，降低对数据库的更新频次，不要产生竞争】
25-07-07.22:14:35.005 [scheduling-1    ] INFO  UpdateAwardStockJob    - 定时任务，更新奖品消耗库存【延迟队列获取，降低对数据库的更新频次，不要产生竞争】
25-07-07.22:14:40.006 [scheduling-1    ] INFO  UpdateAwardStockJob    - 定时任务，更新奖品消耗库存【延迟队列获取，降低对数据库的更新频次，不要产生竞争】
25-07-07.22:14:45.000 [scheduling-1    ] INFO  UpdateAwardStockJob    - 定时任务，更新奖品消耗库存【延迟队列获取，降低对数据库的更新频次，不要产生竞争】
25-07-07.22:14:50.006 [scheduling-1    ] INFO  UpdateAwardStockJob    - 定时任务，更新奖品消耗库存【延迟队列获取，降低对数据库的更新频次，不要产生竞争】
25-07-07.22:14:55.005 [scheduling-1    ] INFO  UpdateAwardStockJob    - 定时任务，更新奖品消耗库存【延迟队列获取，降低对数据库的更新频次，不要产生竞争】
25-07-07.22:15:00.002 [scheduling-1    ] INFO  UpdateAwardStockJob    - 定时任务，更新奖品消耗库存【延迟队列获取，降低对数据库的更新频次，不要产生竞争】
25-07-07.22:15:05.002 [scheduling-1    ] INFO  UpdateAwardStockJob    - 定时任务，更新奖品消耗库存【延迟队列获取，降低对数据库的更新频次，不要产生竞争】
25-07-07.22:15:10.004 [scheduling-1    ] INFO  UpdateAwardStockJob    - 定时任务，更新奖品消耗库存【延迟队列获取，降低对数据库的更新频次，不要产生竞争】
25-07-07.22:15:15.003 [scheduling-1    ] INFO  UpdateAwardStockJob    - 定时任务，更新奖品消耗库存【延迟队列获取，降低对数据库的更新频次，不要产生竞争】
25-07-07.22:15:20.005 [scheduling-1    ] INFO  UpdateAwardStockJob    - 定时任务，更新奖品消耗库存【延迟队列获取，降低对数据库的更新频次，不要产生竞争】
25-07-07.22:15:25.004 [scheduling-1    ] INFO  UpdateAwardStockJob    - 定时任务，更新奖品消耗库存【延迟队列获取，降低对数据库的更新频次，不要产生竞争】
25-07-07.22:15:30.002 [scheduling-1    ] INFO  UpdateAwardStockJob    - 定时任务，更新奖品消耗库存【延迟队列获取，降低对数据库的更新频次，不要产生竞争】
25-07-07.22:15:35.004 [scheduling-1    ] INFO  UpdateAwardStockJob    - 定时任务，更新奖品消耗库存【延迟队列获取，降低对数据库的更新频次，不要产生竞争】
25-07-07.22:15:40.002 [scheduling-1    ] INFO  UpdateAwardStockJob    - 定时任务，更新奖品消耗库存【延迟队列获取，降低对数据库的更新频次，不要产生竞争】
25-07-07.22:15:45.006 [scheduling-1    ] INFO  UpdateAwardStockJob    - 定时任务，更新奖品消耗库存【延迟队列获取，降低对数据库的更新频次，不要产生竞争】
25-07-07.22:15:50.004 [scheduling-1    ] INFO  UpdateAwardStockJob    - 定时任务，更新奖品消耗库存【延迟队列获取，降低对数据库的更新频次，不要产生竞争】
25-07-07.22:15:55.006 [scheduling-1    ] INFO  UpdateAwardStockJob    - 定时任务，更新奖品消耗库存【延迟队列获取，降低对数据库的更新频次，不要产生竞争】
25-07-07.22:16:00.005 [scheduling-1    ] INFO  UpdateAwardStockJob    - 定时任务，更新奖品消耗库存【延迟队列获取，降低对数据库的更新频次，不要产生竞争】
25-07-07.22:16:05.006 [scheduling-1    ] INFO  UpdateAwardStockJob    - 定时任务，更新奖品消耗库存【延迟队列获取，降低对数据库的更新频次，不要产生竞争】
25-07-07.22:16:10.002 [scheduling-1    ] INFO  UpdateAwardStockJob    - 定时任务，更新奖品消耗库存【延迟队列获取，降低对数据库的更新频次，不要产生竞争】
25-07-07.22:16:15.005 [scheduling-1    ] INFO  UpdateAwardStockJob    - 定时任务，更新奖品消耗库存【延迟队列获取，降低对数据库的更新频次，不要产生竞争】
25-07-07.22:16:20.005 [scheduling-1    ] INFO  UpdateAwardStockJob    - 定时任务，更新奖品消耗库存【延迟队列获取，降低对数据库的更新频次，不要产生竞争】
25-07-07.22:16:25.006 [scheduling-1    ] INFO  UpdateAwardStockJob    - 定时任务，更新奖品消耗库存【延迟队列获取，降低对数据库的更新频次，不要产生竞争】
25-07-07.22:16:30.006 [scheduling-1    ] INFO  UpdateAwardStockJob    - 定时任务，更新奖品消耗库存【延迟队列获取，降低对数据库的更新频次，不要产生竞争】
25-07-07.22:16:35.004 [scheduling-1    ] INFO  UpdateAwardStockJob    - 定时任务，更新奖品消耗库存【延迟队列获取，降低对数据库的更新频次，不要产生竞争】
25-07-07.22:16:40.004 [scheduling-1    ] INFO  UpdateAwardStockJob    - 定时任务，更新奖品消耗库存【延迟队列获取，降低对数据库的更新频次，不要产生竞争】
25-07-07.22:16:45.002 [scheduling-1    ] INFO  UpdateAwardStockJob    - 定时任务，更新奖品消耗库存【延迟队列获取，降低对数据库的更新频次，不要产生竞争】
25-07-07.22:16:50.005 [scheduling-1    ] INFO  UpdateAwardStockJob    - 定时任务，更新奖品消耗库存【延迟队列获取，降低对数据库的更新频次，不要产生竞争】
25-07-07.22:16:55.006 [scheduling-1    ] INFO  UpdateAwardStockJob    - 定时任务，更新奖品消耗库存【延迟队列获取，降低对数据库的更新频次，不要产生竞争】
25-07-07.22:17:00.006 [scheduling-1    ] INFO  UpdateAwardStockJob    - 定时任务，更新奖品消耗库存【延迟队列获取，降低对数据库的更新频次，不要产生竞争】
25-07-07.22:17:05.003 [scheduling-1    ] INFO  UpdateAwardStockJob    - 定时任务，更新奖品消耗库存【延迟队列获取，降低对数据库的更新频次，不要产生竞争】
25-07-07.22:17:10.005 [scheduling-1    ] INFO  UpdateAwardStockJob    - 定时任务，更新奖品消耗库存【延迟队列获取，降低对数据库的更新频次，不要产生竞争】
25-07-07.22:17:15.004 [scheduling-1    ] INFO  UpdateAwardStockJob    - 定时任务，更新奖品消耗库存【延迟队列获取，降低对数据库的更新频次，不要产生竞争】
25-07-07.22:17:20.006 [scheduling-1    ] INFO  UpdateAwardStockJob    - 定时任务，更新奖品消耗库存【延迟队列获取，降低对数据库的更新频次，不要产生竞争】
25-07-07.22:17:25.005 [scheduling-1    ] INFO  UpdateAwardStockJob    - 定时任务，更新奖品消耗库存【延迟队列获取，降低对数据库的更新频次，不要产生竞争】
25-07-07.22:17:30.004 [scheduling-1    ] INFO  UpdateAwardStockJob    - 定时任务，更新奖品消耗库存【延迟队列获取，降低对数据库的更新频次，不要产生竞争】
25-07-07.22:17:35.004 [scheduling-1    ] INFO  UpdateAwardStockJob    - 定时任务，更新奖品消耗库存【延迟队列获取，降低对数据库的更新频次，不要产生竞争】
25-07-07.22:17:40.004 [scheduling-1    ] INFO  UpdateAwardStockJob    - 定时任务，更新奖品消耗库存【延迟队列获取，降低对数据库的更新频次，不要产生竞争】
25-07-07.22:17:45.002 [scheduling-1    ] INFO  UpdateAwardStockJob    - 定时任务，更新奖品消耗库存【延迟队列获取，降低对数据库的更新频次，不要产生竞争】
25-07-07.22:17:50.005 [scheduling-1    ] INFO  UpdateAwardStockJob    - 定时任务，更新奖品消耗库存【延迟队列获取，降低对数据库的更新频次，不要产生竞争】
25-07-07.22:17:55.005 [scheduling-1    ] INFO  UpdateAwardStockJob    - 定时任务，更新奖品消耗库存【延迟队列获取，降低对数据库的更新频次，不要产生竞争】
25-07-07.22:18:00.005 [scheduling-1    ] INFO  UpdateAwardStockJob    - 定时任务，更新奖品消耗库存【延迟队列获取，降低对数据库的更新频次，不要产生竞争】
25-07-07.22:18:05.005 [scheduling-1    ] INFO  UpdateAwardStockJob    - 定时任务，更新奖品消耗库存【延迟队列获取，降低对数据库的更新频次，不要产生竞争】
25-07-07.22:18:10.004 [scheduling-1    ] INFO  UpdateAwardStockJob    - 定时任务，更新奖品消耗库存【延迟队列获取，降低对数据库的更新频次，不要产生竞争】
25-07-07.22:18:15.002 [scheduling-1    ] INFO  UpdateAwardStockJob    - 定时任务，更新奖品消耗库存【延迟队列获取，降低对数据库的更新频次，不要产生竞争】
25-07-07.22:18:20.005 [scheduling-1    ] INFO  UpdateAwardStockJob    - 定时任务，更新奖品消耗库存【延迟队列获取，降低对数据库的更新频次，不要产生竞争】
25-07-07.22:18:25.001 [scheduling-1    ] INFO  UpdateAwardStockJob    - 定时任务，更新奖品消耗库存【延迟队列获取，降低对数据库的更新频次，不要产生竞争】
25-07-07.22:18:30.000 [scheduling-1    ] INFO  UpdateAwardStockJob    - 定时任务，更新奖品消耗库存【延迟队列获取，降低对数据库的更新频次，不要产生竞争】
25-07-07.22:18:35.005 [scheduling-1    ] INFO  UpdateAwardStockJob    - 定时任务，更新奖品消耗库存【延迟队列获取，降低对数据库的更新频次，不要产生竞争】
25-07-07.22:18:40.001 [scheduling-1    ] INFO  UpdateAwardStockJob    - 定时任务，更新奖品消耗库存【延迟队列获取，降低对数据库的更新频次，不要产生竞争】
25-07-07.22:18:45.004 [scheduling-1    ] INFO  UpdateAwardStockJob    - 定时任务，更新奖品消耗库存【延迟队列获取，降低对数据库的更新频次，不要产生竞争】
25-07-07.22:18:50.006 [scheduling-1    ] INFO  UpdateAwardStockJob    - 定时任务，更新奖品消耗库存【延迟队列获取，降低对数据库的更新频次，不要产生竞争】
25-07-07.22:18:55.005 [scheduling-1    ] INFO  UpdateAwardStockJob    - 定时任务，更新奖品消耗库存【延迟队列获取，降低对数据库的更新频次，不要产生竞争】
25-07-07.22:19:00.001 [scheduling-1    ] INFO  UpdateAwardStockJob    - 定时任务，更新奖品消耗库存【延迟队列获取，降低对数据库的更新频次，不要产生竞争】
25-07-07.22:19:05.005 [scheduling-1    ] INFO  UpdateAwardStockJob    - 定时任务，更新奖品消耗库存【延迟队列获取，降低对数据库的更新频次，不要产生竞争】
25-07-07.22:19:10.006 [scheduling-1    ] INFO  UpdateAwardStockJob    - 定时任务，更新奖品消耗库存【延迟队列获取，降低对数据库的更新频次，不要产生竞争】
25-07-07.22:19:15.005 [scheduling-1    ] INFO  UpdateAwardStockJob    - 定时任务，更新奖品消耗库存【延迟队列获取，降低对数据库的更新频次，不要产生竞争】
25-07-07.22:19:20.005 [scheduling-1    ] INFO  UpdateAwardStockJob    - 定时任务，更新奖品消耗库存【延迟队列获取，降低对数据库的更新频次，不要产生竞争】
25-07-07.22:19:25.005 [scheduling-1    ] INFO  UpdateAwardStockJob    - 定时任务，更新奖品消耗库存【延迟队列获取，降低对数据库的更新频次，不要产生竞争】
25-07-07.22:19:30.005 [scheduling-1    ] INFO  UpdateAwardStockJob    - 定时任务，更新奖品消耗库存【延迟队列获取，降低对数据库的更新频次，不要产生竞争】
25-07-07.22:19:35.004 [scheduling-1    ] INFO  UpdateAwardStockJob    - 定时任务，更新奖品消耗库存【延迟队列获取，降低对数据库的更新频次，不要产生竞争】
25-07-07.22:19:40.005 [scheduling-1    ] INFO  UpdateAwardStockJob    - 定时任务，更新奖品消耗库存【延迟队列获取，降低对数据库的更新频次，不要产生竞争】
25-07-07.22:19:45.005 [scheduling-1    ] INFO  UpdateAwardStockJob    - 定时任务，更新奖品消耗库存【延迟队列获取，降低对数据库的更新频次，不要产生竞争】
25-07-07.22:19:50.006 [scheduling-1    ] INFO  UpdateAwardStockJob    - 定时任务，更新奖品消耗库存【延迟队列获取，降低对数据库的更新频次，不要产生竞争】
25-07-07.22:19:55.005 [scheduling-1    ] INFO  UpdateAwardStockJob    - 定时任务，更新奖品消耗库存【延迟队列获取，降低对数据库的更新频次，不要产生竞争】
25-07-07.22:20:00.002 [scheduling-1    ] INFO  UpdateAwardStockJob    - 定时任务，更新奖品消耗库存【延迟队列获取，降低对数据库的更新频次，不要产生竞争】
25-07-07.22:20:05.005 [scheduling-1    ] INFO  UpdateAwardStockJob    - 定时任务，更新奖品消耗库存【延迟队列获取，降低对数据库的更新频次，不要产生竞争】
25-07-07.22:20:10.005 [scheduling-1    ] INFO  UpdateAwardStockJob    - 定时任务，更新奖品消耗库存【延迟队列获取，降低对数据库的更新频次，不要产生竞争】
25-07-07.22:20:15.003 [scheduling-1    ] INFO  UpdateAwardStockJob    - 定时任务，更新奖品消耗库存【延迟队列获取，降低对数据库的更新频次，不要产生竞争】
25-07-07.22:20:20.003 [scheduling-1    ] INFO  UpdateAwardStockJob    - 定时任务，更新奖品消耗库存【延迟队列获取，降低对数据库的更新频次，不要产生竞争】
25-07-07.22:20:25.005 [scheduling-1    ] INFO  UpdateAwardStockJob    - 定时任务，更新奖品消耗库存【延迟队列获取，降低对数据库的更新频次，不要产生竞争】
25-07-07.22:20:30.001 [scheduling-1    ] INFO  UpdateAwardStockJob    - 定时任务，更新奖品消耗库存【延迟队列获取，降低对数据库的更新频次，不要产生竞争】
25-07-07.22:20:35.001 [scheduling-1    ] INFO  UpdateAwardStockJob    - 定时任务，更新奖品消耗库存【延迟队列获取，降低对数据库的更新频次，不要产生竞争】
25-07-07.22:20:40.004 [scheduling-1    ] INFO  UpdateAwardStockJob    - 定时任务，更新奖品消耗库存【延迟队列获取，降低对数据库的更新频次，不要产生竞争】
25-07-07.22:20:45.002 [scheduling-1    ] INFO  UpdateAwardStockJob    - 定时任务，更新奖品消耗库存【延迟队列获取，降低对数据库的更新频次，不要产生竞争】
25-07-07.22:20:50.003 [scheduling-1    ] INFO  UpdateAwardStockJob    - 定时任务，更新奖品消耗库存【延迟队列获取，降低对数据库的更新频次，不要产生竞争】
25-07-07.22:20:55.003 [scheduling-1    ] INFO  UpdateAwardStockJob    - 定时任务，更新奖品消耗库存【延迟队列获取，降低对数据库的更新频次，不要产生竞争】
25-07-07.22:21:00.007 [scheduling-1    ] INFO  UpdateAwardStockJob    - 定时任务，更新奖品消耗库存【延迟队列获取，降低对数据库的更新频次，不要产生竞争】
25-07-07.22:21:05.002 [scheduling-1    ] INFO  UpdateAwardStockJob    - 定时任务，更新奖品消耗库存【延迟队列获取，降低对数据库的更新频次，不要产生竞争】
25-07-07.22:21:10.000 [scheduling-1    ] INFO  UpdateAwardStockJob    - 定时任务，更新奖品消耗库存【延迟队列获取，降低对数据库的更新频次，不要产生竞争】
25-07-07.22:21:15.005 [scheduling-1    ] INFO  UpdateAwardStockJob    - 定时任务，更新奖品消耗库存【延迟队列获取，降低对数据库的更新频次，不要产生竞争】
25-07-07.22:21:20.005 [scheduling-1    ] INFO  UpdateAwardStockJob    - 定时任务，更新奖品消耗库存【延迟队列获取，降低对数据库的更新频次，不要产生竞争】
25-07-07.22:21:25.002 [scheduling-1    ] INFO  UpdateAwardStockJob    - 定时任务，更新奖品消耗库存【延迟队列获取，降低对数据库的更新频次，不要产生竞争】
25-07-07.22:21:30.004 [scheduling-1    ] INFO  UpdateAwardStockJob    - 定时任务，更新奖品消耗库存【延迟队列获取，降低对数据库的更新频次，不要产生竞争】
25-07-07.22:21:35.005 [scheduling-1    ] INFO  UpdateAwardStockJob    - 定时任务，更新奖品消耗库存【延迟队列获取，降低对数据库的更新频次，不要产生竞争】
25-07-07.22:21:40.002 [scheduling-1    ] INFO  UpdateAwardStockJob    - 定时任务，更新奖品消耗库存【延迟队列获取，降低对数据库的更新频次，不要产生竞争】
25-07-07.22:21:44.253 [SpringApplicationShutdownHook] INFO  HikariDataSource       - HikariPool-1 - Shutdown initiated...
25-07-07.22:21:44.259 [SpringApplicationShutdownHook] INFO  HikariDataSource       - HikariPool-1 - Shutdown completed.
25-07-07.22:21:46.603 [main            ] INFO  Application            - Starting Application using Java 1.8.0_452 on xingedeMacBook-Air.local with PID 97405 (/Users/xingeqi/Downloads/untitled1/untitled1-app/target/classes started by xingeqi in /Users/xingeqi/Downloads/untitled1)
25-07-07.22:21:46.604 [main            ] INFO  Application            - The following 1 profile is active: "dev"
25-07-07.22:21:46.958 [main            ] INFO  RepositoryConfigurationDelegate - Multiple Spring Data modules found, entering strict repository configuration mode
25-07-07.22:21:46.959 [main            ] INFO  RepositoryConfigurationDelegate - Bootstrapping Spring Data Redis repositories in DEFAULT mode.
25-07-07.22:21:46.970 [main            ] INFO  RepositoryConfigurationDelegate - Finished Spring Data repository scanning in 6 ms. Found 0 Redis repository interfaces.
25-07-07.22:21:47.164 [main            ] INFO  TomcatWebServer        - Tomcat initialized with port(s): 8091 (http)
25-07-07.22:21:47.167 [main            ] INFO  Http11NioProtocol      - Initializing ProtocolHandler ["http-nio-8091"]
25-07-07.22:21:47.168 [main            ] INFO  StandardService        - Starting service [Tomcat]
25-07-07.22:21:47.168 [main            ] INFO  StandardEngine         - Starting Servlet engine: [Apache Tomcat/9.0.75]
25-07-07.22:21:47.203 [main            ] INFO  [/]                    - Initializing Spring embedded WebApplicationContext
25-07-07.22:21:47.203 [main            ] INFO  ServletWebServerApplicationContext - Root WebApplicationContext: initialization completed in 580 ms
25-07-07.22:21:47.446 [main            ] INFO  Version                - Redisson 3.24.3
25-07-07.22:21:47.455 [main            ] WARN  DnsServerAddressStreamProviders - Can not find io.netty.resolver.dns.macos.MacOSDnsServerAddressStreamProvider in the classpath, fallback to system defaults. This may result in incorrect DNS resolutions on MacOS. Check whether you have a dependency on 'io.netty:netty-resolver-dns-native-macos'
25-07-07.22:21:47.520 [redisson-netty-2-6] INFO  MasterPubSubConnectionPool - 1 connections initialized for 192.168.12.230/192.168.12.230:6399
25-07-07.22:21:47.566 [redisson-netty-2-13] INFO  MasterConnectionPool   - 5 connections initialized for 192.168.12.230/192.168.12.230:6399
25-07-07.22:21:47.971 [main            ] INFO  EndpointLinksResolver  - Exposing 1 endpoint(s) beneath base path '/actuator'
25-07-07.22:21:47.989 [main            ] INFO  Http11NioProtocol      - Starting ProtocolHandler ["http-nio-8091"]
25-07-07.22:21:47.996 [main            ] INFO  TomcatWebServer        - Tomcat started on port(s): 8091 (http) with context path ''
25-07-07.22:21:48.005 [main            ] INFO  Application            - Started Application in 1.59 seconds (JVM running for 1.865)
25-07-07.22:21:48.394 [RMI TCP Connection(2)-127.0.0.1] INFO  [/]                    - Initializing Spring DispatcherServlet 'dispatcherServlet'
25-07-07.22:21:48.394 [RMI TCP Connection(2)-127.0.0.1] INFO  DispatcherServlet      - Initializing Servlet 'dispatcherServlet'
25-07-07.22:21:48.396 [RMI TCP Connection(2)-127.0.0.1] INFO  DispatcherServlet      - Completed initialization in 2 ms
25-07-07.22:21:48.397 [RMI TCP Connection(3)-127.0.0.1] INFO  HikariDataSource       - HikariPool-1 - Starting...
25-07-07.22:21:48.583 [RMI TCP Connection(3)-127.0.0.1] INFO  HikariDataSource       - HikariPool-1 - Start completed.
25-07-07.22:21:50.006 [scheduling-1    ] INFO  UpdateAwardStockJob    - 定时任务，更新奖品消耗库存【延迟队列获取，降低对数据库的更新频次，不要产生竞争】
25-07-07.22:21:51.049 [http-nio-8091-exec-1] INFO  Http11Processor        - Error parsing HTTP request header
 Note: further occurrences of HTTP request parsing errors will be logged at DEBUG level.
java.lang.IllegalArgumentException: Invalid character found in method name [0x160x030x010x020x000x010x000x010xfc0x030x030xb50x0ed0xb60xe00xd30xbb"0x9f0x8c0xd6E9J0xdf(0xb90x090xea[0xda0xb0fD0xaf0x070x870xe6t0x020x1a0xcb ]. HTTP method names must be tokens
	at org.apache.coyote.http11.Http11InputBuffer.parseRequestLine(Http11InputBuffer.java:407)
	at org.apache.coyote.http11.Http11Processor.service(Http11Processor.java:263)
	at org.apache.coyote.AbstractProcessorLight.process(AbstractProcessorLight.java:63)
	at org.apache.coyote.AbstractProtocol$ConnectionHandler.process(AbstractProtocol.java:926)
	at org.apache.tomcat.util.net.NioEndpoint$SocketProcessor.doRun(NioEndpoint.java:1791)
	at org.apache.tomcat.util.net.SocketProcessorBase.run(SocketProcessorBase.java:52)
	at org.apache.tomcat.util.threads.ThreadPoolExecutor.runWorker(ThreadPoolExecutor.java:1191)
	at org.apache.tomcat.util.threads.ThreadPoolExecutor$Worker.run(ThreadPoolExecutor.java:659)
	at org.apache.tomcat.util.threads.TaskThread$WrappingRunnable.run(TaskThread.java:61)
	at java.lang.Thread.run(Thread.java:750)
25-07-07.22:21:55.002 [scheduling-1    ] INFO  UpdateAwardStockJob    - 定时任务，更新奖品消耗库存【延迟队列获取，降低对数据库的更新频次，不要产生竞争】
25-07-07.22:22:00.006 [scheduling-1    ] INFO  UpdateAwardStockJob    - 定时任务，更新奖品消耗库存【延迟队列获取，降低对数据库的更新频次，不要产生竞争】
25-07-07.22:22:05.005 [scheduling-1    ] INFO  UpdateAwardStockJob    - 定时任务，更新奖品消耗库存【延迟队列获取，降低对数据库的更新频次，不要产生竞争】
25-07-07.22:22:10.004 [scheduling-1    ] INFO  UpdateAwardStockJob    - 定时任务，更新奖品消耗库存【延迟队列获取，降低对数据库的更新频次，不要产生竞争】
25-07-07.22:22:15.000 [scheduling-1    ] INFO  UpdateAwardStockJob    - 定时任务，更新奖品消耗库存【延迟队列获取，降低对数据库的更新频次，不要产生竞争】
25-07-07.22:22:20.003 [scheduling-1    ] INFO  UpdateAwardStockJob    - 定时任务，更新奖品消耗库存【延迟队列获取，降低对数据库的更新频次，不要产生竞争】
25-07-07.22:22:25.005 [scheduling-1    ] INFO  UpdateAwardStockJob    - 定时任务，更新奖品消耗库存【延迟队列获取，降低对数据库的更新频次，不要产生竞争】
25-07-07.22:22:30.004 [scheduling-1    ] INFO  UpdateAwardStockJob    - 定时任务，更新奖品消耗库存【延迟队列获取，降低对数据库的更新频次，不要产生竞争】
25-07-07.22:22:35.005 [scheduling-1    ] INFO  UpdateAwardStockJob    - 定时任务，更新奖品消耗库存【延迟队列获取，降低对数据库的更新频次，不要产生竞争】
25-07-07.22:22:40.001 [scheduling-1    ] INFO  UpdateAwardStockJob    - 定时任务，更新奖品消耗库存【延迟队列获取，降低对数据库的更新频次，不要产生竞争】
25-07-07.22:22:45.002 [scheduling-1    ] INFO  UpdateAwardStockJob    - 定时任务，更新奖品消耗库存【延迟队列获取，降低对数据库的更新频次，不要产生竞争】
25-07-07.22:22:50.001 [scheduling-1    ] INFO  UpdateAwardStockJob    - 定时任务，更新奖品消耗库存【延迟队列获取，降低对数据库的更新频次，不要产生竞争】
25-07-07.22:22:55.005 [scheduling-1    ] INFO  UpdateAwardStockJob    - 定时任务，更新奖品消耗库存【延迟队列获取，降低对数据库的更新频次，不要产生竞争】
25-07-07.22:23:00.008 [scheduling-1    ] INFO  UpdateAwardStockJob    - 定时任务，更新奖品消耗库存【延迟队列获取，降低对数据库的更新频次，不要产生竞争】
25-07-07.22:23:05.001 [scheduling-1    ] INFO  UpdateAwardStockJob    - 定时任务，更新奖品消耗库存【延迟队列获取，降低对数据库的更新频次，不要产生竞争】
25-07-07.22:23:10.005 [scheduling-1    ] INFO  UpdateAwardStockJob    - 定时任务，更新奖品消耗库存【延迟队列获取，降低对数据库的更新频次，不要产生竞争】
25-07-07.22:23:15.005 [scheduling-1    ] INFO  UpdateAwardStockJob    - 定时任务，更新奖品消耗库存【延迟队列获取，降低对数据库的更新频次，不要产生竞争】
25-07-07.22:23:20.005 [scheduling-1    ] INFO  UpdateAwardStockJob    - 定时任务，更新奖品消耗库存【延迟队列获取，降低对数据库的更新频次，不要产生竞争】
25-07-07.22:23:25.002 [scheduling-1    ] INFO  UpdateAwardStockJob    - 定时任务，更新奖品消耗库存【延迟队列获取，降低对数据库的更新频次，不要产生竞争】
25-07-07.22:23:30.001 [scheduling-1    ] INFO  UpdateAwardStockJob    - 定时任务，更新奖品消耗库存【延迟队列获取，降低对数据库的更新频次，不要产生竞争】
25-07-07.22:23:35.003 [scheduling-1    ] INFO  UpdateAwardStockJob    - 定时任务，更新奖品消耗库存【延迟队列获取，降低对数据库的更新频次，不要产生竞争】
25-07-07.22:23:40.005 [scheduling-1    ] INFO  UpdateAwardStockJob    - 定时任务，更新奖品消耗库存【延迟队列获取，降低对数据库的更新频次，不要产生竞争】
25-07-07.22:23:43.648 [http-nio-8091-exec-4] INFO  RaffleController       - 查询抽奖奖品列表配开始 strategyId：0
25-07-07.22:23:43.751 [http-nio-8091-exec-4] INFO  RaffleController       - 查询抽奖奖品列表配置完成 strategyId：0 response: {"code":"0000","data":[],"info":"成功"}
25-07-07.22:23:45.005 [scheduling-1    ] INFO  UpdateAwardStockJob    - 定时任务，更新奖品消耗库存【延迟队列获取，降低对数据库的更新频次，不要产生竞争】
25-07-07.22:23:50.005 [scheduling-1    ] INFO  UpdateAwardStockJob    - 定时任务，更新奖品消耗库存【延迟队列获取，降低对数据库的更新频次，不要产生竞争】
25-07-07.22:23:51.761 [http-nio-8091-exec-6] INFO  RaffleController       - 随机抽奖开始 strategyId: 0
25-07-07.22:23:51.798 [http-nio-8091-exec-6] ERROR RaffleController       - 随机抽奖失败 strategyId：0
java.lang.NullPointerException: null
	at org.example.infrastructure.persistent.repository.StrategyRepository.queryStrategyEntityByStrategyId(StrategyRepository.java:133)
	at org.example.infrastructure.persistent.repository.StrategyRepository$$FastClassBySpringCGLIB$$19908ba7.invoke(<generated>)
	at org.springframework.cglib.proxy.MethodProxy.invoke(MethodProxy.java:218)
	at org.springframework.aop.framework.CglibAopProxy$CglibMethodInvocation.invokeJoinpoint(CglibAopProxy.java:793)
	at org.springframework.aop.framework.ReflectiveMethodInvocation.proceed(ReflectiveMethodInvocation.java:163)
	at org.springframework.aop.framework.CglibAopProxy$CglibMethodInvocation.proceed(CglibAopProxy.java:763)
	at org.springframework.dao.support.PersistenceExceptionTranslationInterceptor.invoke(PersistenceExceptionTranslationInterceptor.java:137)
	at org.springframework.aop.framework.ReflectiveMethodInvocation.proceed(ReflectiveMethodInvocation.java:186)
	at org.springframework.aop.framework.CglibAopProxy$CglibMethodInvocation.proceed(CglibAopProxy.java:763)
	at org.springframework.aop.framework.CglibAopProxy$DynamicAdvisedInterceptor.intercept(CglibAopProxy.java:708)
	at org.example.infrastructure.persistent.repository.StrategyRepository$$EnhancerBySpringCGLIB$$c990fb49.queryStrategyEntityByStrategyId(<generated>)
	at org.example.domain.strategy.service.rule.chain.factory.DefaultChainFactory.getLogicChain(DefaultChainFactory.java:28)
	at org.example.domain.strategy.service.raffle.DefaultRaffleStrategy.raffleLogicChain(DefaultRaffleStrategy.java:50)
	at org.example.domain.strategy.service.raffle.AbstractRaffleStrategy.performRaffle(AbstractRaffleStrategy.java:52)
	at org.example.trigger.http.RaffleController.randomRaffle(RaffleController.java:135)
	at sun.reflect.NativeMethodAccessorImpl.invoke0(Native Method)
	at sun.reflect.NativeMethodAccessorImpl.invoke(NativeMethodAccessorImpl.java:62)
	at sun.reflect.DelegatingMethodAccessorImpl.invoke(DelegatingMethodAccessorImpl.java:43)
	at java.lang.reflect.Method.invoke(Method.java:498)
	at org.springframework.web.method.support.InvocableHandlerMethod.doInvoke(InvocableHandlerMethod.java:205)
	at org.springframework.web.method.support.InvocableHandlerMethod.invokeForRequest(InvocableHandlerMethod.java:150)
	at org.springframework.web.servlet.mvc.method.annotation.ServletInvocableHandlerMethod.invokeAndHandle(ServletInvocableHandlerMethod.java:117)
	at org.springframework.web.servlet.mvc.method.annotation.RequestMappingHandlerAdapter.invokeHandlerMethod(RequestMappingHandlerAdapter.java:895)
	at org.springframework.web.servlet.mvc.method.annotation.RequestMappingHandlerAdapter.handleInternal(RequestMappingHandlerAdapter.java:808)
	at org.springframework.web.servlet.mvc.method.AbstractHandlerMethodAdapter.handle(AbstractHandlerMethodAdapter.java:87)
	at org.springframework.web.servlet.DispatcherServlet.doDispatch(DispatcherServlet.java:1072)
	at org.springframework.web.servlet.DispatcherServlet.doService(DispatcherServlet.java:965)
	at org.springframework.web.servlet.FrameworkServlet.processRequest(FrameworkServlet.java:1006)
	at org.springframework.web.servlet.FrameworkServlet.doPost(FrameworkServlet.java:909)
	at javax.servlet.http.HttpServlet.service(HttpServlet.java:555)
	at org.springframework.web.servlet.FrameworkServlet.service(FrameworkServlet.java:883)
	at javax.servlet.http.HttpServlet.service(HttpServlet.java:623)
	at org.apache.catalina.core.ApplicationFilterChain.internalDoFilter(ApplicationFilterChain.java:209)
	at org.apache.catalina.core.ApplicationFilterChain.doFilter(ApplicationFilterChain.java:153)
	at org.apache.tomcat.websocket.server.WsFilter.doFilter(WsFilter.java:51)
	at org.apache.catalina.core.ApplicationFilterChain.internalDoFilter(ApplicationFilterChain.java:178)
	at org.apache.catalina.core.ApplicationFilterChain.doFilter(ApplicationFilterChain.java:153)
	at org.springframework.web.filter.RequestContextFilter.doFilterInternal(RequestContextFilter.java:100)
	at org.springframework.web.filter.OncePerRequestFilter.doFilter(OncePerRequestFilter.java:117)
	at org.apache.catalina.core.ApplicationFilterChain.internalDoFilter(ApplicationFilterChain.java:178)
	at org.apache.catalina.core.ApplicationFilterChain.doFilter(ApplicationFilterChain.java:153)
	at org.springframework.web.filter.FormContentFilter.doFilterInternal(FormContentFilter.java:93)
	at org.springframework.web.filter.OncePerRequestFilter.doFilter(OncePerRequestFilter.java:117)
	at org.apache.catalina.core.ApplicationFilterChain.internalDoFilter(ApplicationFilterChain.java:178)
	at org.apache.catalina.core.ApplicationFilterChain.doFilter(ApplicationFilterChain.java:153)
	at org.springframework.boot.actuate.metrics.web.servlet.WebMvcMetricsFilter.doFilterInternal(WebMvcMetricsFilter.java:96)
	at org.springframework.web.filter.OncePerRequestFilter.doFilter(OncePerRequestFilter.java:117)
	at org.apache.catalina.core.ApplicationFilterChain.internalDoFilter(ApplicationFilterChain.java:178)
	at org.apache.catalina.core.ApplicationFilterChain.doFilter(ApplicationFilterChain.java:153)
	at org.springframework.web.filter.CharacterEncodingFilter.doFilterInternal(CharacterEncodingFilter.java:201)
	at org.springframework.web.filter.OncePerRequestFilter.doFilter(OncePerRequestFilter.java:117)
	at org.apache.catalina.core.ApplicationFilterChain.internalDoFilter(ApplicationFilterChain.java:178)
	at org.apache.catalina.core.ApplicationFilterChain.doFilter(ApplicationFilterChain.java:153)
	at org.apache.catalina.core.StandardWrapperValve.invoke(StandardWrapperValve.java:167)
	at org.apache.catalina.core.StandardContextValve.invoke(StandardContextValve.java:90)
	at org.apache.catalina.authenticator.AuthenticatorBase.invoke(AuthenticatorBase.java:481)
	at org.apache.catalina.core.StandardHostValve.invoke(StandardHostValve.java:130)
	at org.apache.catalina.valves.ErrorReportValve.invoke(ErrorReportValve.java:93)
	at org.apache.catalina.core.StandardEngineValve.invoke(StandardEngineValve.java:74)
	at org.apache.catalina.connector.CoyoteAdapter.service(CoyoteAdapter.java:343)
	at org.apache.coyote.http11.Http11Processor.service(Http11Processor.java:390)
	at org.apache.coyote.AbstractProcessorLight.process(AbstractProcessorLight.java:63)
	at org.apache.coyote.AbstractProtocol$ConnectionHandler.process(AbstractProtocol.java:926)
	at org.apache.tomcat.util.net.NioEndpoint$SocketProcessor.doRun(NioEndpoint.java:1791)
	at org.apache.tomcat.util.net.SocketProcessorBase.run(SocketProcessorBase.java:52)
	at org.apache.tomcat.util.threads.ThreadPoolExecutor.runWorker(ThreadPoolExecutor.java:1191)
	at org.apache.tomcat.util.threads.ThreadPoolExecutor$Worker.run(ThreadPoolExecutor.java:659)
	at org.apache.tomcat.util.threads.TaskThread$WrappingRunnable.run(TaskThread.java:61)
	at java.lang.Thread.run(Thread.java:750)
25-07-07.22:23:51.920 [http-nio-8091-exec-7] INFO  RaffleController       - 查询抽奖奖品列表配开始 strategyId：0
25-07-07.22:23:51.952 [http-nio-8091-exec-7] INFO  RaffleController       - 查询抽奖奖品列表配置完成 strategyId：0 response: {"code":"0000","data":[],"info":"成功"}
25-07-07.22:23:55.005 [scheduling-1    ] INFO  UpdateAwardStockJob    - 定时任务，更新奖品消耗库存【延迟队列获取，降低对数据库的更新频次，不要产生竞争】
25-07-07.22:24:00.001 [scheduling-1    ] INFO  UpdateAwardStockJob    - 定时任务，更新奖品消耗库存【延迟队列获取，降低对数据库的更新频次，不要产生竞争】
25-07-07.22:24:05.005 [scheduling-1    ] INFO  UpdateAwardStockJob    - 定时任务，更新奖品消耗库存【延迟队列获取，降低对数据库的更新频次，不要产生竞争】
25-07-07.22:24:10.002 [scheduling-1    ] INFO  UpdateAwardStockJob    - 定时任务，更新奖品消耗库存【延迟队列获取，降低对数据库的更新频次，不要产生竞争】
25-07-07.22:24:15.006 [scheduling-1    ] INFO  UpdateAwardStockJob    - 定时任务，更新奖品消耗库存【延迟队列获取，降低对数据库的更新频次，不要产生竞争】
25-07-07.22:24:20.004 [scheduling-1    ] INFO  UpdateAwardStockJob    - 定时任务，更新奖品消耗库存【延迟队列获取，降低对数据库的更新频次，不要产生竞争】
25-07-07.22:24:25.004 [scheduling-1    ] INFO  UpdateAwardStockJob    - 定时任务，更新奖品消耗库存【延迟队列获取，降低对数据库的更新频次，不要产生竞争】
25-07-07.22:24:30.002 [scheduling-1    ] INFO  UpdateAwardStockJob    - 定时任务，更新奖品消耗库存【延迟队列获取，降低对数据库的更新频次，不要产生竞争】
25-07-07.22:24:35.005 [scheduling-1    ] INFO  UpdateAwardStockJob    - 定时任务，更新奖品消耗库存【延迟队列获取，降低对数据库的更新频次，不要产生竞争】
25-07-07.22:24:40.005 [scheduling-1    ] INFO  UpdateAwardStockJob    - 定时任务，更新奖品消耗库存【延迟队列获取，降低对数据库的更新频次，不要产生竞争】
25-07-07.22:24:45.001 [scheduling-1    ] INFO  UpdateAwardStockJob    - 定时任务，更新奖品消耗库存【延迟队列获取，降低对数据库的更新频次，不要产生竞争】
25-07-07.22:24:50.000 [scheduling-1    ] INFO  UpdateAwardStockJob    - 定时任务，更新奖品消耗库存【延迟队列获取，降低对数据库的更新频次，不要产生竞争】
25-07-07.22:24:55.005 [scheduling-1    ] INFO  UpdateAwardStockJob    - 定时任务，更新奖品消耗库存【延迟队列获取，降低对数据库的更新频次，不要产生竞争】
25-07-07.22:25:00.004 [scheduling-1    ] INFO  UpdateAwardStockJob    - 定时任务，更新奖品消耗库存【延迟队列获取，降低对数据库的更新频次，不要产生竞争】
25-07-07.22:25:05.006 [scheduling-1    ] INFO  UpdateAwardStockJob    - 定时任务，更新奖品消耗库存【延迟队列获取，降低对数据库的更新频次，不要产生竞争】
25-07-07.22:25:10.001 [scheduling-1    ] INFO  UpdateAwardStockJob    - 定时任务，更新奖品消耗库存【延迟队列获取，降低对数据库的更新频次，不要产生竞争】
25-07-07.22:25:15.002 [scheduling-1    ] INFO  UpdateAwardStockJob    - 定时任务，更新奖品消耗库存【延迟队列获取，降低对数据库的更新频次，不要产生竞争】
25-07-07.22:25:20.006 [scheduling-1    ] INFO  UpdateAwardStockJob    - 定时任务，更新奖品消耗库存【延迟队列获取，降低对数据库的更新频次，不要产生竞争】
25-07-07.22:25:25.003 [scheduling-1    ] INFO  UpdateAwardStockJob    - 定时任务，更新奖品消耗库存【延迟队列获取，降低对数据库的更新频次，不要产生竞争】
25-07-07.22:25:30.005 [scheduling-1    ] INFO  UpdateAwardStockJob    - 定时任务，更新奖品消耗库存【延迟队列获取，降低对数据库的更新频次，不要产生竞争】
25-07-07.22:25:35.002 [scheduling-1    ] INFO  UpdateAwardStockJob    - 定时任务，更新奖品消耗库存【延迟队列获取，降低对数据库的更新频次，不要产生竞争】
25-07-07.22:25:40.001 [scheduling-1    ] INFO  UpdateAwardStockJob    - 定时任务，更新奖品消耗库存【延迟队列获取，降低对数据库的更新频次，不要产生竞争】
25-07-07.22:25:45.001 [scheduling-1    ] INFO  UpdateAwardStockJob    - 定时任务，更新奖品消耗库存【延迟队列获取，降低对数据库的更新频次，不要产生竞争】
25-07-07.22:25:50.004 [scheduling-1    ] INFO  UpdateAwardStockJob    - 定时任务，更新奖品消耗库存【延迟队列获取，降低对数据库的更新频次，不要产生竞争】
25-07-07.22:25:55.002 [scheduling-1    ] INFO  UpdateAwardStockJob    - 定时任务，更新奖品消耗库存【延迟队列获取，降低对数据库的更新频次，不要产生竞争】
25-07-07.22:26:00.005 [scheduling-1    ] INFO  UpdateAwardStockJob    - 定时任务，更新奖品消耗库存【延迟队列获取，降低对数据库的更新频次，不要产生竞争】
25-07-07.22:26:00.085 [http-nio-8091-exec-9] INFO  RaffleController       - 查询抽奖奖品列表配开始 strategyId：0
25-07-07.22:26:00.116 [http-nio-8091-exec-9] INFO  RaffleController       - 查询抽奖奖品列表配置完成 strategyId：0 response: {"code":"0000","data":[],"info":"成功"}
25-07-07.22:26:05.000 [scheduling-1    ] INFO  UpdateAwardStockJob    - 定时任务，更新奖品消耗库存【延迟队列获取，降低对数据库的更新频次，不要产生竞争】
25-07-07.22:26:10.001 [scheduling-1    ] INFO  UpdateAwardStockJob    - 定时任务，更新奖品消耗库存【延迟队列获取，降低对数据库的更新频次，不要产生竞争】
25-07-07.22:26:15.002 [scheduling-1    ] INFO  UpdateAwardStockJob    - 定时任务，更新奖品消耗库存【延迟队列获取，降低对数据库的更新频次，不要产生竞争】
25-07-07.22:26:20.006 [scheduling-1    ] INFO  UpdateAwardStockJob    - 定时任务，更新奖品消耗库存【延迟队列获取，降低对数据库的更新频次，不要产生竞争】
25-07-07.22:26:25.004 [scheduling-1    ] INFO  UpdateAwardStockJob    - 定时任务，更新奖品消耗库存【延迟队列获取，降低对数据库的更新频次，不要产生竞争】
25-07-07.22:26:30.000 [scheduling-1    ] INFO  UpdateAwardStockJob    - 定时任务，更新奖品消耗库存【延迟队列获取，降低对数据库的更新频次，不要产生竞争】
25-07-07.22:26:35.005 [scheduling-1    ] INFO  UpdateAwardStockJob    - 定时任务，更新奖品消耗库存【延迟队列获取，降低对数据库的更新频次，不要产生竞争】
25-07-07.22:26:37.938 [http-nio-8091-exec-11] INFO  RaffleController       - 查询抽奖奖品列表配开始 strategyId：0
25-07-07.22:26:38.042 [http-nio-8091-exec-11] INFO  RaffleController       - 查询抽奖奖品列表配置完成 strategyId：0 response: {"code":"0000","data":[],"info":"成功"}
25-07-07.22:26:39.535 [http-nio-8091-exec-12] INFO  RaffleController       - 查询抽奖奖品列表配开始 strategyId：0
25-07-07.22:26:39.578 [http-nio-8091-exec-12] INFO  RaffleController       - 查询抽奖奖品列表配置完成 strategyId：0 response: {"code":"0000","data":[],"info":"成功"}
25-07-07.22:26:40.005 [scheduling-1    ] INFO  UpdateAwardStockJob    - 定时任务，更新奖品消耗库存【延迟队列获取，降低对数据库的更新频次，不要产生竞争】
25-07-07.22:26:44.261 [http-nio-8091-exec-13] INFO  RaffleController       - 随机抽奖开始 strategyId: 0
25-07-07.22:26:44.285 [http-nio-8091-exec-13] ERROR RaffleController       - 随机抽奖失败 strategyId：0
java.lang.NullPointerException: null
	at org.example.infrastructure.persistent.repository.StrategyRepository.queryStrategyEntityByStrategyId(StrategyRepository.java:133)
	at org.example.infrastructure.persistent.repository.StrategyRepository$$FastClassBySpringCGLIB$$19908ba7.invoke(<generated>)
	at org.springframework.cglib.proxy.MethodProxy.invoke(MethodProxy.java:218)
	at org.springframework.aop.framework.CglibAopProxy$CglibMethodInvocation.invokeJoinpoint(CglibAopProxy.java:793)
	at org.springframework.aop.framework.ReflectiveMethodInvocation.proceed(ReflectiveMethodInvocation.java:163)
	at org.springframework.aop.framework.CglibAopProxy$CglibMethodInvocation.proceed(CglibAopProxy.java:763)
	at org.springframework.dao.support.PersistenceExceptionTranslationInterceptor.invoke(PersistenceExceptionTranslationInterceptor.java:137)
	at org.springframework.aop.framework.ReflectiveMethodInvocation.proceed(ReflectiveMethodInvocation.java:186)
	at org.springframework.aop.framework.CglibAopProxy$CglibMethodInvocation.proceed(CglibAopProxy.java:763)
	at org.springframework.aop.framework.CglibAopProxy$DynamicAdvisedInterceptor.intercept(CglibAopProxy.java:708)
	at org.example.infrastructure.persistent.repository.StrategyRepository$$EnhancerBySpringCGLIB$$c990fb49.queryStrategyEntityByStrategyId(<generated>)
	at org.example.domain.strategy.service.rule.chain.factory.DefaultChainFactory.getLogicChain(DefaultChainFactory.java:28)
	at org.example.domain.strategy.service.raffle.DefaultRaffleStrategy.raffleLogicChain(DefaultRaffleStrategy.java:50)
	at org.example.domain.strategy.service.raffle.AbstractRaffleStrategy.performRaffle(AbstractRaffleStrategy.java:52)
	at org.example.trigger.http.RaffleController.randomRaffle(RaffleController.java:135)
	at sun.reflect.NativeMethodAccessorImpl.invoke0(Native Method)
	at sun.reflect.NativeMethodAccessorImpl.invoke(NativeMethodAccessorImpl.java:62)
	at sun.reflect.DelegatingMethodAccessorImpl.invoke(DelegatingMethodAccessorImpl.java:43)
	at java.lang.reflect.Method.invoke(Method.java:498)
	at org.springframework.web.method.support.InvocableHandlerMethod.doInvoke(InvocableHandlerMethod.java:205)
	at org.springframework.web.method.support.InvocableHandlerMethod.invokeForRequest(InvocableHandlerMethod.java:150)
	at org.springframework.web.servlet.mvc.method.annotation.ServletInvocableHandlerMethod.invokeAndHandle(ServletInvocableHandlerMethod.java:117)
	at org.springframework.web.servlet.mvc.method.annotation.RequestMappingHandlerAdapter.invokeHandlerMethod(RequestMappingHandlerAdapter.java:895)
	at org.springframework.web.servlet.mvc.method.annotation.RequestMappingHandlerAdapter.handleInternal(RequestMappingHandlerAdapter.java:808)
	at org.springframework.web.servlet.mvc.method.AbstractHandlerMethodAdapter.handle(AbstractHandlerMethodAdapter.java:87)
	at org.springframework.web.servlet.DispatcherServlet.doDispatch(DispatcherServlet.java:1072)
	at org.springframework.web.servlet.DispatcherServlet.doService(DispatcherServlet.java:965)
	at org.springframework.web.servlet.FrameworkServlet.processRequest(FrameworkServlet.java:1006)
	at org.springframework.web.servlet.FrameworkServlet.doPost(FrameworkServlet.java:909)
	at javax.servlet.http.HttpServlet.service(HttpServlet.java:555)
	at org.springframework.web.servlet.FrameworkServlet.service(FrameworkServlet.java:883)
	at javax.servlet.http.HttpServlet.service(HttpServlet.java:623)
	at org.apache.catalina.core.ApplicationFilterChain.internalDoFilter(ApplicationFilterChain.java:209)
	at org.apache.catalina.core.ApplicationFilterChain.doFilter(ApplicationFilterChain.java:153)
	at org.apache.tomcat.websocket.server.WsFilter.doFilter(WsFilter.java:51)
	at org.apache.catalina.core.ApplicationFilterChain.internalDoFilter(ApplicationFilterChain.java:178)
	at org.apache.catalina.core.ApplicationFilterChain.doFilter(ApplicationFilterChain.java:153)
	at org.springframework.web.filter.RequestContextFilter.doFilterInternal(RequestContextFilter.java:100)
	at org.springframework.web.filter.OncePerRequestFilter.doFilter(OncePerRequestFilter.java:117)
	at org.apache.catalina.core.ApplicationFilterChain.internalDoFilter(ApplicationFilterChain.java:178)
	at org.apache.catalina.core.ApplicationFilterChain.doFilter(ApplicationFilterChain.java:153)
	at org.springframework.web.filter.FormContentFilter.doFilterInternal(FormContentFilter.java:93)
	at org.springframework.web.filter.OncePerRequestFilter.doFilter(OncePerRequestFilter.java:117)
	at org.apache.catalina.core.ApplicationFilterChain.internalDoFilter(ApplicationFilterChain.java:178)
	at org.apache.catalina.core.ApplicationFilterChain.doFilter(ApplicationFilterChain.java:153)
	at org.springframework.boot.actuate.metrics.web.servlet.WebMvcMetricsFilter.doFilterInternal(WebMvcMetricsFilter.java:96)
	at org.springframework.web.filter.OncePerRequestFilter.doFilter(OncePerRequestFilter.java:117)
	at org.apache.catalina.core.ApplicationFilterChain.internalDoFilter(ApplicationFilterChain.java:178)
	at org.apache.catalina.core.ApplicationFilterChain.doFilter(ApplicationFilterChain.java:153)
	at org.springframework.web.filter.CharacterEncodingFilter.doFilterInternal(CharacterEncodingFilter.java:201)
	at org.springframework.web.filter.OncePerRequestFilter.doFilter(OncePerRequestFilter.java:117)
	at org.apache.catalina.core.ApplicationFilterChain.internalDoFilter(ApplicationFilterChain.java:178)
	at org.apache.catalina.core.ApplicationFilterChain.doFilter(ApplicationFilterChain.java:153)
	at org.apache.catalina.core.StandardWrapperValve.invoke(StandardWrapperValve.java:167)
	at org.apache.catalina.core.StandardContextValve.invoke(StandardContextValve.java:90)
	at org.apache.catalina.authenticator.AuthenticatorBase.invoke(AuthenticatorBase.java:481)
	at org.apache.catalina.core.StandardHostValve.invoke(StandardHostValve.java:130)
	at org.apache.catalina.valves.ErrorReportValve.invoke(ErrorReportValve.java:93)
	at org.apache.catalina.core.StandardEngineValve.invoke(StandardEngineValve.java:74)
	at org.apache.catalina.connector.CoyoteAdapter.service(CoyoteAdapter.java:343)
	at org.apache.coyote.http11.Http11Processor.service(Http11Processor.java:390)
	at org.apache.coyote.AbstractProcessorLight.process(AbstractProcessorLight.java:63)
	at org.apache.coyote.AbstractProtocol$ConnectionHandler.process(AbstractProtocol.java:926)
	at org.apache.tomcat.util.net.NioEndpoint$SocketProcessor.doRun(NioEndpoint.java:1791)
	at org.apache.tomcat.util.net.SocketProcessorBase.run(SocketProcessorBase.java:52)
	at org.apache.tomcat.util.threads.ThreadPoolExecutor.runWorker(ThreadPoolExecutor.java:1191)
	at org.apache.tomcat.util.threads.ThreadPoolExecutor$Worker.run(ThreadPoolExecutor.java:659)
	at org.apache.tomcat.util.threads.TaskThread$WrappingRunnable.run(TaskThread.java:61)
	at java.lang.Thread.run(Thread.java:750)
25-07-07.22:26:45.005 [scheduling-1    ] INFO  UpdateAwardStockJob    - 定时任务，更新奖品消耗库存【延迟队列获取，降低对数据库的更新频次，不要产生竞争】
25-07-07.22:26:49.512 [http-nio-8091-exec-14] INFO  RaffleController       - 随机抽奖开始 strategyId: 0
25-07-07.22:26:49.537 [http-nio-8091-exec-14] ERROR RaffleController       - 随机抽奖失败 strategyId：0
java.lang.NullPointerException: null
	at org.example.infrastructure.persistent.repository.StrategyRepository.queryStrategyEntityByStrategyId(StrategyRepository.java:133)
	at org.example.infrastructure.persistent.repository.StrategyRepository$$FastClassBySpringCGLIB$$19908ba7.invoke(<generated>)
	at org.springframework.cglib.proxy.MethodProxy.invoke(MethodProxy.java:218)
	at org.springframework.aop.framework.CglibAopProxy$CglibMethodInvocation.invokeJoinpoint(CglibAopProxy.java:793)
	at org.springframework.aop.framework.ReflectiveMethodInvocation.proceed(ReflectiveMethodInvocation.java:163)
	at org.springframework.aop.framework.CglibAopProxy$CglibMethodInvocation.proceed(CglibAopProxy.java:763)
	at org.springframework.dao.support.PersistenceExceptionTranslationInterceptor.invoke(PersistenceExceptionTranslationInterceptor.java:137)
	at org.springframework.aop.framework.ReflectiveMethodInvocation.proceed(ReflectiveMethodInvocation.java:186)
	at org.springframework.aop.framework.CglibAopProxy$CglibMethodInvocation.proceed(CglibAopProxy.java:763)
	at org.springframework.aop.framework.CglibAopProxy$DynamicAdvisedInterceptor.intercept(CglibAopProxy.java:708)
	at org.example.infrastructure.persistent.repository.StrategyRepository$$EnhancerBySpringCGLIB$$c990fb49.queryStrategyEntityByStrategyId(<generated>)
	at org.example.domain.strategy.service.rule.chain.factory.DefaultChainFactory.getLogicChain(DefaultChainFactory.java:28)
	at org.example.domain.strategy.service.raffle.DefaultRaffleStrategy.raffleLogicChain(DefaultRaffleStrategy.java:50)
	at org.example.domain.strategy.service.raffle.AbstractRaffleStrategy.performRaffle(AbstractRaffleStrategy.java:52)
	at org.example.trigger.http.RaffleController.randomRaffle(RaffleController.java:135)
	at sun.reflect.NativeMethodAccessorImpl.invoke0(Native Method)
	at sun.reflect.NativeMethodAccessorImpl.invoke(NativeMethodAccessorImpl.java:62)
	at sun.reflect.DelegatingMethodAccessorImpl.invoke(DelegatingMethodAccessorImpl.java:43)
	at java.lang.reflect.Method.invoke(Method.java:498)
	at org.springframework.web.method.support.InvocableHandlerMethod.doInvoke(InvocableHandlerMethod.java:205)
	at org.springframework.web.method.support.InvocableHandlerMethod.invokeForRequest(InvocableHandlerMethod.java:150)
	at org.springframework.web.servlet.mvc.method.annotation.ServletInvocableHandlerMethod.invokeAndHandle(ServletInvocableHandlerMethod.java:117)
	at org.springframework.web.servlet.mvc.method.annotation.RequestMappingHandlerAdapter.invokeHandlerMethod(RequestMappingHandlerAdapter.java:895)
	at org.springframework.web.servlet.mvc.method.annotation.RequestMappingHandlerAdapter.handleInternal(RequestMappingHandlerAdapter.java:808)
	at org.springframework.web.servlet.mvc.method.AbstractHandlerMethodAdapter.handle(AbstractHandlerMethodAdapter.java:87)
	at org.springframework.web.servlet.DispatcherServlet.doDispatch(DispatcherServlet.java:1072)
	at org.springframework.web.servlet.DispatcherServlet.doService(DispatcherServlet.java:965)
	at org.springframework.web.servlet.FrameworkServlet.processRequest(FrameworkServlet.java:1006)
	at org.springframework.web.servlet.FrameworkServlet.doPost(FrameworkServlet.java:909)
	at javax.servlet.http.HttpServlet.service(HttpServlet.java:555)
	at org.springframework.web.servlet.FrameworkServlet.service(FrameworkServlet.java:883)
	at javax.servlet.http.HttpServlet.service(HttpServlet.java:623)
	at org.apache.catalina.core.ApplicationFilterChain.internalDoFilter(ApplicationFilterChain.java:209)
	at org.apache.catalina.core.ApplicationFilterChain.doFilter(ApplicationFilterChain.java:153)
	at org.apache.tomcat.websocket.server.WsFilter.doFilter(WsFilter.java:51)
	at org.apache.catalina.core.ApplicationFilterChain.internalDoFilter(ApplicationFilterChain.java:178)
	at org.apache.catalina.core.ApplicationFilterChain.doFilter(ApplicationFilterChain.java:153)
	at org.springframework.web.filter.RequestContextFilter.doFilterInternal(RequestContextFilter.java:100)
	at org.springframework.web.filter.OncePerRequestFilter.doFilter(OncePerRequestFilter.java:117)
	at org.apache.catalina.core.ApplicationFilterChain.internalDoFilter(ApplicationFilterChain.java:178)
	at org.apache.catalina.core.ApplicationFilterChain.doFilter(ApplicationFilterChain.java:153)
	at org.springframework.web.filter.FormContentFilter.doFilterInternal(FormContentFilter.java:93)
	at org.springframework.web.filter.OncePerRequestFilter.doFilter(OncePerRequestFilter.java:117)
	at org.apache.catalina.core.ApplicationFilterChain.internalDoFilter(ApplicationFilterChain.java:178)
	at org.apache.catalina.core.ApplicationFilterChain.doFilter(ApplicationFilterChain.java:153)
	at org.springframework.boot.actuate.metrics.web.servlet.WebMvcMetricsFilter.doFilterInternal(WebMvcMetricsFilter.java:96)
	at org.springframework.web.filter.OncePerRequestFilter.doFilter(OncePerRequestFilter.java:117)
	at org.apache.catalina.core.ApplicationFilterChain.internalDoFilter(ApplicationFilterChain.java:178)
	at org.apache.catalina.core.ApplicationFilterChain.doFilter(ApplicationFilterChain.java:153)
	at org.springframework.web.filter.CharacterEncodingFilter.doFilterInternal(CharacterEncodingFilter.java:201)
	at org.springframework.web.filter.OncePerRequestFilter.doFilter(OncePerRequestFilter.java:117)
	at org.apache.catalina.core.ApplicationFilterChain.internalDoFilter(ApplicationFilterChain.java:178)
	at org.apache.catalina.core.ApplicationFilterChain.doFilter(ApplicationFilterChain.java:153)
	at org.apache.catalina.core.StandardWrapperValve.invoke(StandardWrapperValve.java:167)
	at org.apache.catalina.core.StandardContextValve.invoke(StandardContextValve.java:90)
	at org.apache.catalina.authenticator.AuthenticatorBase.invoke(AuthenticatorBase.java:481)
	at org.apache.catalina.core.StandardHostValve.invoke(StandardHostValve.java:130)
	at org.apache.catalina.valves.ErrorReportValve.invoke(ErrorReportValve.java:93)
	at org.apache.catalina.core.StandardEngineValve.invoke(StandardEngineValve.java:74)
	at org.apache.catalina.connector.CoyoteAdapter.service(CoyoteAdapter.java:343)
	at org.apache.coyote.http11.Http11Processor.service(Http11Processor.java:390)
	at org.apache.coyote.AbstractProcessorLight.process(AbstractProcessorLight.java:63)
	at org.apache.coyote.AbstractProtocol$ConnectionHandler.process(AbstractProtocol.java:926)
	at org.apache.tomcat.util.net.NioEndpoint$SocketProcessor.doRun(NioEndpoint.java:1791)
	at org.apache.tomcat.util.net.SocketProcessorBase.run(SocketProcessorBase.java:52)
	at org.apache.tomcat.util.threads.ThreadPoolExecutor.runWorker(ThreadPoolExecutor.java:1191)
	at org.apache.tomcat.util.threads.ThreadPoolExecutor$Worker.run(ThreadPoolExecutor.java:659)
	at org.apache.tomcat.util.threads.TaskThread$WrappingRunnable.run(TaskThread.java:61)
	at java.lang.Thread.run(Thread.java:750)
25-07-07.22:26:50.001 [scheduling-1    ] INFO  UpdateAwardStockJob    - 定时任务，更新奖品消耗库存【延迟队列获取，降低对数据库的更新频次，不要产生竞争】
25-07-07.22:26:55.001 [scheduling-1    ] INFO  UpdateAwardStockJob    - 定时任务，更新奖品消耗库存【延迟队列获取，降低对数据库的更新频次，不要产生竞争】
25-07-07.22:27:00.005 [scheduling-1    ] INFO  UpdateAwardStockJob    - 定时任务，更新奖品消耗库存【延迟队列获取，降低对数据库的更新频次，不要产生竞争】
25-07-07.22:27:05.003 [scheduling-1    ] INFO  UpdateAwardStockJob    - 定时任务，更新奖品消耗库存【延迟队列获取，降低对数据库的更新频次，不要产生竞争】
25-07-07.22:27:10.006 [scheduling-1    ] INFO  UpdateAwardStockJob    - 定时任务，更新奖品消耗库存【延迟队列获取，降低对数据库的更新频次，不要产生竞争】
25-07-07.22:27:15.001 [scheduling-1    ] INFO  UpdateAwardStockJob    - 定时任务，更新奖品消耗库存【延迟队列获取，降低对数据库的更新频次，不要产生竞争】
25-07-07.22:27:20.005 [scheduling-1    ] INFO  UpdateAwardStockJob    - 定时任务，更新奖品消耗库存【延迟队列获取，降低对数据库的更新频次，不要产生竞争】
25-07-07.22:27:25.005 [scheduling-1    ] INFO  UpdateAwardStockJob    - 定时任务，更新奖品消耗库存【延迟队列获取，降低对数据库的更新频次，不要产生竞争】
25-07-07.22:27:30.005 [scheduling-1    ] INFO  UpdateAwardStockJob    - 定时任务，更新奖品消耗库存【延迟队列获取，降低对数据库的更新频次，不要产生竞争】
25-07-07.22:27:35.005 [scheduling-1    ] INFO  UpdateAwardStockJob    - 定时任务，更新奖品消耗库存【延迟队列获取，降低对数据库的更新频次，不要产生竞争】
25-07-07.22:27:40.007 [scheduling-1    ] INFO  UpdateAwardStockJob    - 定时任务，更新奖品消耗库存【延迟队列获取，降低对数据库的更新频次，不要产生竞争】
25-07-07.22:27:45.001 [scheduling-1    ] INFO  UpdateAwardStockJob    - 定时任务，更新奖品消耗库存【延迟队列获取，降低对数据库的更新频次，不要产生竞争】
25-07-07.22:27:50.003 [scheduling-1    ] INFO  UpdateAwardStockJob    - 定时任务，更新奖品消耗库存【延迟队列获取，降低对数据库的更新频次，不要产生竞争】
25-07-07.22:27:55.002 [scheduling-1    ] INFO  UpdateAwardStockJob    - 定时任务，更新奖品消耗库存【延迟队列获取，降低对数据库的更新频次，不要产生竞争】
25-07-07.22:28:00.011 [scheduling-1    ] INFO  UpdateAwardStockJob    - 定时任务，更新奖品消耗库存【延迟队列获取，降低对数据库的更新频次，不要产生竞争】
25-07-07.22:28:05.003 [scheduling-1    ] INFO  UpdateAwardStockJob    - 定时任务，更新奖品消耗库存【延迟队列获取，降低对数据库的更新频次，不要产生竞争】
25-07-07.22:28:10.003 [scheduling-1    ] INFO  UpdateAwardStockJob    - 定时任务，更新奖品消耗库存【延迟队列获取，降低对数据库的更新频次，不要产生竞争】
25-07-07.22:28:15.004 [scheduling-1    ] INFO  UpdateAwardStockJob    - 定时任务，更新奖品消耗库存【延迟队列获取，降低对数据库的更新频次，不要产生竞争】
25-07-07.22:28:20.005 [scheduling-1    ] INFO  UpdateAwardStockJob    - 定时任务，更新奖品消耗库存【延迟队列获取，降低对数据库的更新频次，不要产生竞争】
25-07-07.22:28:25.004 [scheduling-1    ] INFO  UpdateAwardStockJob    - 定时任务，更新奖品消耗库存【延迟队列获取，降低对数据库的更新频次，不要产生竞争】
25-07-07.22:28:30.004 [scheduling-1    ] INFO  UpdateAwardStockJob    - 定时任务，更新奖品消耗库存【延迟队列获取，降低对数据库的更新频次，不要产生竞争】
25-07-07.22:28:35.001 [scheduling-1    ] INFO  UpdateAwardStockJob    - 定时任务，更新奖品消耗库存【延迟队列获取，降低对数据库的更新频次，不要产生竞争】
25-07-07.22:28:40.005 [scheduling-1    ] INFO  UpdateAwardStockJob    - 定时任务，更新奖品消耗库存【延迟队列获取，降低对数据库的更新频次，不要产生竞争】
25-07-07.22:28:45.001 [scheduling-1    ] INFO  UpdateAwardStockJob    - 定时任务，更新奖品消耗库存【延迟队列获取，降低对数据库的更新频次，不要产生竞争】
25-07-07.22:28:50.005 [scheduling-1    ] INFO  UpdateAwardStockJob    - 定时任务，更新奖品消耗库存【延迟队列获取，降低对数据库的更新频次，不要产生竞争】
25-07-07.22:28:55.002 [scheduling-1    ] INFO  UpdateAwardStockJob    - 定时任务，更新奖品消耗库存【延迟队列获取，降低对数据库的更新频次，不要产生竞争】
25-07-07.22:29:00.007 [scheduling-1    ] INFO  UpdateAwardStockJob    - 定时任务，更新奖品消耗库存【延迟队列获取，降低对数据库的更新频次，不要产生竞争】
25-07-07.22:29:05.005 [scheduling-1    ] INFO  UpdateAwardStockJob    - 定时任务，更新奖品消耗库存【延迟队列获取，降低对数据库的更新频次，不要产生竞争】
25-07-07.22:29:10.005 [scheduling-1    ] INFO  UpdateAwardStockJob    - 定时任务，更新奖品消耗库存【延迟队列获取，降低对数据库的更新频次，不要产生竞争】
25-07-07.22:29:15.003 [scheduling-1    ] INFO  UpdateAwardStockJob    - 定时任务，更新奖品消耗库存【延迟队列获取，降低对数据库的更新频次，不要产生竞争】
25-07-07.22:29:16.295 [http-nio-8091-exec-16] INFO  RaffleController       - 查询抽奖奖品列表配开始 strategyId：0
25-07-07.22:29:16.327 [http-nio-8091-exec-16] INFO  RaffleController       - 查询抽奖奖品列表配置完成 strategyId：0 response: {"code":"0000","data":[],"info":"成功"}
25-07-07.22:29:20.006 [scheduling-1    ] INFO  UpdateAwardStockJob    - 定时任务，更新奖品消耗库存【延迟队列获取，降低对数据库的更新频次，不要产生竞争】
25-07-07.22:29:25.005 [scheduling-1    ] INFO  UpdateAwardStockJob    - 定时任务，更新奖品消耗库存【延迟队列获取，降低对数据库的更新频次，不要产生竞争】
25-07-07.22:29:30.005 [scheduling-1    ] INFO  UpdateAwardStockJob    - 定时任务，更新奖品消耗库存【延迟队列获取，降低对数据库的更新频次，不要产生竞争】
25-07-07.22:29:35.005 [scheduling-1    ] INFO  UpdateAwardStockJob    - 定时任务，更新奖品消耗库存【延迟队列获取，降低对数据库的更新频次，不要产生竞争】
25-07-07.22:29:40.004 [scheduling-1    ] INFO  UpdateAwardStockJob    - 定时任务，更新奖品消耗库存【延迟队列获取，降低对数据库的更新频次，不要产生竞争】
25-07-07.22:29:45.001 [scheduling-1    ] INFO  UpdateAwardStockJob    - 定时任务，更新奖品消耗库存【延迟队列获取，降低对数据库的更新频次，不要产生竞争】
25-07-07.22:29:50.004 [scheduling-1    ] INFO  UpdateAwardStockJob    - 定时任务，更新奖品消耗库存【延迟队列获取，降低对数据库的更新频次，不要产生竞争】
25-07-07.22:29:55.003 [scheduling-1    ] INFO  UpdateAwardStockJob    - 定时任务，更新奖品消耗库存【延迟队列获取，降低对数据库的更新频次，不要产生竞争】
25-07-07.22:30:00.006 [scheduling-1    ] INFO  UpdateAwardStockJob    - 定时任务，更新奖品消耗库存【延迟队列获取，降低对数据库的更新频次，不要产生竞争】
25-07-07.22:30:05.004 [scheduling-1    ] INFO  UpdateAwardStockJob    - 定时任务，更新奖品消耗库存【延迟队列获取，降低对数据库的更新频次，不要产生竞争】
25-07-07.22:30:10.005 [scheduling-1    ] INFO  UpdateAwardStockJob    - 定时任务，更新奖品消耗库存【延迟队列获取，降低对数据库的更新频次，不要产生竞争】
25-07-07.22:30:15.005 [scheduling-1    ] INFO  UpdateAwardStockJob    - 定时任务，更新奖品消耗库存【延迟队列获取，降低对数据库的更新频次，不要产生竞争】
25-07-07.22:30:20.005 [scheduling-1    ] INFO  UpdateAwardStockJob    - 定时任务，更新奖品消耗库存【延迟队列获取，降低对数据库的更新频次，不要产生竞争】
25-07-07.22:30:25.004 [scheduling-1    ] INFO  UpdateAwardStockJob    - 定时任务，更新奖品消耗库存【延迟队列获取，降低对数据库的更新频次，不要产生竞争】
25-07-07.22:30:30.001 [scheduling-1    ] INFO  UpdateAwardStockJob    - 定时任务，更新奖品消耗库存【延迟队列获取，降低对数据库的更新频次，不要产生竞争】
25-07-07.22:30:35.005 [scheduling-1    ] INFO  UpdateAwardStockJob    - 定时任务，更新奖品消耗库存【延迟队列获取，降低对数据库的更新频次，不要产生竞争】
25-07-07.22:30:40.002 [scheduling-1    ] INFO  UpdateAwardStockJob    - 定时任务，更新奖品消耗库存【延迟队列获取，降低对数据库的更新频次，不要产生竞争】
25-07-07.22:30:45.001 [scheduling-1    ] INFO  UpdateAwardStockJob    - 定时任务，更新奖品消耗库存【延迟队列获取，降低对数据库的更新频次，不要产生竞争】
25-07-07.22:30:50.012 [scheduling-1    ] INFO  UpdateAwardStockJob    - 定时任务，更新奖品消耗库存【延迟队列获取，降低对数据库的更新频次，不要产生竞争】
25-07-07.22:30:51.789 [http-nio-8091-exec-18] INFO  RaffleController       - 查询抽奖奖品列表配开始 strategyId：0
25-07-07.22:30:51.820 [http-nio-8091-exec-18] INFO  RaffleController       - 查询抽奖奖品列表配置完成 strategyId：0 response: {"code":"0000","data":[],"info":"成功"}
25-07-07.22:30:55.002 [scheduling-1    ] INFO  UpdateAwardStockJob    - 定时任务，更新奖品消耗库存【延迟队列获取，降低对数据库的更新频次，不要产生竞争】
25-07-07.22:31:00.005 [scheduling-1    ] INFO  UpdateAwardStockJob    - 定时任务，更新奖品消耗库存【延迟队列获取，降低对数据库的更新频次，不要产生竞争】
25-07-07.22:31:05.001 [scheduling-1    ] INFO  UpdateAwardStockJob    - 定时任务，更新奖品消耗库存【延迟队列获取，降低对数据库的更新频次，不要产生竞争】
25-07-07.22:31:10.004 [scheduling-1    ] INFO  UpdateAwardStockJob    - 定时任务，更新奖品消耗库存【延迟队列获取，降低对数据库的更新频次，不要产生竞争】
25-07-07.22:31:15.005 [scheduling-1    ] INFO  UpdateAwardStockJob    - 定时任务，更新奖品消耗库存【延迟队列获取，降低对数据库的更新频次，不要产生竞争】
25-07-07.22:31:20.004 [scheduling-1    ] INFO  UpdateAwardStockJob    - 定时任务，更新奖品消耗库存【延迟队列获取，降低对数据库的更新频次，不要产生竞争】
25-07-07.22:31:25.005 [scheduling-1    ] INFO  UpdateAwardStockJob    - 定时任务，更新奖品消耗库存【延迟队列获取，降低对数据库的更新频次，不要产生竞争】
25-07-07.22:31:30.006 [scheduling-1    ] INFO  UpdateAwardStockJob    - 定时任务，更新奖品消耗库存【延迟队列获取，降低对数据库的更新频次，不要产生竞争】
25-07-07.22:31:35.001 [scheduling-1    ] INFO  UpdateAwardStockJob    - 定时任务，更新奖品消耗库存【延迟队列获取，降低对数据库的更新频次，不要产生竞争】
25-07-07.22:31:40.001 [scheduling-1    ] INFO  UpdateAwardStockJob    - 定时任务，更新奖品消耗库存【延迟队列获取，降低对数据库的更新频次，不要产生竞争】
25-07-07.22:31:45.004 [scheduling-1    ] INFO  UpdateAwardStockJob    - 定时任务，更新奖品消耗库存【延迟队列获取，降低对数据库的更新频次，不要产生竞争】
25-07-07.22:31:50.001 [scheduling-1    ] INFO  UpdateAwardStockJob    - 定时任务，更新奖品消耗库存【延迟队列获取，降低对数据库的更新频次，不要产生竞争】
25-07-07.22:31:55.003 [scheduling-1    ] INFO  UpdateAwardStockJob    - 定时任务，更新奖品消耗库存【延迟队列获取，降低对数据库的更新频次，不要产生竞争】
25-07-07.22:32:00.001 [scheduling-1    ] INFO  UpdateAwardStockJob    - 定时任务，更新奖品消耗库存【延迟队列获取，降低对数据库的更新频次，不要产生竞争】
25-07-07.22:32:05.009 [scheduling-1    ] INFO  UpdateAwardStockJob    - 定时任务，更新奖品消耗库存【延迟队列获取，降低对数据库的更新频次，不要产生竞争】
25-07-07.22:32:10.005 [scheduling-1    ] INFO  UpdateAwardStockJob    - 定时任务，更新奖品消耗库存【延迟队列获取，降低对数据库的更新频次，不要产生竞争】
25-07-07.22:32:15.004 [scheduling-1    ] INFO  UpdateAwardStockJob    - 定时任务，更新奖品消耗库存【延迟队列获取，降低对数据库的更新频次，不要产生竞争】
25-07-07.22:32:20.005 [scheduling-1    ] INFO  UpdateAwardStockJob    - 定时任务，更新奖品消耗库存【延迟队列获取，降低对数据库的更新频次，不要产生竞争】
25-07-07.22:32:25.003 [scheduling-1    ] INFO  UpdateAwardStockJob    - 定时任务，更新奖品消耗库存【延迟队列获取，降低对数据库的更新频次，不要产生竞争】
25-07-07.22:32:30.003 [scheduling-1    ] INFO  UpdateAwardStockJob    - 定时任务，更新奖品消耗库存【延迟队列获取，降低对数据库的更新频次，不要产生竞争】
25-07-07.22:32:35.002 [scheduling-1    ] INFO  UpdateAwardStockJob    - 定时任务，更新奖品消耗库存【延迟队列获取，降低对数据库的更新频次，不要产生竞争】
25-07-07.22:32:40.001 [scheduling-1    ] INFO  UpdateAwardStockJob    - 定时任务，更新奖品消耗库存【延迟队列获取，降低对数据库的更新频次，不要产生竞争】
25-07-07.22:32:45.004 [scheduling-1    ] INFO  UpdateAwardStockJob    - 定时任务，更新奖品消耗库存【延迟队列获取，降低对数据库的更新频次，不要产生竞争】
25-07-07.22:32:50.004 [scheduling-1    ] INFO  UpdateAwardStockJob    - 定时任务，更新奖品消耗库存【延迟队列获取，降低对数据库的更新频次，不要产生竞争】
25-07-07.22:32:55.002 [scheduling-1    ] INFO  UpdateAwardStockJob    - 定时任务，更新奖品消耗库存【延迟队列获取，降低对数据库的更新频次，不要产生竞争】
25-07-07.22:33:00.005 [scheduling-1    ] INFO  UpdateAwardStockJob    - 定时任务，更新奖品消耗库存【延迟队列获取，降低对数据库的更新频次，不要产生竞争】
25-07-07.22:33:05.004 [scheduling-1    ] INFO  UpdateAwardStockJob    - 定时任务，更新奖品消耗库存【延迟队列获取，降低对数据库的更新频次，不要产生竞争】
25-07-07.22:33:10.005 [scheduling-1    ] INFO  UpdateAwardStockJob    - 定时任务，更新奖品消耗库存【延迟队列获取，降低对数据库的更新频次，不要产生竞争】
25-07-07.22:33:15.004 [scheduling-1    ] INFO  UpdateAwardStockJob    - 定时任务，更新奖品消耗库存【延迟队列获取，降低对数据库的更新频次，不要产生竞争】
25-07-07.22:33:20.005 [scheduling-1    ] INFO  UpdateAwardStockJob    - 定时任务，更新奖品消耗库存【延迟队列获取，降低对数据库的更新频次，不要产生竞争】
25-07-07.22:33:25.002 [scheduling-1    ] INFO  UpdateAwardStockJob    - 定时任务，更新奖品消耗库存【延迟队列获取，降低对数据库的更新频次，不要产生竞争】
25-07-07.22:33:30.002 [scheduling-1    ] INFO  UpdateAwardStockJob    - 定时任务，更新奖品消耗库存【延迟队列获取，降低对数据库的更新频次，不要产生竞争】
25-07-07.22:33:35.005 [scheduling-1    ] INFO  UpdateAwardStockJob    - 定时任务，更新奖品消耗库存【延迟队列获取，降低对数据库的更新频次，不要产生竞争】
25-07-07.22:33:40.002 [scheduling-1    ] INFO  UpdateAwardStockJob    - 定时任务，更新奖品消耗库存【延迟队列获取，降低对数据库的更新频次，不要产生竞争】
25-07-07.22:33:45.004 [scheduling-1    ] INFO  UpdateAwardStockJob    - 定时任务，更新奖品消耗库存【延迟队列获取，降低对数据库的更新频次，不要产生竞争】
25-07-07.22:33:50.004 [scheduling-1    ] INFO  UpdateAwardStockJob    - 定时任务，更新奖品消耗库存【延迟队列获取，降低对数据库的更新频次，不要产生竞争】
25-07-07.22:33:55.003 [scheduling-1    ] INFO  UpdateAwardStockJob    - 定时任务，更新奖品消耗库存【延迟队列获取，降低对数据库的更新频次，不要产生竞争】
25-07-07.22:34:00.004 [scheduling-1    ] INFO  UpdateAwardStockJob    - 定时任务，更新奖品消耗库存【延迟队列获取，降低对数据库的更新频次，不要产生竞争】
25-07-07.22:34:05.005 [scheduling-1    ] INFO  UpdateAwardStockJob    - 定时任务，更新奖品消耗库存【延迟队列获取，降低对数据库的更新频次，不要产生竞争】
25-07-07.22:34:10.005 [scheduling-1    ] INFO  UpdateAwardStockJob    - 定时任务，更新奖品消耗库存【延迟队列获取，降低对数据库的更新频次，不要产生竞争】
25-07-07.22:34:15.003 [scheduling-1    ] INFO  UpdateAwardStockJob    - 定时任务，更新奖品消耗库存【延迟队列获取，降低对数据库的更新频次，不要产生竞争】
25-07-07.22:34:20.004 [scheduling-1    ] INFO  UpdateAwardStockJob    - 定时任务，更新奖品消耗库存【延迟队列获取，降低对数据库的更新频次，不要产生竞争】
25-07-07.22:34:25.003 [scheduling-1    ] INFO  UpdateAwardStockJob    - 定时任务，更新奖品消耗库存【延迟队列获取，降低对数据库的更新频次，不要产生竞争】
25-07-07.22:34:30.003 [scheduling-1    ] INFO  UpdateAwardStockJob    - 定时任务，更新奖品消耗库存【延迟队列获取，降低对数据库的更新频次，不要产生竞争】
25-07-07.22:34:35.004 [scheduling-1    ] INFO  UpdateAwardStockJob    - 定时任务，更新奖品消耗库存【延迟队列获取，降低对数据库的更新频次，不要产生竞争】
25-07-07.22:34:40.004 [scheduling-1    ] INFO  UpdateAwardStockJob    - 定时任务，更新奖品消耗库存【延迟队列获取，降低对数据库的更新频次，不要产生竞争】
25-07-07.22:34:45.005 [scheduling-1    ] INFO  UpdateAwardStockJob    - 定时任务，更新奖品消耗库存【延迟队列获取，降低对数据库的更新频次，不要产生竞争】
25-07-07.22:34:50.005 [scheduling-1    ] INFO  UpdateAwardStockJob    - 定时任务，更新奖品消耗库存【延迟队列获取，降低对数据库的更新频次，不要产生竞争】
25-07-07.22:34:55.002 [scheduling-1    ] INFO  UpdateAwardStockJob    - 定时任务，更新奖品消耗库存【延迟队列获取，降低对数据库的更新频次，不要产生竞争】
25-07-07.22:35:00.006 [scheduling-1    ] INFO  UpdateAwardStockJob    - 定时任务，更新奖品消耗库存【延迟队列获取，降低对数据库的更新频次，不要产生竞争】
25-07-07.22:35:05.006 [scheduling-1    ] INFO  UpdateAwardStockJob    - 定时任务，更新奖品消耗库存【延迟队列获取，降低对数据库的更新频次，不要产生竞争】
25-07-07.22:35:10.003 [scheduling-1    ] INFO  UpdateAwardStockJob    - 定时任务，更新奖品消耗库存【延迟队列获取，降低对数据库的更新频次，不要产生竞争】
25-07-07.22:35:15.004 [scheduling-1    ] INFO  UpdateAwardStockJob    - 定时任务，更新奖品消耗库存【延迟队列获取，降低对数据库的更新频次，不要产生竞争】
25-07-07.22:35:20.006 [scheduling-1    ] INFO  UpdateAwardStockJob    - 定时任务，更新奖品消耗库存【延迟队列获取，降低对数据库的更新频次，不要产生竞争】
25-07-07.22:35:25.006 [scheduling-1    ] INFO  UpdateAwardStockJob    - 定时任务，更新奖品消耗库存【延迟队列获取，降低对数据库的更新频次，不要产生竞争】
25-07-07.22:35:30.004 [scheduling-1    ] INFO  UpdateAwardStockJob    - 定时任务，更新奖品消耗库存【延迟队列获取，降低对数据库的更新频次，不要产生竞争】
25-07-07.22:35:35.002 [scheduling-1    ] INFO  UpdateAwardStockJob    - 定时任务，更新奖品消耗库存【延迟队列获取，降低对数据库的更新频次，不要产生竞争】
25-07-07.22:35:40.005 [scheduling-1    ] INFO  UpdateAwardStockJob    - 定时任务，更新奖品消耗库存【延迟队列获取，降低对数据库的更新频次，不要产生竞争】
25-07-07.22:35:45.002 [scheduling-1    ] INFO  UpdateAwardStockJob    - 定时任务，更新奖品消耗库存【延迟队列获取，降低对数据库的更新频次，不要产生竞争】
25-07-07.22:35:50.005 [scheduling-1    ] INFO  UpdateAwardStockJob    - 定时任务，更新奖品消耗库存【延迟队列获取，降低对数据库的更新频次，不要产生竞争】
25-07-07.22:35:55.005 [scheduling-1    ] INFO  UpdateAwardStockJob    - 定时任务，更新奖品消耗库存【延迟队列获取，降低对数据库的更新频次，不要产生竞争】
25-07-07.22:36:00.001 [scheduling-1    ] INFO  UpdateAwardStockJob    - 定时任务，更新奖品消耗库存【延迟队列获取，降低对数据库的更新频次，不要产生竞争】
25-07-07.22:36:05.005 [scheduling-1    ] INFO  UpdateAwardStockJob    - 定时任务，更新奖品消耗库存【延迟队列获取，降低对数据库的更新频次，不要产生竞争】
25-07-07.22:36:10.002 [scheduling-1    ] INFO  UpdateAwardStockJob    - 定时任务，更新奖品消耗库存【延迟队列获取，降低对数据库的更新频次，不要产生竞争】
25-07-07.22:36:15.002 [scheduling-1    ] INFO  UpdateAwardStockJob    - 定时任务，更新奖品消耗库存【延迟队列获取，降低对数据库的更新频次，不要产生竞争】
25-07-07.22:36:20.005 [scheduling-1    ] INFO  UpdateAwardStockJob    - 定时任务，更新奖品消耗库存【延迟队列获取，降低对数据库的更新频次，不要产生竞争】
25-07-07.22:36:25.003 [scheduling-1    ] INFO  UpdateAwardStockJob    - 定时任务，更新奖品消耗库存【延迟队列获取，降低对数据库的更新频次，不要产生竞争】
25-07-07.22:36:30.004 [scheduling-1    ] INFO  UpdateAwardStockJob    - 定时任务，更新奖品消耗库存【延迟队列获取，降低对数据库的更新频次，不要产生竞争】
25-07-07.22:36:35.005 [scheduling-1    ] INFO  UpdateAwardStockJob    - 定时任务，更新奖品消耗库存【延迟队列获取，降低对数据库的更新频次，不要产生竞争】
25-07-07.22:36:40.004 [scheduling-1    ] INFO  UpdateAwardStockJob    - 定时任务，更新奖品消耗库存【延迟队列获取，降低对数据库的更新频次，不要产生竞争】
25-07-07.22:36:45.005 [scheduling-1    ] INFO  UpdateAwardStockJob    - 定时任务，更新奖品消耗库存【延迟队列获取，降低对数据库的更新频次，不要产生竞争】
25-07-07.22:36:50.005 [scheduling-1    ] INFO  UpdateAwardStockJob    - 定时任务，更新奖品消耗库存【延迟队列获取，降低对数据库的更新频次，不要产生竞争】
25-07-07.22:36:55.004 [scheduling-1    ] INFO  UpdateAwardStockJob    - 定时任务，更新奖品消耗库存【延迟队列获取，降低对数据库的更新频次，不要产生竞争】
25-07-07.22:37:00.002 [scheduling-1    ] INFO  UpdateAwardStockJob    - 定时任务，更新奖品消耗库存【延迟队列获取，降低对数据库的更新频次，不要产生竞争】
25-07-07.22:37:05.005 [scheduling-1    ] INFO  UpdateAwardStockJob    - 定时任务，更新奖品消耗库存【延迟队列获取，降低对数据库的更新频次，不要产生竞争】
25-07-07.22:37:10.004 [scheduling-1    ] INFO  UpdateAwardStockJob    - 定时任务，更新奖品消耗库存【延迟队列获取，降低对数据库的更新频次，不要产生竞争】
25-07-07.22:37:15.004 [scheduling-1    ] INFO  UpdateAwardStockJob    - 定时任务，更新奖品消耗库存【延迟队列获取，降低对数据库的更新频次，不要产生竞争】
25-07-07.22:37:20.000 [scheduling-1    ] INFO  UpdateAwardStockJob    - 定时任务，更新奖品消耗库存【延迟队列获取，降低对数据库的更新频次，不要产生竞争】
25-07-07.22:37:25.005 [scheduling-1    ] INFO  UpdateAwardStockJob    - 定时任务，更新奖品消耗库存【延迟队列获取，降低对数据库的更新频次，不要产生竞争】
25-07-07.22:37:30.004 [scheduling-1    ] INFO  UpdateAwardStockJob    - 定时任务，更新奖品消耗库存【延迟队列获取，降低对数据库的更新频次，不要产生竞争】
25-07-07.22:37:35.005 [scheduling-1    ] INFO  UpdateAwardStockJob    - 定时任务，更新奖品消耗库存【延迟队列获取，降低对数据库的更新频次，不要产生竞争】
25-07-07.22:37:40.001 [scheduling-1    ] INFO  UpdateAwardStockJob    - 定时任务，更新奖品消耗库存【延迟队列获取，降低对数据库的更新频次，不要产生竞争】
25-07-07.22:37:45.005 [scheduling-1    ] INFO  UpdateAwardStockJob    - 定时任务，更新奖品消耗库存【延迟队列获取，降低对数据库的更新频次，不要产生竞争】
25-07-07.22:37:50.004 [scheduling-1    ] INFO  UpdateAwardStockJob    - 定时任务，更新奖品消耗库存【延迟队列获取，降低对数据库的更新频次，不要产生竞争】
25-07-07.22:37:55.004 [scheduling-1    ] INFO  UpdateAwardStockJob    - 定时任务，更新奖品消耗库存【延迟队列获取，降低对数据库的更新频次，不要产生竞争】
25-07-07.22:38:00.003 [scheduling-1    ] INFO  UpdateAwardStockJob    - 定时任务，更新奖品消耗库存【延迟队列获取，降低对数据库的更新频次，不要产生竞争】
25-07-07.22:38:05.004 [scheduling-1    ] INFO  UpdateAwardStockJob    - 定时任务，更新奖品消耗库存【延迟队列获取，降低对数据库的更新频次，不要产生竞争】
25-07-07.22:38:10.001 [scheduling-1    ] INFO  UpdateAwardStockJob    - 定时任务，更新奖品消耗库存【延迟队列获取，降低对数据库的更新频次，不要产生竞争】
25-07-07.22:38:15.004 [scheduling-1    ] INFO  UpdateAwardStockJob    - 定时任务，更新奖品消耗库存【延迟队列获取，降低对数据库的更新频次，不要产生竞争】
25-07-07.22:38:20.002 [scheduling-1    ] INFO  UpdateAwardStockJob    - 定时任务，更新奖品消耗库存【延迟队列获取，降低对数据库的更新频次，不要产生竞争】
25-07-07.22:38:25.002 [scheduling-1    ] INFO  UpdateAwardStockJob    - 定时任务，更新奖品消耗库存【延迟队列获取，降低对数据库的更新频次，不要产生竞争】
25-07-07.22:38:30.003 [scheduling-1    ] INFO  UpdateAwardStockJob    - 定时任务，更新奖品消耗库存【延迟队列获取，降低对数据库的更新频次，不要产生竞争】
25-07-07.22:38:35.004 [scheduling-1    ] INFO  UpdateAwardStockJob    - 定时任务，更新奖品消耗库存【延迟队列获取，降低对数据库的更新频次，不要产生竞争】
25-07-07.22:38:40.005 [scheduling-1    ] INFO  UpdateAwardStockJob    - 定时任务，更新奖品消耗库存【延迟队列获取，降低对数据库的更新频次，不要产生竞争】
25-07-07.22:38:45.005 [scheduling-1    ] INFO  UpdateAwardStockJob    - 定时任务，更新奖品消耗库存【延迟队列获取，降低对数据库的更新频次，不要产生竞争】
25-07-07.22:38:50.005 [scheduling-1    ] INFO  UpdateAwardStockJob    - 定时任务，更新奖品消耗库存【延迟队列获取，降低对数据库的更新频次，不要产生竞争】
25-07-07.22:38:55.004 [scheduling-1    ] INFO  UpdateAwardStockJob    - 定时任务，更新奖品消耗库存【延迟队列获取，降低对数据库的更新频次，不要产生竞争】
25-07-07.22:39:00.005 [scheduling-1    ] INFO  UpdateAwardStockJob    - 定时任务，更新奖品消耗库存【延迟队列获取，降低对数据库的更新频次，不要产生竞争】
25-07-07.22:39:05.004 [scheduling-1    ] INFO  UpdateAwardStockJob    - 定时任务，更新奖品消耗库存【延迟队列获取，降低对数据库的更新频次，不要产生竞争】
25-07-07.22:39:10.002 [scheduling-1    ] INFO  UpdateAwardStockJob    - 定时任务，更新奖品消耗库存【延迟队列获取，降低对数据库的更新频次，不要产生竞争】
25-07-07.22:39:15.002 [scheduling-1    ] INFO  UpdateAwardStockJob    - 定时任务，更新奖品消耗库存【延迟队列获取，降低对数据库的更新频次，不要产生竞争】
25-07-07.22:39:20.005 [scheduling-1    ] INFO  UpdateAwardStockJob    - 定时任务，更新奖品消耗库存【延迟队列获取，降低对数据库的更新频次，不要产生竞争】
25-07-07.22:39:25.002 [scheduling-1    ] INFO  UpdateAwardStockJob    - 定时任务，更新奖品消耗库存【延迟队列获取，降低对数据库的更新频次，不要产生竞争】
25-07-07.22:39:30.005 [scheduling-1    ] INFO  UpdateAwardStockJob    - 定时任务，更新奖品消耗库存【延迟队列获取，降低对数据库的更新频次，不要产生竞争】
25-07-07.22:39:35.002 [scheduling-1    ] INFO  UpdateAwardStockJob    - 定时任务，更新奖品消耗库存【延迟队列获取，降低对数据库的更新频次，不要产生竞争】
25-07-07.22:39:40.004 [scheduling-1    ] INFO  UpdateAwardStockJob    - 定时任务，更新奖品消耗库存【延迟队列获取，降低对数据库的更新频次，不要产生竞争】
25-07-07.22:39:45.001 [scheduling-1    ] INFO  UpdateAwardStockJob    - 定时任务，更新奖品消耗库存【延迟队列获取，降低对数据库的更新频次，不要产生竞争】
25-07-07.22:39:50.004 [scheduling-1    ] INFO  UpdateAwardStockJob    - 定时任务，更新奖品消耗库存【延迟队列获取，降低对数据库的更新频次，不要产生竞争】
25-07-07.22:39:55.004 [scheduling-1    ] INFO  UpdateAwardStockJob    - 定时任务，更新奖品消耗库存【延迟队列获取，降低对数据库的更新频次，不要产生竞争】
25-07-07.22:40:00.001 [scheduling-1    ] INFO  UpdateAwardStockJob    - 定时任务，更新奖品消耗库存【延迟队列获取，降低对数据库的更新频次，不要产生竞争】
25-07-07.22:40:05.004 [scheduling-1    ] INFO  UpdateAwardStockJob    - 定时任务，更新奖品消耗库存【延迟队列获取，降低对数据库的更新频次，不要产生竞争】
25-07-07.22:40:10.002 [scheduling-1    ] INFO  UpdateAwardStockJob    - 定时任务，更新奖品消耗库存【延迟队列获取，降低对数据库的更新频次，不要产生竞争】
25-07-07.22:40:15.005 [scheduling-1    ] INFO  UpdateAwardStockJob    - 定时任务，更新奖品消耗库存【延迟队列获取，降低对数据库的更新频次，不要产生竞争】
25-07-07.22:40:20.004 [scheduling-1    ] INFO  UpdateAwardStockJob    - 定时任务，更新奖品消耗库存【延迟队列获取，降低对数据库的更新频次，不要产生竞争】
25-07-07.22:40:25.001 [scheduling-1    ] INFO  UpdateAwardStockJob    - 定时任务，更新奖品消耗库存【延迟队列获取，降低对数据库的更新频次，不要产生竞争】
25-07-07.22:40:30.003 [scheduling-1    ] INFO  UpdateAwardStockJob    - 定时任务，更新奖品消耗库存【延迟队列获取，降低对数据库的更新频次，不要产生竞争】
25-07-07.22:40:35.004 [scheduling-1    ] INFO  UpdateAwardStockJob    - 定时任务，更新奖品消耗库存【延迟队列获取，降低对数据库的更新频次，不要产生竞争】
25-07-07.22:40:40.004 [scheduling-1    ] INFO  UpdateAwardStockJob    - 定时任务，更新奖品消耗库存【延迟队列获取，降低对数据库的更新频次，不要产生竞争】
25-07-07.22:40:45.004 [scheduling-1    ] INFO  UpdateAwardStockJob    - 定时任务，更新奖品消耗库存【延迟队列获取，降低对数据库的更新频次，不要产生竞争】
25-07-07.22:40:50.001 [scheduling-1    ] INFO  UpdateAwardStockJob    - 定时任务，更新奖品消耗库存【延迟队列获取，降低对数据库的更新频次，不要产生竞争】
25-07-07.22:40:55.004 [scheduling-1    ] INFO  UpdateAwardStockJob    - 定时任务，更新奖品消耗库存【延迟队列获取，降低对数据库的更新频次，不要产生竞争】
25-07-07.22:41:00.004 [scheduling-1    ] INFO  UpdateAwardStockJob    - 定时任务，更新奖品消耗库存【延迟队列获取，降低对数据库的更新频次，不要产生竞争】
25-07-07.22:41:05.004 [scheduling-1    ] INFO  UpdateAwardStockJob    - 定时任务，更新奖品消耗库存【延迟队列获取，降低对数据库的更新频次，不要产生竞争】
25-07-07.22:41:10.005 [scheduling-1    ] INFO  UpdateAwardStockJob    - 定时任务，更新奖品消耗库存【延迟队列获取，降低对数据库的更新频次，不要产生竞争】
25-07-07.22:41:15.005 [scheduling-1    ] INFO  UpdateAwardStockJob    - 定时任务，更新奖品消耗库存【延迟队列获取，降低对数据库的更新频次，不要产生竞争】
25-07-07.22:41:20.005 [scheduling-1    ] INFO  UpdateAwardStockJob    - 定时任务，更新奖品消耗库存【延迟队列获取，降低对数据库的更新频次，不要产生竞争】
25-07-07.22:41:25.005 [scheduling-1    ] INFO  UpdateAwardStockJob    - 定时任务，更新奖品消耗库存【延迟队列获取，降低对数据库的更新频次，不要产生竞争】
25-07-07.22:41:30.005 [scheduling-1    ] INFO  UpdateAwardStockJob    - 定时任务，更新奖品消耗库存【延迟队列获取，降低对数据库的更新频次，不要产生竞争】
25-07-07.22:41:35.005 [scheduling-1    ] INFO  UpdateAwardStockJob    - 定时任务，更新奖品消耗库存【延迟队列获取，降低对数据库的更新频次，不要产生竞争】
25-07-07.22:41:40.003 [scheduling-1    ] INFO  UpdateAwardStockJob    - 定时任务，更新奖品消耗库存【延迟队列获取，降低对数据库的更新频次，不要产生竞争】
25-07-07.22:41:45.005 [scheduling-1    ] INFO  UpdateAwardStockJob    - 定时任务，更新奖品消耗库存【延迟队列获取，降低对数据库的更新频次，不要产生竞争】
25-07-07.22:41:50.003 [scheduling-1    ] INFO  UpdateAwardStockJob    - 定时任务，更新奖品消耗库存【延迟队列获取，降低对数据库的更新频次，不要产生竞争】
25-07-07.22:41:55.004 [scheduling-1    ] INFO  UpdateAwardStockJob    - 定时任务，更新奖品消耗库存【延迟队列获取，降低对数据库的更新频次，不要产生竞争】
25-07-07.22:42:00.005 [scheduling-1    ] INFO  UpdateAwardStockJob    - 定时任务，更新奖品消耗库存【延迟队列获取，降低对数据库的更新频次，不要产生竞争】
25-07-07.22:42:05.003 [scheduling-1    ] INFO  UpdateAwardStockJob    - 定时任务，更新奖品消耗库存【延迟队列获取，降低对数据库的更新频次，不要产生竞争】
25-07-07.22:42:10.002 [scheduling-1    ] INFO  UpdateAwardStockJob    - 定时任务，更新奖品消耗库存【延迟队列获取，降低对数据库的更新频次，不要产生竞争】
25-07-07.22:42:15.005 [scheduling-1    ] INFO  UpdateAwardStockJob    - 定时任务，更新奖品消耗库存【延迟队列获取，降低对数据库的更新频次，不要产生竞争】
25-07-07.22:42:20.005 [scheduling-1    ] INFO  UpdateAwardStockJob    - 定时任务，更新奖品消耗库存【延迟队列获取，降低对数据库的更新频次，不要产生竞争】
25-07-07.22:42:25.002 [scheduling-1    ] INFO  UpdateAwardStockJob    - 定时任务，更新奖品消耗库存【延迟队列获取，降低对数据库的更新频次，不要产生竞争】
25-07-07.22:42:30.005 [scheduling-1    ] INFO  UpdateAwardStockJob    - 定时任务，更新奖品消耗库存【延迟队列获取，降低对数据库的更新频次，不要产生竞争】
25-07-07.22:42:35.003 [scheduling-1    ] INFO  UpdateAwardStockJob    - 定时任务，更新奖品消耗库存【延迟队列获取，降低对数据库的更新频次，不要产生竞争】
25-07-07.22:42:40.002 [scheduling-1    ] INFO  UpdateAwardStockJob    - 定时任务，更新奖品消耗库存【延迟队列获取，降低对数据库的更新频次，不要产生竞争】
25-07-07.22:42:45.003 [scheduling-1    ] INFO  UpdateAwardStockJob    - 定时任务，更新奖品消耗库存【延迟队列获取，降低对数据库的更新频次，不要产生竞争】
25-07-07.22:42:50.004 [scheduling-1    ] INFO  UpdateAwardStockJob    - 定时任务，更新奖品消耗库存【延迟队列获取，降低对数据库的更新频次，不要产生竞争】
25-07-07.22:42:55.002 [scheduling-1    ] INFO  UpdateAwardStockJob    - 定时任务，更新奖品消耗库存【延迟队列获取，降低对数据库的更新频次，不要产生竞争】
25-07-07.22:43:00.005 [scheduling-1    ] INFO  UpdateAwardStockJob    - 定时任务，更新奖品消耗库存【延迟队列获取，降低对数据库的更新频次，不要产生竞争】
25-07-07.22:43:05.001 [scheduling-1    ] INFO  UpdateAwardStockJob    - 定时任务，更新奖品消耗库存【延迟队列获取，降低对数据库的更新频次，不要产生竞争】
25-07-07.22:43:10.005 [scheduling-1    ] INFO  UpdateAwardStockJob    - 定时任务，更新奖品消耗库存【延迟队列获取，降低对数据库的更新频次，不要产生竞争】
25-07-07.22:43:15.005 [scheduling-1    ] INFO  UpdateAwardStockJob    - 定时任务，更新奖品消耗库存【延迟队列获取，降低对数据库的更新频次，不要产生竞争】
25-07-07.22:43:20.006 [scheduling-1    ] INFO  UpdateAwardStockJob    - 定时任务，更新奖品消耗库存【延迟队列获取，降低对数据库的更新频次，不要产生竞争】
25-07-07.22:43:25.003 [scheduling-1    ] INFO  UpdateAwardStockJob    - 定时任务，更新奖品消耗库存【延迟队列获取，降低对数据库的更新频次，不要产生竞争】
25-07-07.22:43:30.004 [scheduling-1    ] INFO  UpdateAwardStockJob    - 定时任务，更新奖品消耗库存【延迟队列获取，降低对数据库的更新频次，不要产生竞争】
25-07-07.22:43:35.004 [scheduling-1    ] INFO  UpdateAwardStockJob    - 定时任务，更新奖品消耗库存【延迟队列获取，降低对数据库的更新频次，不要产生竞争】
25-07-07.22:43:40.005 [scheduling-1    ] INFO  UpdateAwardStockJob    - 定时任务，更新奖品消耗库存【延迟队列获取，降低对数据库的更新频次，不要产生竞争】
25-07-07.22:43:45.004 [scheduling-1    ] INFO  UpdateAwardStockJob    - 定时任务，更新奖品消耗库存【延迟队列获取，降低对数据库的更新频次，不要产生竞争】
25-07-07.22:43:50.005 [scheduling-1    ] INFO  UpdateAwardStockJob    - 定时任务，更新奖品消耗库存【延迟队列获取，降低对数据库的更新频次，不要产生竞争】
25-07-07.22:43:55.005 [scheduling-1    ] INFO  UpdateAwardStockJob    - 定时任务，更新奖品消耗库存【延迟队列获取，降低对数据库的更新频次，不要产生竞争】
25-07-07.22:44:00.005 [scheduling-1    ] INFO  UpdateAwardStockJob    - 定时任务，更新奖品消耗库存【延迟队列获取，降低对数据库的更新频次，不要产生竞争】
25-07-07.22:44:05.004 [scheduling-1    ] INFO  UpdateAwardStockJob    - 定时任务，更新奖品消耗库存【延迟队列获取，降低对数据库的更新频次，不要产生竞争】
25-07-07.22:44:10.004 [scheduling-1    ] INFO  UpdateAwardStockJob    - 定时任务，更新奖品消耗库存【延迟队列获取，降低对数据库的更新频次，不要产生竞争】
25-07-07.22:44:15.005 [scheduling-1    ] INFO  UpdateAwardStockJob    - 定时任务，更新奖品消耗库存【延迟队列获取，降低对数据库的更新频次，不要产生竞争】
25-07-07.22:44:20.004 [scheduling-1    ] INFO  UpdateAwardStockJob    - 定时任务，更新奖品消耗库存【延迟队列获取，降低对数据库的更新频次，不要产生竞争】
25-07-07.22:44:25.005 [scheduling-1    ] INFO  UpdateAwardStockJob    - 定时任务，更新奖品消耗库存【延迟队列获取，降低对数据库的更新频次，不要产生竞争】
25-07-07.22:44:30.004 [scheduling-1    ] INFO  UpdateAwardStockJob    - 定时任务，更新奖品消耗库存【延迟队列获取，降低对数据库的更新频次，不要产生竞争】
25-07-07.22:44:35.004 [scheduling-1    ] INFO  UpdateAwardStockJob    - 定时任务，更新奖品消耗库存【延迟队列获取，降低对数据库的更新频次，不要产生竞争】
25-07-07.22:44:40.001 [scheduling-1    ] INFO  UpdateAwardStockJob    - 定时任务，更新奖品消耗库存【延迟队列获取，降低对数据库的更新频次，不要产生竞争】
25-07-07.22:44:45.004 [scheduling-1    ] INFO  UpdateAwardStockJob    - 定时任务，更新奖品消耗库存【延迟队列获取，降低对数据库的更新频次，不要产生竞争】
25-07-07.22:44:50.001 [scheduling-1    ] INFO  UpdateAwardStockJob    - 定时任务，更新奖品消耗库存【延迟队列获取，降低对数据库的更新频次，不要产生竞争】
25-07-07.22:44:55.004 [scheduling-1    ] INFO  UpdateAwardStockJob    - 定时任务，更新奖品消耗库存【延迟队列获取，降低对数据库的更新频次，不要产生竞争】
25-07-07.22:45:00.001 [scheduling-1    ] INFO  UpdateAwardStockJob    - 定时任务，更新奖品消耗库存【延迟队列获取，降低对数据库的更新频次，不要产生竞争】
25-07-07.22:45:05.005 [scheduling-1    ] INFO  UpdateAwardStockJob    - 定时任务，更新奖品消耗库存【延迟队列获取，降低对数据库的更新频次，不要产生竞争】
25-07-07.22:45:10.005 [scheduling-1    ] INFO  UpdateAwardStockJob    - 定时任务，更新奖品消耗库存【延迟队列获取，降低对数据库的更新频次，不要产生竞争】
25-07-07.22:45:15.003 [scheduling-1    ] INFO  UpdateAwardStockJob    - 定时任务，更新奖品消耗库存【延迟队列获取，降低对数据库的更新频次，不要产生竞争】
25-07-07.22:45:20.001 [scheduling-1    ] INFO  UpdateAwardStockJob    - 定时任务，更新奖品消耗库存【延迟队列获取，降低对数据库的更新频次，不要产生竞争】
25-07-07.22:45:20.030 [http-nio-8091-exec-21] INFO  RaffleController       - 查询抽奖奖品列表配开始 strategyId：100006
25-07-07.22:45:20.066 [http-nio-8091-exec-21] INFO  RaffleController       - 查询抽奖奖品列表配置完成 strategyId：100006 response: {"code":"0000","data":[{"awardId":101,"awardTitle":"随机积分","sort":1},{"awardId":102,"awardTitle":"随机积分","sort":1}],"info":"成功"}
25-07-07.22:45:25.003 [scheduling-1    ] INFO  UpdateAwardStockJob    - 定时任务，更新奖品消耗库存【延迟队列获取，降低对数据库的更新频次，不要产生竞争】
25-07-07.22:45:25.948 [http-nio-8091-exec-23] INFO  RaffleController       - 随机抽奖开始 strategyId: 100006
25-07-07.22:45:25.985 [http-nio-8091-exec-23] INFO  BackListLogicChain     - 抽奖责任链—黑名单, userId=system, strategyId=100006, ruleModel=rule_blacklist
25-07-07.22:45:26.011 [http-nio-8091-exec-23] INFO  BackListLogicChain     - 抽奖责任链：黑名单放行 userId=system, strategyId=100006, ruleModel=rule_blacklist
25-07-07.22:45:26.027 [http-nio-8091-exec-23] INFO  DefaultLogChain        - 抽奖责任链—默认处理, userId=system, strategyId=100006, ruleModel=rule_default, awardId=102
25-07-07.22:45:26.028 [http-nio-8091-exec-23] INFO  AbstractRaffleStrategy - 抽奖策略计算-责任链 system 100006 102 rule_default
25-07-07.22:45:26.062 [http-nio-8091-exec-23] INFO  RuleLockLogicTreeNode  - 规则过滤，lock解锁接管了，userid:system,strategyId:100006,awardId:102
25-07-07.22:45:26.063 [http-nio-8091-exec-23] INFO  RuleLuckAwardLogicTreeNode - 规则过滤-兜底奖品 userId:system strategyId:100006 awardId:102 ruleValue:101:1,100
25-07-07.22:45:26.063 [http-nio-8091-exec-23] INFO  RuleLuckAwardLogicTreeNode - 规则过滤-兜底奖品 userId:system strategyId:100006 awardId:101 awardRuleValue:1,100
25-07-07.22:45:26.064 [http-nio-8091-exec-23] INFO  AbstractRaffleStrategy - 抽奖策略计算-规则树 system 100006 101 1,100
25-07-07.22:45:26.077 [http-nio-8091-exec-23] INFO  RaffleController       - 随机抽奖完成 strategyId: 100006 response: {"code":"0000","data":{"awardId":101,"awardIndex":1},"info":"成功"}
25-07-07.22:45:30.004 [scheduling-1    ] INFO  UpdateAwardStockJob    - 定时任务，更新奖品消耗库存【延迟队列获取，降低对数据库的更新频次，不要产生竞争】
25-07-07.22:45:35.005 [scheduling-1    ] INFO  UpdateAwardStockJob    - 定时任务，更新奖品消耗库存【延迟队列获取，降低对数据库的更新频次，不要产生竞争】
25-07-07.22:45:40.003 [scheduling-1    ] INFO  UpdateAwardStockJob    - 定时任务，更新奖品消耗库存【延迟队列获取，降低对数据库的更新频次，不要产生竞争】
25-07-07.22:45:45.001 [scheduling-1    ] INFO  UpdateAwardStockJob    - 定时任务，更新奖品消耗库存【延迟队列获取，降低对数据库的更新频次，不要产生竞争】
25-07-07.22:45:47.861 [http-nio-8091-exec-24] INFO  RaffleController       - 随机抽奖开始 strategyId: 100006
25-07-07.22:45:47.889 [http-nio-8091-exec-24] INFO  BackListLogicChain     - 抽奖责任链—黑名单, userId=system, strategyId=100006, ruleModel=rule_blacklist
25-07-07.22:45:47.896 [http-nio-8091-exec-24] INFO  BackListLogicChain     - 抽奖责任链：黑名单放行 userId=system, strategyId=100006, ruleModel=rule_blacklist
25-07-07.22:45:47.913 [http-nio-8091-exec-24] INFO  DefaultLogChain        - 抽奖责任链—默认处理, userId=system, strategyId=100006, ruleModel=rule_default, awardId=102
25-07-07.22:45:47.913 [http-nio-8091-exec-24] INFO  AbstractRaffleStrategy - 抽奖策略计算-责任链 system 100006 102 rule_default
25-07-07.22:45:47.929 [http-nio-8091-exec-24] INFO  RuleLockLogicTreeNode  - 规则过滤，lock解锁接管了，userid:system,strategyId:100006,awardId:102
25-07-07.22:45:47.929 [http-nio-8091-exec-24] INFO  RuleLuckAwardLogicTreeNode - 规则过滤-兜底奖品 userId:system strategyId:100006 awardId:102 ruleValue:101:1,100
25-07-07.22:45:47.929 [http-nio-8091-exec-24] INFO  RuleLuckAwardLogicTreeNode - 规则过滤-兜底奖品 userId:system strategyId:100006 awardId:101 awardRuleValue:1,100
25-07-07.22:45:47.929 [http-nio-8091-exec-24] INFO  AbstractRaffleStrategy - 抽奖策略计算-规则树 system 100006 101 1,100
25-07-07.22:45:47.938 [http-nio-8091-exec-24] INFO  RaffleController       - 随机抽奖完成 strategyId: 100006 response: {"code":"0000","data":{"awardId":101,"awardIndex":1},"info":"成功"}
25-07-07.22:45:50.005 [scheduling-1    ] INFO  UpdateAwardStockJob    - 定时任务，更新奖品消耗库存【延迟队列获取，降低对数据库的更新频次，不要产生竞争】
25-07-07.22:45:55.004 [scheduling-1    ] INFO  UpdateAwardStockJob    - 定时任务，更新奖品消耗库存【延迟队列获取，降低对数据库的更新频次，不要产生竞争】
25-07-07.22:46:00.003 [scheduling-1    ] INFO  UpdateAwardStockJob    - 定时任务，更新奖品消耗库存【延迟队列获取，降低对数据库的更新频次，不要产生竞争】
25-07-07.22:46:05.002 [scheduling-1    ] INFO  UpdateAwardStockJob    - 定时任务，更新奖品消耗库存【延迟队列获取，降低对数据库的更新频次，不要产生竞争】
25-07-07.22:46:10.003 [scheduling-1    ] INFO  UpdateAwardStockJob    - 定时任务，更新奖品消耗库存【延迟队列获取，降低对数据库的更新频次，不要产生竞争】
25-07-07.22:46:15.005 [scheduling-1    ] INFO  UpdateAwardStockJob    - 定时任务，更新奖品消耗库存【延迟队列获取，降低对数据库的更新频次，不要产生竞争】
25-07-07.22:46:18.358 [http-nio-8091-exec-26] INFO  RaffleController       - 随机抽奖开始 strategyId: 100006
25-07-07.22:46:18.381 [http-nio-8091-exec-26] INFO  BackListLogicChain     - 抽奖责任链—黑名单, userId=system, strategyId=100006, ruleModel=rule_blacklist
25-07-07.22:46:18.390 [http-nio-8091-exec-26] INFO  BackListLogicChain     - 抽奖责任链：黑名单放行 userId=system, strategyId=100006, ruleModel=rule_blacklist
25-07-07.22:46:18.407 [http-nio-8091-exec-26] INFO  DefaultLogChain        - 抽奖责任链—默认处理, userId=system, strategyId=100006, ruleModel=rule_default, awardId=102
25-07-07.22:46:18.407 [http-nio-8091-exec-26] INFO  AbstractRaffleStrategy - 抽奖策略计算-责任链 system 100006 102 rule_default
25-07-07.22:46:18.428 [http-nio-8091-exec-26] INFO  RuleLockLogicTreeNode  - 规则过滤，lock解锁接管了，userid:system,strategyId:100006,awardId:102
25-07-07.22:46:18.429 [http-nio-8091-exec-26] INFO  RuleLuckAwardLogicTreeNode - 规则过滤-兜底奖品 userId:system strategyId:100006 awardId:102 ruleValue:101:1,100
25-07-07.22:46:18.429 [http-nio-8091-exec-26] INFO  RuleLuckAwardLogicTreeNode - 规则过滤-兜底奖品 userId:system strategyId:100006 awardId:101 awardRuleValue:1,100
25-07-07.22:46:18.430 [http-nio-8091-exec-26] INFO  AbstractRaffleStrategy - 抽奖策略计算-规则树 system 100006 101 1,100
25-07-07.22:46:18.439 [http-nio-8091-exec-26] INFO  RaffleController       - 随机抽奖完成 strategyId: 100006 response: {"code":"0000","data":{"awardId":101,"awardIndex":1},"info":"成功"}
25-07-07.22:46:20.004 [scheduling-1    ] INFO  UpdateAwardStockJob    - 定时任务，更新奖品消耗库存【延迟队列获取，降低对数据库的更新频次，不要产生竞争】
25-07-07.22:46:25.001 [scheduling-1    ] INFO  UpdateAwardStockJob    - 定时任务，更新奖品消耗库存【延迟队列获取，降低对数据库的更新频次，不要产生竞争】
25-07-07.22:46:27.782 [http-nio-8091-exec-27] INFO  RaffleController       - 随机抽奖开始 strategyId: 100006
25-07-07.22:46:27.805 [http-nio-8091-exec-27] INFO  BackListLogicChain     - 抽奖责任链—黑名单, userId=system, strategyId=100006, ruleModel=rule_blacklist
25-07-07.22:46:27.812 [http-nio-8091-exec-27] INFO  BackListLogicChain     - 抽奖责任链：黑名单放行 userId=system, strategyId=100006, ruleModel=rule_blacklist
25-07-07.22:46:27.828 [http-nio-8091-exec-27] INFO  DefaultLogChain        - 抽奖责任链—默认处理, userId=system, strategyId=100006, ruleModel=rule_default, awardId=101
25-07-07.22:46:27.828 [http-nio-8091-exec-27] INFO  AbstractRaffleStrategy - 抽奖策略计算-责任链 system 100006 101 rule_default
25-07-07.22:46:27.844 [http-nio-8091-exec-27] INFO  RuleLockLogicTreeNode  - 规则过滤，lock解锁接管了，userid:system,strategyId:100006,awardId:101
25-07-07.22:46:27.844 [http-nio-8091-exec-27] INFO  RuleLuckAwardLogicTreeNode - 规则过滤-兜底奖品 userId:system strategyId:100006 awardId:101 ruleValue:101:1,100
25-07-07.22:46:27.844 [http-nio-8091-exec-27] INFO  RuleLuckAwardLogicTreeNode - 规则过滤-兜底奖品 userId:system strategyId:100006 awardId:101 awardRuleValue:1,100
25-07-07.22:46:27.844 [http-nio-8091-exec-27] INFO  AbstractRaffleStrategy - 抽奖策略计算-规则树 system 100006 101 1,100
25-07-07.22:46:27.852 [http-nio-8091-exec-27] INFO  RaffleController       - 随机抽奖完成 strategyId: 100006 response: {"code":"0000","data":{"awardId":101,"awardIndex":1},"info":"成功"}
25-07-07.22:46:30.004 [scheduling-1    ] INFO  UpdateAwardStockJob    - 定时任务，更新奖品消耗库存【延迟队列获取，降低对数据库的更新频次，不要产生竞争】
25-07-07.22:46:35.003 [scheduling-1    ] INFO  UpdateAwardStockJob    - 定时任务，更新奖品消耗库存【延迟队列获取，降低对数据库的更新频次，不要产生竞争】
25-07-07.22:46:40.005 [scheduling-1    ] INFO  UpdateAwardStockJob    - 定时任务，更新奖品消耗库存【延迟队列获取，降低对数据库的更新频次，不要产生竞争】
25-07-07.22:46:45.005 [scheduling-1    ] INFO  UpdateAwardStockJob    - 定时任务，更新奖品消耗库存【延迟队列获取，降低对数据库的更新频次，不要产生竞争】
25-07-07.22:46:48.122 [http-nio-8091-exec-30] INFO  RaffleController       - 抽奖装配策略开始, strategyId: 100006
25-07-07.22:46:48.198 [http-nio-8091-exec-31] INFO  RaffleController       - 抽奖装配策略开始, strategyId: 100006
25-07-07.22:46:48.230 [http-nio-8091-exec-30] INFO  RaffleController       - 抽奖装配策略成功, strategyId: 100006
25-07-07.22:46:48.255 [http-nio-8091-exec-31] INFO  RaffleController       - 抽奖装配策略成功, strategyId: 100006
25-07-07.22:46:50.004 [scheduling-1    ] INFO  UpdateAwardStockJob    - 定时任务，更新奖品消耗库存【延迟队列获取，降低对数据库的更新频次，不要产生竞争】
25-07-07.22:46:55.005 [scheduling-1    ] INFO  UpdateAwardStockJob    - 定时任务，更新奖品消耗库存【延迟队列获取，降低对数据库的更新频次，不要产生竞争】
25-07-07.22:46:56.716 [http-nio-8091-exec-28] INFO  RaffleController       - 随机抽奖开始 strategyId: 100006
25-07-07.22:46:56.736 [http-nio-8091-exec-28] INFO  BackListLogicChain     - 抽奖责任链—黑名单, userId=system, strategyId=100006, ruleModel=rule_blacklist
25-07-07.22:46:56.747 [http-nio-8091-exec-28] INFO  BackListLogicChain     - 抽奖责任链：黑名单放行 userId=system, strategyId=100006, ruleModel=rule_blacklist
25-07-07.22:46:56.759 [http-nio-8091-exec-28] INFO  DefaultLogChain        - 抽奖责任链—默认处理, userId=system, strategyId=100006, ruleModel=rule_default, awardId=101
25-07-07.22:46:56.759 [http-nio-8091-exec-28] INFO  AbstractRaffleStrategy - 抽奖策略计算-责任链 system 100006 101 rule_default
25-07-07.22:46:56.812 [http-nio-8091-exec-28] INFO  RuleLockLogicTreeNode  - 规则过滤，lock解锁接管了，userid:system,strategyId:100006,awardId:101
25-07-07.22:46:56.813 [http-nio-8091-exec-28] INFO  RuleLuckAwardLogicTreeNode - 规则过滤-兜底奖品 userId:system strategyId:100006 awardId:101 ruleValue:101:1,100
25-07-07.22:46:56.813 [http-nio-8091-exec-28] INFO  RuleLuckAwardLogicTreeNode - 规则过滤-兜底奖品 userId:system strategyId:100006 awardId:101 awardRuleValue:1,100
25-07-07.22:46:56.813 [http-nio-8091-exec-28] INFO  AbstractRaffleStrategy - 抽奖策略计算-规则树 system 100006 101 1,100
25-07-07.22:46:56.832 [http-nio-8091-exec-28] INFO  RaffleController       - 随机抽奖完成 strategyId: 100006 response: {"code":"0000","data":{"awardId":101,"awardIndex":1},"info":"成功"}
25-07-07.22:47:00.004 [scheduling-1    ] INFO  UpdateAwardStockJob    - 定时任务，更新奖品消耗库存【延迟队列获取，降低对数据库的更新频次，不要产生竞争】
25-07-07.22:47:05.004 [scheduling-1    ] INFO  UpdateAwardStockJob    - 定时任务，更新奖品消耗库存【延迟队列获取，降低对数据库的更新频次，不要产生竞争】
25-07-07.22:47:10.004 [scheduling-1    ] INFO  UpdateAwardStockJob    - 定时任务，更新奖品消耗库存【延迟队列获取，降低对数据库的更新频次，不要产生竞争】
25-07-07.22:47:15.001 [scheduling-1    ] INFO  UpdateAwardStockJob    - 定时任务，更新奖品消耗库存【延迟队列获取，降低对数据库的更新频次，不要产生竞争】
25-07-07.22:47:20.005 [scheduling-1    ] INFO  UpdateAwardStockJob    - 定时任务，更新奖品消耗库存【延迟队列获取，降低对数据库的更新频次，不要产生竞争】
25-07-07.22:47:25.003 [scheduling-1    ] INFO  UpdateAwardStockJob    - 定时任务，更新奖品消耗库存【延迟队列获取，降低对数据库的更新频次，不要产生竞争】
25-07-07.22:47:30.004 [scheduling-1    ] INFO  UpdateAwardStockJob    - 定时任务，更新奖品消耗库存【延迟队列获取，降低对数据库的更新频次，不要产生竞争】
25-07-07.22:47:35.004 [scheduling-1    ] INFO  UpdateAwardStockJob    - 定时任务，更新奖品消耗库存【延迟队列获取，降低对数据库的更新频次，不要产生竞争】
25-07-07.22:47:40.002 [scheduling-1    ] INFO  UpdateAwardStockJob    - 定时任务，更新奖品消耗库存【延迟队列获取，降低对数据库的更新频次，不要产生竞争】
25-07-07.22:47:45.003 [scheduling-1    ] INFO  UpdateAwardStockJob    - 定时任务，更新奖品消耗库存【延迟队列获取，降低对数据库的更新频次，不要产生竞争】
25-07-07.22:47:50.004 [scheduling-1    ] INFO  UpdateAwardStockJob    - 定时任务，更新奖品消耗库存【延迟队列获取，降低对数据库的更新频次，不要产生竞争】
25-07-07.22:47:55.004 [scheduling-1    ] INFO  UpdateAwardStockJob    - 定时任务，更新奖品消耗库存【延迟队列获取，降低对数据库的更新频次，不要产生竞争】
25-07-07.22:48:00.005 [scheduling-1    ] INFO  UpdateAwardStockJob    - 定时任务，更新奖品消耗库存【延迟队列获取，降低对数据库的更新频次，不要产生竞争】
25-07-07.22:48:05.003 [scheduling-1    ] INFO  UpdateAwardStockJob    - 定时任务，更新奖品消耗库存【延迟队列获取，降低对数据库的更新频次，不要产生竞争】
25-07-07.22:48:10.003 [scheduling-1    ] INFO  UpdateAwardStockJob    - 定时任务，更新奖品消耗库存【延迟队列获取，降低对数据库的更新频次，不要产生竞争】
25-07-07.22:48:15.001 [scheduling-1    ] INFO  UpdateAwardStockJob    - 定时任务，更新奖品消耗库存【延迟队列获取，降低对数据库的更新频次，不要产生竞争】
25-07-07.22:48:20.005 [scheduling-1    ] INFO  UpdateAwardStockJob    - 定时任务，更新奖品消耗库存【延迟队列获取，降低对数据库的更新频次，不要产生竞争】
25-07-07.22:48:25.004 [scheduling-1    ] INFO  UpdateAwardStockJob    - 定时任务，更新奖品消耗库存【延迟队列获取，降低对数据库的更新频次，不要产生竞争】
25-07-07.22:48:30.002 [scheduling-1    ] INFO  UpdateAwardStockJob    - 定时任务，更新奖品消耗库存【延迟队列获取，降低对数据库的更新频次，不要产生竞争】
25-07-07.22:48:35.005 [scheduling-1    ] INFO  UpdateAwardStockJob    - 定时任务，更新奖品消耗库存【延迟队列获取，降低对数据库的更新频次，不要产生竞争】
25-07-07.22:48:40.005 [scheduling-1    ] INFO  UpdateAwardStockJob    - 定时任务，更新奖品消耗库存【延迟队列获取，降低对数据库的更新频次，不要产生竞争】
25-07-07.22:48:45.005 [scheduling-1    ] INFO  UpdateAwardStockJob    - 定时任务，更新奖品消耗库存【延迟队列获取，降低对数据库的更新频次，不要产生竞争】
25-07-07.22:48:50.004 [scheduling-1    ] INFO  UpdateAwardStockJob    - 定时任务，更新奖品消耗库存【延迟队列获取，降低对数据库的更新频次，不要产生竞争】
25-07-07.22:48:55.004 [scheduling-1    ] INFO  UpdateAwardStockJob    - 定时任务，更新奖品消耗库存【延迟队列获取，降低对数据库的更新频次，不要产生竞争】
25-07-07.22:49:00.003 [scheduling-1    ] INFO  UpdateAwardStockJob    - 定时任务，更新奖品消耗库存【延迟队列获取，降低对数据库的更新频次，不要产生竞争】
25-07-07.22:49:05.004 [scheduling-1    ] INFO  UpdateAwardStockJob    - 定时任务，更新奖品消耗库存【延迟队列获取，降低对数据库的更新频次，不要产生竞争】
25-07-07.22:49:10.001 [scheduling-1    ] INFO  UpdateAwardStockJob    - 定时任务，更新奖品消耗库存【延迟队列获取，降低对数据库的更新频次，不要产生竞争】
25-07-07.22:49:15.005 [scheduling-1    ] INFO  UpdateAwardStockJob    - 定时任务，更新奖品消耗库存【延迟队列获取，降低对数据库的更新频次，不要产生竞争】
25-07-07.22:49:20.003 [scheduling-1    ] INFO  UpdateAwardStockJob    - 定时任务，更新奖品消耗库存【延迟队列获取，降低对数据库的更新频次，不要产生竞争】
25-07-07.22:49:25.004 [scheduling-1    ] INFO  UpdateAwardStockJob    - 定时任务，更新奖品消耗库存【延迟队列获取，降低对数据库的更新频次，不要产生竞争】
25-07-07.22:49:30.004 [scheduling-1    ] INFO  UpdateAwardStockJob    - 定时任务，更新奖品消耗库存【延迟队列获取，降低对数据库的更新频次，不要产生竞争】
25-07-07.22:49:35.003 [scheduling-1    ] INFO  UpdateAwardStockJob    - 定时任务，更新奖品消耗库存【延迟队列获取，降低对数据库的更新频次，不要产生竞争】
25-07-07.22:49:40.001 [scheduling-1    ] INFO  UpdateAwardStockJob    - 定时任务，更新奖品消耗库存【延迟队列获取，降低对数据库的更新频次，不要产生竞争】
25-07-07.22:49:45.003 [scheduling-1    ] INFO  UpdateAwardStockJob    - 定时任务，更新奖品消耗库存【延迟队列获取，降低对数据库的更新频次，不要产生竞争】
25-07-07.22:49:50.005 [scheduling-1    ] INFO  UpdateAwardStockJob    - 定时任务，更新奖品消耗库存【延迟队列获取，降低对数据库的更新频次，不要产生竞争】
25-07-07.22:49:55.005 [scheduling-1    ] INFO  UpdateAwardStockJob    - 定时任务，更新奖品消耗库存【延迟队列获取，降低对数据库的更新频次，不要产生竞争】
25-07-07.22:50:00.004 [scheduling-1    ] INFO  UpdateAwardStockJob    - 定时任务，更新奖品消耗库存【延迟队列获取，降低对数据库的更新频次，不要产生竞争】
25-07-07.22:50:05.001 [scheduling-1    ] INFO  UpdateAwardStockJob    - 定时任务，更新奖品消耗库存【延迟队列获取，降低对数据库的更新频次，不要产生竞争】
25-07-07.22:50:10.004 [scheduling-1    ] INFO  UpdateAwardStockJob    - 定时任务，更新奖品消耗库存【延迟队列获取，降低对数据库的更新频次，不要产生竞争】
25-07-07.22:50:15.005 [scheduling-1    ] INFO  UpdateAwardStockJob    - 定时任务，更新奖品消耗库存【延迟队列获取，降低对数据库的更新频次，不要产生竞争】
25-07-07.22:50:20.005 [scheduling-1    ] INFO  UpdateAwardStockJob    - 定时任务，更新奖品消耗库存【延迟队列获取，降低对数据库的更新频次，不要产生竞争】
25-07-07.22:50:25.003 [scheduling-1    ] INFO  UpdateAwardStockJob    - 定时任务，更新奖品消耗库存【延迟队列获取，降低对数据库的更新频次，不要产生竞争】
25-07-07.22:50:30.003 [scheduling-1    ] INFO  UpdateAwardStockJob    - 定时任务，更新奖品消耗库存【延迟队列获取，降低对数据库的更新频次，不要产生竞争】
25-07-07.22:50:35.001 [scheduling-1    ] INFO  UpdateAwardStockJob    - 定时任务，更新奖品消耗库存【延迟队列获取，降低对数据库的更新频次，不要产生竞争】
25-07-07.22:50:35.115 [http-nio-8091-exec-34] INFO  RaffleController       - 随机抽奖开始 strategyId: 100006
25-07-07.22:50:35.137 [http-nio-8091-exec-34] INFO  BackListLogicChain     - 抽奖责任链—黑名单, userId=system, strategyId=100006, ruleModel=rule_blacklist
25-07-07.22:50:35.145 [http-nio-8091-exec-34] INFO  BackListLogicChain     - 抽奖责任链：黑名单放行 userId=system, strategyId=100006, ruleModel=rule_blacklist
25-07-07.22:50:35.157 [http-nio-8091-exec-34] INFO  DefaultLogChain        - 抽奖责任链—默认处理, userId=system, strategyId=100006, ruleModel=rule_default, awardId=101
25-07-07.22:50:35.157 [http-nio-8091-exec-34] INFO  AbstractRaffleStrategy - 抽奖策略计算-责任链 system 100006 101 rule_default
25-07-07.22:50:35.172 [http-nio-8091-exec-34] INFO  RuleLockLogicTreeNode  - 规则过滤，lock解锁接管了，userid:system,strategyId:100006,awardId:101
25-07-07.22:50:35.172 [http-nio-8091-exec-34] INFO  RuleLuckAwardLogicTreeNode - 规则过滤-兜底奖品 userId:system strategyId:100006 awardId:101 ruleValue:101:1,100
25-07-07.22:50:35.172 [http-nio-8091-exec-34] INFO  RuleLuckAwardLogicTreeNode - 规则过滤-兜底奖品 userId:system strategyId:100006 awardId:101 awardRuleValue:1,100
25-07-07.22:50:35.172 [http-nio-8091-exec-34] INFO  AbstractRaffleStrategy - 抽奖策略计算-规则树 system 100006 101 1,100
25-07-07.22:50:35.179 [http-nio-8091-exec-34] INFO  RaffleController       - 随机抽奖完成 strategyId: 100006 response: {"code":"0000","data":{"awardId":101,"awardIndex":1},"info":"成功"}
25-07-07.22:50:40.001 [scheduling-1    ] INFO  UpdateAwardStockJob    - 定时任务，更新奖品消耗库存【延迟队列获取，降低对数据库的更新频次，不要产生竞争】
25-07-07.22:50:43.852 [http-nio-8091-exec-35] INFO  RaffleController       - 随机抽奖开始 strategyId: 100006
25-07-07.22:50:43.878 [http-nio-8091-exec-35] INFO  BackListLogicChain     - 抽奖责任链—黑名单, userId=system, strategyId=100006, ruleModel=rule_blacklist
25-07-07.22:50:43.885 [http-nio-8091-exec-35] INFO  BackListLogicChain     - 抽奖责任链：黑名单放行 userId=system, strategyId=100006, ruleModel=rule_blacklist
25-07-07.22:50:43.897 [http-nio-8091-exec-35] INFO  DefaultLogChain        - 抽奖责任链—默认处理, userId=system, strategyId=100006, ruleModel=rule_default, awardId=102
25-07-07.22:50:43.897 [http-nio-8091-exec-35] INFO  AbstractRaffleStrategy - 抽奖策略计算-责任链 system 100006 102 rule_default
25-07-07.22:50:43.911 [http-nio-8091-exec-35] INFO  RuleLockLogicTreeNode  - 规则过滤，lock解锁接管了，userid:system,strategyId:100006,awardId:102
25-07-07.22:50:43.911 [http-nio-8091-exec-35] INFO  RuleLuckAwardLogicTreeNode - 规则过滤-兜底奖品 userId:system strategyId:100006 awardId:102 ruleValue:101:1,100
25-07-07.22:50:43.911 [http-nio-8091-exec-35] INFO  RuleLuckAwardLogicTreeNode - 规则过滤-兜底奖品 userId:system strategyId:100006 awardId:101 awardRuleValue:1,100
25-07-07.22:50:43.911 [http-nio-8091-exec-35] INFO  AbstractRaffleStrategy - 抽奖策略计算-规则树 system 100006 101 1,100
25-07-07.22:50:43.917 [http-nio-8091-exec-35] INFO  RaffleController       - 随机抽奖完成 strategyId: 100006 response: {"code":"0000","data":{"awardId":101,"awardIndex":1},"info":"成功"}
25-07-07.22:50:45.005 [scheduling-1    ] INFO  UpdateAwardStockJob    - 定时任务，更新奖品消耗库存【延迟队列获取，降低对数据库的更新频次，不要产生竞争】
25-07-07.22:50:50.004 [scheduling-1    ] INFO  UpdateAwardStockJob    - 定时任务，更新奖品消耗库存【延迟队列获取，降低对数据库的更新频次，不要产生竞争】
25-07-07.22:50:51.001 [http-nio-8091-exec-36] INFO  RaffleController       - 随机抽奖开始 strategyId: 100006
25-07-07.22:50:51.033 [http-nio-8091-exec-36] INFO  BackListLogicChain     - 抽奖责任链—黑名单, userId=system, strategyId=100006, ruleModel=rule_blacklist
25-07-07.22:50:51.043 [http-nio-8091-exec-36] INFO  BackListLogicChain     - 抽奖责任链：黑名单放行 userId=system, strategyId=100006, ruleModel=rule_blacklist
25-07-07.22:50:51.056 [http-nio-8091-exec-36] INFO  DefaultLogChain        - 抽奖责任链—默认处理, userId=system, strategyId=100006, ruleModel=rule_default, awardId=101
25-07-07.22:50:51.056 [http-nio-8091-exec-36] INFO  AbstractRaffleStrategy - 抽奖策略计算-责任链 system 100006 101 rule_default
25-07-07.22:50:51.070 [http-nio-8091-exec-36] INFO  RuleLockLogicTreeNode  - 规则过滤，lock解锁接管了，userid:system,strategyId:100006,awardId:101
25-07-07.22:50:51.071 [http-nio-8091-exec-36] INFO  RuleLuckAwardLogicTreeNode - 规则过滤-兜底奖品 userId:system strategyId:100006 awardId:101 ruleValue:101:1,100
25-07-07.22:50:51.071 [http-nio-8091-exec-36] INFO  RuleLuckAwardLogicTreeNode - 规则过滤-兜底奖品 userId:system strategyId:100006 awardId:101 awardRuleValue:1,100
25-07-07.22:50:51.071 [http-nio-8091-exec-36] INFO  AbstractRaffleStrategy - 抽奖策略计算-规则树 system 100006 101 1,100
25-07-07.22:50:51.077 [http-nio-8091-exec-36] INFO  RaffleController       - 随机抽奖完成 strategyId: 100006 response: {"code":"0000","data":{"awardId":101,"awardIndex":1},"info":"成功"}
25-07-07.22:50:55.003 [scheduling-1    ] INFO  UpdateAwardStockJob    - 定时任务，更新奖品消耗库存【延迟队列获取，降低对数据库的更新频次，不要产生竞争】
25-07-07.22:51:00.003 [scheduling-1    ] INFO  UpdateAwardStockJob    - 定时任务，更新奖品消耗库存【延迟队列获取，降低对数据库的更新频次，不要产生竞争】
25-07-07.22:51:05.005 [scheduling-1    ] INFO  UpdateAwardStockJob    - 定时任务，更新奖品消耗库存【延迟队列获取，降低对数据库的更新频次，不要产生竞争】
25-07-07.22:51:10.006 [scheduling-1    ] INFO  UpdateAwardStockJob    - 定时任务，更新奖品消耗库存【延迟队列获取，降低对数据库的更新频次，不要产生竞争】
25-07-07.22:51:15.005 [scheduling-1    ] INFO  UpdateAwardStockJob    - 定时任务，更新奖品消耗库存【延迟队列获取，降低对数据库的更新频次，不要产生竞争】
25-07-07.22:51:20.001 [scheduling-1    ] INFO  UpdateAwardStockJob    - 定时任务，更新奖品消耗库存【延迟队列获取，降低对数据库的更新频次，不要产生竞争】
25-07-07.22:51:25.004 [scheduling-1    ] INFO  UpdateAwardStockJob    - 定时任务，更新奖品消耗库存【延迟队列获取，降低对数据库的更新频次，不要产生竞争】
25-07-07.22:51:30.001 [scheduling-1    ] INFO  UpdateAwardStockJob    - 定时任务，更新奖品消耗库存【延迟队列获取，降低对数据库的更新频次，不要产生竞争】
25-07-07.22:51:35.007 [scheduling-1    ] INFO  UpdateAwardStockJob    - 定时任务，更新奖品消耗库存【延迟队列获取，降低对数据库的更新频次，不要产生竞争】
25-07-07.22:51:40.003 [scheduling-1    ] INFO  UpdateAwardStockJob    - 定时任务，更新奖品消耗库存【延迟队列获取，降低对数据库的更新频次，不要产生竞争】
25-07-07.22:51:45.004 [scheduling-1    ] INFO  UpdateAwardStockJob    - 定时任务，更新奖品消耗库存【延迟队列获取，降低对数据库的更新频次，不要产生竞争】
25-07-07.22:51:50.002 [scheduling-1    ] INFO  UpdateAwardStockJob    - 定时任务，更新奖品消耗库存【延迟队列获取，降低对数据库的更新频次，不要产生竞争】
25-07-07.22:51:55.005 [scheduling-1    ] INFO  UpdateAwardStockJob    - 定时任务，更新奖品消耗库存【延迟队列获取，降低对数据库的更新频次，不要产生竞争】
25-07-07.22:52:00.004 [scheduling-1    ] INFO  UpdateAwardStockJob    - 定时任务，更新奖品消耗库存【延迟队列获取，降低对数据库的更新频次，不要产生竞争】
25-07-07.22:52:05.004 [scheduling-1    ] INFO  UpdateAwardStockJob    - 定时任务，更新奖品消耗库存【延迟队列获取，降低对数据库的更新频次，不要产生竞争】
25-07-07.22:52:10.005 [scheduling-1    ] INFO  UpdateAwardStockJob    - 定时任务，更新奖品消耗库存【延迟队列获取，降低对数据库的更新频次，不要产生竞争】
25-07-07.22:52:15.002 [scheduling-1    ] INFO  UpdateAwardStockJob    - 定时任务，更新奖品消耗库存【延迟队列获取，降低对数据库的更新频次，不要产生竞争】
25-07-07.22:52:20.005 [scheduling-1    ] INFO  UpdateAwardStockJob    - 定时任务，更新奖品消耗库存【延迟队列获取，降低对数据库的更新频次，不要产生竞争】
25-07-07.22:52:25.005 [scheduling-1    ] INFO  UpdateAwardStockJob    - 定时任务，更新奖品消耗库存【延迟队列获取，降低对数据库的更新频次，不要产生竞争】
25-07-07.22:52:30.001 [scheduling-1    ] INFO  UpdateAwardStockJob    - 定时任务，更新奖品消耗库存【延迟队列获取，降低对数据库的更新频次，不要产生竞争】
25-07-07.22:52:35.005 [scheduling-1    ] INFO  UpdateAwardStockJob    - 定时任务，更新奖品消耗库存【延迟队列获取，降低对数据库的更新频次，不要产生竞争】
25-07-07.22:52:40.002 [scheduling-1    ] INFO  UpdateAwardStockJob    - 定时任务，更新奖品消耗库存【延迟队列获取，降低对数据库的更新频次，不要产生竞争】
25-07-07.22:52:45.003 [scheduling-1    ] INFO  UpdateAwardStockJob    - 定时任务，更新奖品消耗库存【延迟队列获取，降低对数据库的更新频次，不要产生竞争】
25-07-07.22:52:50.001 [scheduling-1    ] INFO  UpdateAwardStockJob    - 定时任务，更新奖品消耗库存【延迟队列获取，降低对数据库的更新频次，不要产生竞争】
25-07-07.22:52:55.005 [scheduling-1    ] INFO  UpdateAwardStockJob    - 定时任务，更新奖品消耗库存【延迟队列获取，降低对数据库的更新频次，不要产生竞争】
25-07-07.22:53:00.001 [scheduling-1    ] INFO  UpdateAwardStockJob    - 定时任务，更新奖品消耗库存【延迟队列获取，降低对数据库的更新频次，不要产生竞争】
25-07-07.22:53:05.006 [scheduling-1    ] INFO  UpdateAwardStockJob    - 定时任务，更新奖品消耗库存【延迟队列获取，降低对数据库的更新频次，不要产生竞争】
25-07-07.22:53:10.003 [scheduling-1    ] INFO  UpdateAwardStockJob    - 定时任务，更新奖品消耗库存【延迟队列获取，降低对数据库的更新频次，不要产生竞争】
25-07-07.22:53:15.005 [scheduling-1    ] INFO  UpdateAwardStockJob    - 定时任务，更新奖品消耗库存【延迟队列获取，降低对数据库的更新频次，不要产生竞争】
25-07-07.22:53:20.005 [scheduling-1    ] INFO  UpdateAwardStockJob    - 定时任务，更新奖品消耗库存【延迟队列获取，降低对数据库的更新频次，不要产生竞争】
25-07-07.22:53:25.004 [scheduling-1    ] INFO  UpdateAwardStockJob    - 定时任务，更新奖品消耗库存【延迟队列获取，降低对数据库的更新频次，不要产生竞争】
25-07-07.22:53:30.001 [scheduling-1    ] INFO  UpdateAwardStockJob    - 定时任务，更新奖品消耗库存【延迟队列获取，降低对数据库的更新频次，不要产生竞争】
25-07-07.22:53:35.001 [scheduling-1    ] INFO  UpdateAwardStockJob    - 定时任务，更新奖品消耗库存【延迟队列获取，降低对数据库的更新频次，不要产生竞争】
25-07-07.22:53:40.003 [scheduling-1    ] INFO  UpdateAwardStockJob    - 定时任务，更新奖品消耗库存【延迟队列获取，降低对数据库的更新频次，不要产生竞争】
25-07-07.22:53:45.002 [scheduling-1    ] INFO  UpdateAwardStockJob    - 定时任务，更新奖品消耗库存【延迟队列获取，降低对数据库的更新频次，不要产生竞争】
25-07-07.22:53:50.002 [scheduling-1    ] INFO  UpdateAwardStockJob    - 定时任务，更新奖品消耗库存【延迟队列获取，降低对数据库的更新频次，不要产生竞争】
25-07-07.22:53:55.003 [scheduling-1    ] INFO  UpdateAwardStockJob    - 定时任务，更新奖品消耗库存【延迟队列获取，降低对数据库的更新频次，不要产生竞争】
25-07-07.22:54:00.006 [scheduling-1    ] INFO  UpdateAwardStockJob    - 定时任务，更新奖品消耗库存【延迟队列获取，降低对数据库的更新频次，不要产生竞争】
25-07-07.22:54:05.002 [scheduling-1    ] INFO  UpdateAwardStockJob    - 定时任务，更新奖品消耗库存【延迟队列获取，降低对数据库的更新频次，不要产生竞争】
25-07-07.22:54:10.004 [scheduling-1    ] INFO  UpdateAwardStockJob    - 定时任务，更新奖品消耗库存【延迟队列获取，降低对数据库的更新频次，不要产生竞争】
25-07-07.22:54:15.001 [scheduling-1    ] INFO  UpdateAwardStockJob    - 定时任务，更新奖品消耗库存【延迟队列获取，降低对数据库的更新频次，不要产生竞争】
25-07-07.22:54:20.001 [scheduling-1    ] INFO  UpdateAwardStockJob    - 定时任务，更新奖品消耗库存【延迟队列获取，降低对数据库的更新频次，不要产生竞争】
25-07-07.22:54:25.001 [scheduling-1    ] INFO  UpdateAwardStockJob    - 定时任务，更新奖品消耗库存【延迟队列获取，降低对数据库的更新频次，不要产生竞争】
25-07-07.22:54:30.009 [scheduling-1    ] INFO  UpdateAwardStockJob    - 定时任务，更新奖品消耗库存【延迟队列获取，降低对数据库的更新频次，不要产生竞争】
25-07-07.22:54:35.004 [scheduling-1    ] INFO  UpdateAwardStockJob    - 定时任务，更新奖品消耗库存【延迟队列获取，降低对数据库的更新频次，不要产生竞争】
25-07-07.22:54:40.004 [scheduling-1    ] INFO  UpdateAwardStockJob    - 定时任务，更新奖品消耗库存【延迟队列获取，降低对数据库的更新频次，不要产生竞争】
25-07-07.22:54:45.003 [scheduling-1    ] INFO  UpdateAwardStockJob    - 定时任务，更新奖品消耗库存【延迟队列获取，降低对数据库的更新频次，不要产生竞争】
25-07-07.22:54:50.004 [scheduling-1    ] INFO  UpdateAwardStockJob    - 定时任务，更新奖品消耗库存【延迟队列获取，降低对数据库的更新频次，不要产生竞争】
25-07-07.22:54:55.002 [scheduling-1    ] INFO  UpdateAwardStockJob    - 定时任务，更新奖品消耗库存【延迟队列获取，降低对数据库的更新频次，不要产生竞争】
25-07-07.22:55:00.000 [scheduling-1    ] INFO  UpdateAwardStockJob    - 定时任务，更新奖品消耗库存【延迟队列获取，降低对数据库的更新频次，不要产生竞争】
25-07-07.22:55:05.005 [scheduling-1    ] INFO  UpdateAwardStockJob    - 定时任务，更新奖品消耗库存【延迟队列获取，降低对数据库的更新频次，不要产生竞争】
25-07-07.22:55:10.002 [scheduling-1    ] INFO  UpdateAwardStockJob    - 定时任务，更新奖品消耗库存【延迟队列获取，降低对数据库的更新频次，不要产生竞争】
25-07-07.22:55:15.001 [scheduling-1    ] INFO  UpdateAwardStockJob    - 定时任务，更新奖品消耗库存【延迟队列获取，降低对数据库的更新频次，不要产生竞争】
25-07-07.22:55:20.005 [scheduling-1    ] INFO  UpdateAwardStockJob    - 定时任务，更新奖品消耗库存【延迟队列获取，降低对数据库的更新频次，不要产生竞争】
25-07-07.22:55:25.005 [scheduling-1    ] INFO  UpdateAwardStockJob    - 定时任务，更新奖品消耗库存【延迟队列获取，降低对数据库的更新频次，不要产生竞争】
25-07-07.22:55:30.002 [scheduling-1    ] INFO  UpdateAwardStockJob    - 定时任务，更新奖品消耗库存【延迟队列获取，降低对数据库的更新频次，不要产生竞争】
25-07-07.22:55:35.000 [scheduling-1    ] INFO  UpdateAwardStockJob    - 定时任务，更新奖品消耗库存【延迟队列获取，降低对数据库的更新频次，不要产生竞争】
25-07-07.22:55:40.001 [scheduling-1    ] INFO  UpdateAwardStockJob    - 定时任务，更新奖品消耗库存【延迟队列获取，降低对数据库的更新频次，不要产生竞争】
25-07-07.22:55:45.004 [scheduling-1    ] INFO  UpdateAwardStockJob    - 定时任务，更新奖品消耗库存【延迟队列获取，降低对数据库的更新频次，不要产生竞争】
25-07-07.22:55:50.003 [scheduling-1    ] INFO  UpdateAwardStockJob    - 定时任务，更新奖品消耗库存【延迟队列获取，降低对数据库的更新频次，不要产生竞争】
25-07-07.22:55:55.002 [scheduling-1    ] INFO  UpdateAwardStockJob    - 定时任务，更新奖品消耗库存【延迟队列获取，降低对数据库的更新频次，不要产生竞争】
25-07-07.22:56:00.004 [scheduling-1    ] INFO  UpdateAwardStockJob    - 定时任务，更新奖品消耗库存【延迟队列获取，降低对数据库的更新频次，不要产生竞争】
25-07-07.22:56:05.001 [scheduling-1    ] INFO  UpdateAwardStockJob    - 定时任务，更新奖品消耗库存【延迟队列获取，降低对数据库的更新频次，不要产生竞争】
25-07-07.22:56:10.003 [scheduling-1    ] INFO  UpdateAwardStockJob    - 定时任务，更新奖品消耗库存【延迟队列获取，降低对数据库的更新频次，不要产生竞争】
25-07-07.22:56:15.005 [scheduling-1    ] INFO  UpdateAwardStockJob    - 定时任务，更新奖品消耗库存【延迟队列获取，降低对数据库的更新频次，不要产生竞争】
25-07-07.22:56:20.002 [scheduling-1    ] INFO  UpdateAwardStockJob    - 定时任务，更新奖品消耗库存【延迟队列获取，降低对数据库的更新频次，不要产生竞争】
25-07-07.22:56:25.001 [scheduling-1    ] INFO  UpdateAwardStockJob    - 定时任务，更新奖品消耗库存【延迟队列获取，降低对数据库的更新频次，不要产生竞争】
25-07-07.22:56:30.005 [scheduling-1    ] INFO  UpdateAwardStockJob    - 定时任务，更新奖品消耗库存【延迟队列获取，降低对数据库的更新频次，不要产生竞争】
25-07-07.22:56:35.002 [scheduling-1    ] INFO  UpdateAwardStockJob    - 定时任务，更新奖品消耗库存【延迟队列获取，降低对数据库的更新频次，不要产生竞争】
25-07-07.22:56:40.002 [scheduling-1    ] INFO  UpdateAwardStockJob    - 定时任务，更新奖品消耗库存【延迟队列获取，降低对数据库的更新频次，不要产生竞争】
25-07-07.22:56:45.002 [scheduling-1    ] INFO  UpdateAwardStockJob    - 定时任务，更新奖品消耗库存【延迟队列获取，降低对数据库的更新频次，不要产生竞争】
25-07-07.22:56:50.004 [scheduling-1    ] INFO  UpdateAwardStockJob    - 定时任务，更新奖品消耗库存【延迟队列获取，降低对数据库的更新频次，不要产生竞争】
25-07-07.22:56:55.003 [scheduling-1    ] INFO  UpdateAwardStockJob    - 定时任务，更新奖品消耗库存【延迟队列获取，降低对数据库的更新频次，不要产生竞争】
25-07-07.22:57:00.022 [SpringApplicationShutdownHook] INFO  HikariDataSource       - HikariPool-1 - Shutdown initiated...
25-07-07.22:57:00.024 [SpringApplicationShutdownHook] INFO  HikariDataSource       - HikariPool-1 - Shutdown completed.
25-07-07.23:03:38.307 [main            ] INFO  Application            - Starting Application using Java 1.8.0_452 on xingedeMacBook-Air.local with PID 1241 (/Users/xingeqi/Downloads/untitled1/untitled1-app/target/classes started by xingeqi in /Users/xingeqi/Downloads/untitled1)
25-07-07.23:03:38.308 [main            ] INFO  Application            - The following 1 profile is active: "dev"
25-07-07.23:03:38.660 [main            ] INFO  RepositoryConfigurationDelegate - Multiple Spring Data modules found, entering strict repository configuration mode
25-07-07.23:03:38.661 [main            ] INFO  RepositoryConfigurationDelegate - Bootstrapping Spring Data Redis repositories in DEFAULT mode.
25-07-07.23:03:38.671 [main            ] INFO  RepositoryConfigurationDelegate - Finished Spring Data repository scanning in 5 ms. Found 0 Redis repository interfaces.
25-07-07.23:03:38.859 [main            ] INFO  TomcatWebServer        - Tomcat initialized with port(s): 8091 (http)
25-07-07.23:03:38.862 [main            ] INFO  Http11NioProtocol      - Initializing ProtocolHandler ["http-nio-8091"]
25-07-07.23:03:38.862 [main            ] INFO  StandardService        - Starting service [Tomcat]
25-07-07.23:03:38.862 [main            ] INFO  StandardEngine         - Starting Servlet engine: [Apache Tomcat/9.0.75]
25-07-07.23:03:38.897 [main            ] INFO  [/]                    - Initializing Spring embedded WebApplicationContext
25-07-07.23:03:38.897 [main            ] INFO  ServletWebServerApplicationContext - Root WebApplicationContext: initialization completed in 573 ms
25-07-07.23:03:39.150 [main            ] INFO  Version                - Redisson 3.24.3
25-07-07.23:03:39.159 [main            ] WARN  DnsServerAddressStreamProviders - Can not find io.netty.resolver.dns.macos.MacOSDnsServerAddressStreamProvider in the classpath, fallback to system defaults. This may result in incorrect DNS resolutions on MacOS. Check whether you have a dependency on 'io.netty:netty-resolver-dns-native-macos'
25-07-07.23:03:39.241 [redisson-netty-2-6] INFO  MasterPubSubConnectionPool - 1 connections initialized for 192.168.12.230/192.168.12.230:6399
25-07-07.23:03:39.294 [redisson-netty-2-13] INFO  MasterConnectionPool   - 5 connections initialized for 192.168.12.230/192.168.12.230:6399
25-07-07.23:03:39.629 [main            ] INFO  EndpointLinksResolver  - Exposing 1 endpoint(s) beneath base path '/actuator'
25-07-07.23:03:39.646 [main            ] INFO  Http11NioProtocol      - Starting ProtocolHandler ["http-nio-8091"]
25-07-07.23:03:39.651 [main            ] INFO  TomcatWebServer        - Tomcat started on port(s): 8091 (http) with context path ''
25-07-07.23:03:39.659 [main            ] INFO  Application            - Started Application in 1.554 seconds (JVM running for 1.794)
25-07-07.23:03:40.005 [scheduling-1    ] INFO  UpdateAwardStockJob    - 定时任务，更新奖品消耗库存【延迟队列获取，降低对数据库的更新频次，不要产生竞争】
25-07-07.23:03:40.130 [RMI TCP Connection(5)-127.0.0.1] INFO  HikariDataSource       - HikariPool-1 - Starting...
25-07-07.23:03:40.131 [RMI TCP Connection(4)-127.0.0.1] INFO  [/]                    - Initializing Spring DispatcherServlet 'dispatcherServlet'
25-07-07.23:03:40.131 [RMI TCP Connection(4)-127.0.0.1] INFO  DispatcherServlet      - Initializing Servlet 'dispatcherServlet'
25-07-07.23:03:40.132 [RMI TCP Connection(4)-127.0.0.1] INFO  DispatcherServlet      - Completed initialization in 1 ms
25-07-07.23:03:40.278 [RMI TCP Connection(5)-127.0.0.1] INFO  HikariDataSource       - HikariPool-1 - Start completed.
25-07-07.23:03:42.021 [SpringApplicationShutdownHook] INFO  HikariDataSource       - HikariPool-1 - Shutdown initiated...
25-07-07.23:03:42.023 [SpringApplicationShutdownHook] INFO  HikariDataSource       - HikariPool-1 - Shutdown completed.
25-07-07.23:03:50.212 [main            ] INFO  Application            - Starting Application using Java 1.8.0_452 on xingedeMacBook-Air.local with PID 1265 (/Users/xingeqi/Downloads/untitled1/untitled1-app/target/classes started by xingeqi in /Users/xingeqi/Downloads/untitled1)
25-07-07.23:03:50.213 [main            ] INFO  Application            - The following 1 profile is active: "dev"
25-07-07.23:03:50.524 [main            ] INFO  RepositoryConfigurationDelegate - Multiple Spring Data modules found, entering strict repository configuration mode
25-07-07.23:03:50.525 [main            ] INFO  RepositoryConfigurationDelegate - Bootstrapping Spring Data Redis repositories in DEFAULT mode.
25-07-07.23:03:50.538 [main            ] INFO  RepositoryConfigurationDelegate - Finished Spring Data repository scanning in 9 ms. Found 0 Redis repository interfaces.
25-07-07.23:03:50.712 [main            ] INFO  TomcatWebServer        - Tomcat initialized with port(s): 8091 (http)
25-07-07.23:03:50.714 [main            ] INFO  Http11NioProtocol      - Initializing ProtocolHandler ["http-nio-8091"]
25-07-07.23:03:50.714 [main            ] INFO  StandardService        - Starting service [Tomcat]
25-07-07.23:03:50.714 [main            ] INFO  StandardEngine         - Starting Servlet engine: [Apache Tomcat/9.0.75]
25-07-07.23:03:50.744 [main            ] INFO  [/]                    - Initializing Spring embedded WebApplicationContext
25-07-07.23:03:50.744 [main            ] INFO  ServletWebServerApplicationContext - Root WebApplicationContext: initialization completed in 515 ms
25-07-07.23:03:50.967 [main            ] INFO  Version                - Redisson 3.24.3
25-07-07.23:03:50.974 [main            ] WARN  DnsServerAddressStreamProviders - Can not find io.netty.resolver.dns.macos.MacOSDnsServerAddressStreamProvider in the classpath, fallback to system defaults. This may result in incorrect DNS resolutions on MacOS. Check whether you have a dependency on 'io.netty:netty-resolver-dns-native-macos'
25-07-07.23:03:51.040 [redisson-netty-2-6] INFO  MasterPubSubConnectionPool - 1 connections initialized for 192.168.12.230/192.168.12.230:6399
25-07-07.23:03:51.099 [redisson-netty-2-13] INFO  MasterConnectionPool   - 5 connections initialized for 192.168.12.230/192.168.12.230:6399
25-07-07.23:03:51.407 [main            ] INFO  EndpointLinksResolver  - Exposing 1 endpoint(s) beneath base path '/actuator'
25-07-07.23:03:51.424 [main            ] INFO  Http11NioProtocol      - Starting ProtocolHandler ["http-nio-8091"]
25-07-07.23:03:51.429 [main            ] INFO  TomcatWebServer        - Tomcat started on port(s): 8091 (http) with context path ''
25-07-07.23:03:51.437 [main            ] INFO  Application            - Started Application in 1.397 seconds (JVM running for 1.617)
25-07-07.23:03:51.551 [RMI TCP Connection(1)-127.0.0.1] INFO  HikariDataSource       - HikariPool-1 - Starting...
25-07-07.23:03:51.554 [RMI TCP Connection(2)-127.0.0.1] INFO  [/]                    - Initializing Spring DispatcherServlet 'dispatcherServlet'
25-07-07.23:03:51.554 [RMI TCP Connection(2)-127.0.0.1] INFO  DispatcherServlet      - Initializing Servlet 'dispatcherServlet'
25-07-07.23:03:51.556 [RMI TCP Connection(2)-127.0.0.1] INFO  DispatcherServlet      - Completed initialization in 2 ms
25-07-07.23:03:51.719 [RMI TCP Connection(1)-127.0.0.1] INFO  HikariDataSource       - HikariPool-1 - Start completed.
25-07-07.23:03:55.013 [scheduling-1    ] INFO  UpdateAwardStockJob    - 定时任务，更新奖品消耗库存【延迟队列获取，降低对数据库的更新频次，不要产生竞争】
25-07-07.23:03:58.289 [http-nio-8091-exec-2] INFO  RaffleController       - 查询抽奖奖品列表配开始 strategyId：100006
25-07-07.23:03:58.370 [http-nio-8091-exec-2] INFO  RaffleController       - 查询抽奖奖品列表配置完成 strategyId：100006 response: {"code":"0000","data":[{"awardId":101,"awardTitle":"随机积分","sort":1},{"awardId":102,"awardTitle":"随机积分","sort":1}],"info":"成功"}
25-07-07.23:04:00.011 [scheduling-1    ] INFO  UpdateAwardStockJob    - 定时任务，更新奖品消耗库存【延迟队列获取，降低对数据库的更新频次，不要产生竞争】
25-07-07.23:04:01.839 [http-nio-8091-exec-4] INFO  RaffleController       - 随机抽奖开始 strategyId: 100006
25-07-07.23:04:01.910 [http-nio-8091-exec-4] INFO  BackListLogicChain     - 抽奖责任链—黑名单, userId=system, strategyId=100006, ruleModel=rule_blacklist
25-07-07.23:04:01.929 [http-nio-8091-exec-4] INFO  BackListLogicChain     - 抽奖责任链：黑名单放行 userId=system, strategyId=100006, ruleModel=rule_blacklist
25-07-07.23:04:01.951 [http-nio-8091-exec-4] INFO  DefaultLogChain        - 抽奖责任链—默认处理, userId=system, strategyId=100006, ruleModel=rule_default, awardId=101
25-07-07.23:04:01.952 [http-nio-8091-exec-4] INFO  AbstractRaffleStrategy - 抽奖策略计算-责任链 system 100006 101 rule_default
25-07-07.23:04:02.069 [http-nio-8091-exec-4] INFO  RuleLockLogicTreeNode  - 规则过滤，lock解锁接管了，userid:system,strategyId:100006,awardId:101
25-07-07.23:04:02.070 [http-nio-8091-exec-4] INFO  RuleLuckAwardLogicTreeNode - 规则过滤-兜底奖品 userId:system strategyId:100006 awardId:101 ruleValue:101:1,100
25-07-07.23:04:02.071 [http-nio-8091-exec-4] INFO  RuleLuckAwardLogicTreeNode - 规则过滤-兜底奖品 userId:system strategyId:100006 awardId:101 awardRuleValue:1,100
25-07-07.23:04:02.071 [http-nio-8091-exec-4] INFO  AbstractRaffleStrategy - 抽奖策略计算-规则树 system 100006 101 1,100
25-07-07.23:04:02.082 [http-nio-8091-exec-4] INFO  RaffleController       - 随机抽奖完成 strategyId: 100006 response: {"code":"0000","data":{"awardId":101,"awardIndex":1},"info":"成功"}
25-07-07.23:04:05.001 [scheduling-1    ] INFO  UpdateAwardStockJob    - 定时任务，更新奖品消耗库存【延迟队列获取，降低对数据库的更新频次，不要产生竞争】
25-07-07.23:04:10.005 [scheduling-1    ] INFO  UpdateAwardStockJob    - 定时任务，更新奖品消耗库存【延迟队列获取，降低对数据库的更新频次，不要产生竞争】
25-07-07.23:04:15.000 [scheduling-1    ] INFO  UpdateAwardStockJob    - 定时任务，更新奖品消耗库存【延迟队列获取，降低对数据库的更新频次，不要产生竞争】
25-07-07.23:04:19.797 [http-nio-8091-exec-5] INFO  RaffleController       - 随机抽奖开始 strategyId: 100006
25-07-07.23:04:19.821 [http-nio-8091-exec-5] INFO  BackListLogicChain     - 抽奖责任链—黑名单, userId=system, strategyId=100006, ruleModel=rule_blacklist
25-07-07.23:04:19.829 [http-nio-8091-exec-5] INFO  BackListLogicChain     - 抽奖责任链：黑名单放行 userId=system, strategyId=100006, ruleModel=rule_blacklist
25-07-07.23:04:19.844 [http-nio-8091-exec-5] INFO  DefaultLogChain        - 抽奖责任链—默认处理, userId=system, strategyId=100006, ruleModel=rule_default, awardId=102
25-07-07.23:04:19.844 [http-nio-8091-exec-5] INFO  AbstractRaffleStrategy - 抽奖策略计算-责任链 system 100006 102 rule_default
25-07-07.23:04:19.862 [http-nio-8091-exec-5] INFO  RuleLockLogicTreeNode  - 规则过滤，lock解锁接管了，userid:system,strategyId:100006,awardId:102
25-07-07.23:04:19.863 [http-nio-8091-exec-5] INFO  RuleLuckAwardLogicTreeNode - 规则过滤-兜底奖品 userId:system strategyId:100006 awardId:102 ruleValue:101:1,100
25-07-07.23:04:19.863 [http-nio-8091-exec-5] INFO  RuleLuckAwardLogicTreeNode - 规则过滤-兜底奖品 userId:system strategyId:100006 awardId:101 awardRuleValue:1,100
25-07-07.23:04:19.863 [http-nio-8091-exec-5] INFO  AbstractRaffleStrategy - 抽奖策略计算-规则树 system 100006 101 1,100
25-07-07.23:04:19.872 [http-nio-8091-exec-5] INFO  RaffleController       - 随机抽奖完成 strategyId: 100006 response: {"code":"0000","data":{"awardId":101,"awardIndex":1},"info":"成功"}
25-07-07.23:04:20.005 [scheduling-1    ] INFO  UpdateAwardStockJob    - 定时任务，更新奖品消耗库存【延迟队列获取，降低对数据库的更新频次，不要产生竞争】
25-07-07.23:04:25.001 [scheduling-1    ] INFO  UpdateAwardStockJob    - 定时任务，更新奖品消耗库存【延迟队列获取，降低对数据库的更新频次，不要产生竞争】
25-07-07.23:04:30.005 [scheduling-1    ] INFO  UpdateAwardStockJob    - 定时任务，更新奖品消耗库存【延迟队列获取，降低对数据库的更新频次，不要产生竞争】
25-07-07.23:04:35.004 [scheduling-1    ] INFO  UpdateAwardStockJob    - 定时任务，更新奖品消耗库存【延迟队列获取，降低对数据库的更新频次，不要产生竞争】
25-07-07.23:04:38.660 [SpringApplicationShutdownHook] INFO  HikariDataSource       - HikariPool-1 - Shutdown initiated...
25-07-07.23:04:38.663 [SpringApplicationShutdownHook] INFO  HikariDataSource       - HikariPool-1 - Shutdown completed.
25-07-07.23:06:13.683 [main            ] INFO  Application            - Starting Application using Java 1.8.0_452 on xingedeMacBook-Air.local with PID 1549 (/Users/xingeqi/Downloads/untitled1/untitled1-app/target/classes started by xingeqi in /Users/xingeqi/Downloads/untitled1)
25-07-07.23:06:13.684 [main            ] INFO  Application            - The following 1 profile is active: "dev"
25-07-07.23:06:14.021 [main            ] INFO  RepositoryConfigurationDelegate - Multiple Spring Data modules found, entering strict repository configuration mode
25-07-07.23:06:14.022 [main            ] INFO  RepositoryConfigurationDelegate - Bootstrapping Spring Data Redis repositories in DEFAULT mode.
25-07-07.23:06:14.035 [main            ] INFO  RepositoryConfigurationDelegate - Finished Spring Data repository scanning in 8 ms. Found 0 Redis repository interfaces.
25-07-07.23:06:14.216 [main            ] INFO  TomcatWebServer        - Tomcat initialized with port(s): 8091 (http)
25-07-07.23:06:14.219 [main            ] INFO  Http11NioProtocol      - Initializing ProtocolHandler ["http-nio-8091"]
25-07-07.23:06:14.219 [main            ] INFO  StandardService        - Starting service [Tomcat]
25-07-07.23:06:14.219 [main            ] INFO  StandardEngine         - Starting Servlet engine: [Apache Tomcat/9.0.75]
25-07-07.23:06:14.251 [main            ] INFO  [/]                    - Initializing Spring embedded WebApplicationContext
25-07-07.23:06:14.255 [main            ] INFO  ServletWebServerApplicationContext - Root WebApplicationContext: initialization completed in 551 ms
25-07-07.23:06:14.493 [main            ] INFO  Version                - Redisson 3.24.3
25-07-07.23:06:14.502 [main            ] WARN  DnsServerAddressStreamProviders - Can not find io.netty.resolver.dns.macos.MacOSDnsServerAddressStreamProvider in the classpath, fallback to system defaults. This may result in incorrect DNS resolutions on MacOS. Check whether you have a dependency on 'io.netty:netty-resolver-dns-native-macos'
25-07-07.23:06:14.572 [redisson-netty-2-6] INFO  MasterPubSubConnectionPool - 1 connections initialized for 192.168.12.230/192.168.12.230:6399
25-07-07.23:06:14.617 [redisson-netty-2-13] INFO  MasterConnectionPool   - 5 connections initialized for 192.168.12.230/192.168.12.230:6399
25-07-07.23:06:14.985 [main            ] INFO  EndpointLinksResolver  - Exposing 1 endpoint(s) beneath base path '/actuator'
25-07-07.23:06:15.004 [main            ] INFO  Http11NioProtocol      - Starting ProtocolHandler ["http-nio-8091"]
25-07-07.23:06:15.011 [main            ] INFO  TomcatWebServer        - Tomcat started on port(s): 8091 (http) with context path ''
25-07-07.23:06:15.020 [main            ] INFO  Application            - Started Application in 1.522 seconds (JVM running for 1.776)
25-07-07.23:06:15.523 [RMI TCP Connection(3)-127.0.0.1] INFO  [/]                    - Initializing Spring DispatcherServlet 'dispatcherServlet'
25-07-07.23:06:15.523 [RMI TCP Connection(3)-127.0.0.1] INFO  DispatcherServlet      - Initializing Servlet 'dispatcherServlet'
25-07-07.23:06:15.524 [RMI TCP Connection(3)-127.0.0.1] INFO  DispatcherServlet      - Completed initialization in 1 ms
25-07-07.23:06:15.539 [RMI TCP Connection(2)-127.0.0.1] INFO  HikariDataSource       - HikariPool-1 - Starting...
25-07-07.23:06:15.681 [RMI TCP Connection(2)-127.0.0.1] INFO  HikariDataSource       - HikariPool-1 - Start completed.
25-07-07.23:06:18.935 [http-nio-8091-exec-1] INFO  RaffleController       - 查询抽奖奖品列表配开始 strategyId：100006
25-07-07.23:06:19.086 [http-nio-8091-exec-1] INFO  RaffleController       - 查询抽奖奖品列表配置完成 strategyId：100006 response: {"code":"0000","data":[{"awardId":101,"awardTitle":"随机积分","sort":1},{"awardId":102,"awardTitle":"随机积分","sort":1}],"info":"成功"}
25-07-07.23:06:20.006 [scheduling-1    ] INFO  UpdateAwardStockJob    - 定时任务，更新奖品消耗库存【延迟队列获取，降低对数据库的更新频次，不要产生竞争】
25-07-07.23:06:22.494 [http-nio-8091-exec-2] INFO  RaffleController       - 随机抽奖开始 strategyId: 100006
25-07-07.23:06:22.567 [http-nio-8091-exec-2] INFO  BackListLogicChain     - 抽奖责任链—黑名单, userId=system, strategyId=100006, ruleModel=rule_blacklist
25-07-07.23:06:22.584 [http-nio-8091-exec-2] INFO  BackListLogicChain     - 抽奖责任链：黑名单放行 userId=system, strategyId=100006, ruleModel=rule_blacklist
25-07-07.23:06:22.601 [http-nio-8091-exec-2] INFO  DefaultLogChain        - 抽奖责任链—默认处理, userId=system, strategyId=100006, ruleModel=rule_default, awardId=101
25-07-07.23:06:22.602 [http-nio-8091-exec-2] INFO  AbstractRaffleStrategy - 抽奖策略计算-责任链 system 100006 101 rule_default
25-07-07.23:06:22.628 [http-nio-8091-exec-2] INFO  RuleLockLogicTreeNode  - 规则过滤，lock解锁接管了，userid:system,strategyId:100006,awardId:101
25-07-07.23:06:22.629 [http-nio-8091-exec-2] INFO  RuleLuckAwardLogicTreeNode - 规则过滤-兜底奖品 userId:system strategyId:100006 awardId:101 ruleValue:101:1,100
25-07-07.23:06:22.630 [http-nio-8091-exec-2] INFO  RuleLuckAwardLogicTreeNode - 规则过滤-兜底奖品 userId:system strategyId:100006 awardId:101 awardRuleValue:1,100
25-07-07.23:06:22.630 [http-nio-8091-exec-2] INFO  AbstractRaffleStrategy - 抽奖策略计算-规则树 system 100006 101 1,100
25-07-07.23:06:22.643 [http-nio-8091-exec-2] INFO  RaffleController       - 随机抽奖完成 strategyId: 100006 response: {"code":"0000","data":{"awardId":101,"awardIndex":1},"info":"成功"}
25-07-07.23:06:25.006 [scheduling-1    ] INFO  UpdateAwardStockJob    - 定时任务，更新奖品消耗库存【延迟队列获取，降低对数据库的更新频次，不要产生竞争】
25-07-07.23:06:30.004 [scheduling-1    ] INFO  UpdateAwardStockJob    - 定时任务，更新奖品消耗库存【延迟队列获取，降低对数据库的更新频次，不要产生竞争】
25-07-07.23:06:35.001 [scheduling-1    ] INFO  UpdateAwardStockJob    - 定时任务，更新奖品消耗库存【延迟队列获取，降低对数据库的更新频次，不要产生竞争】
25-07-07.23:06:40.005 [scheduling-1    ] INFO  UpdateAwardStockJob    - 定时任务，更新奖品消耗库存【延迟队列获取，降低对数据库的更新频次，不要产生竞争】
25-07-07.23:06:45.004 [scheduling-1    ] INFO  UpdateAwardStockJob    - 定时任务，更新奖品消耗库存【延迟队列获取，降低对数据库的更新频次，不要产生竞争】
25-07-07.23:06:50.001 [scheduling-1    ] INFO  UpdateAwardStockJob    - 定时任务，更新奖品消耗库存【延迟队列获取，降低对数据库的更新频次，不要产生竞争】
25-07-07.23:06:52.042 [http-nio-8091-exec-5] INFO  RaffleController       - 抽奖装配策略开始, strategyId: 100006
25-07-07.23:06:52.166 [http-nio-8091-exec-5] INFO  RaffleController       - 抽奖装配策略成功, strategyId: 100006
25-07-07.23:06:53.985 [http-nio-8091-exec-6] INFO  RaffleController       - 抽奖装配策略开始, strategyId: 100006
25-07-07.23:06:54.058 [http-nio-8091-exec-6] INFO  RaffleController       - 抽奖装配策略成功, strategyId: 100006
25-07-07.23:06:55.004 [scheduling-1    ] INFO  UpdateAwardStockJob    - 定时任务，更新奖品消耗库存【延迟队列获取，降低对数据库的更新频次，不要产生竞争】
25-07-07.23:06:57.962 [http-nio-8091-exec-7] INFO  RaffleController       - 随机抽奖开始 strategyId: 100006
25-07-07.23:06:57.989 [http-nio-8091-exec-7] INFO  BackListLogicChain     - 抽奖责任链—黑名单, userId=system, strategyId=100006, ruleModel=rule_blacklist
25-07-07.23:06:57.999 [http-nio-8091-exec-7] INFO  BackListLogicChain     - 抽奖责任链：黑名单放行 userId=system, strategyId=100006, ruleModel=rule_blacklist
25-07-07.23:06:58.013 [http-nio-8091-exec-7] INFO  DefaultLogChain        - 抽奖责任链—默认处理, userId=system, strategyId=100006, ruleModel=rule_default, awardId=101
25-07-07.23:06:58.013 [http-nio-8091-exec-7] INFO  AbstractRaffleStrategy - 抽奖策略计算-责任链 system 100006 101 rule_default
25-07-07.23:06:58.066 [http-nio-8091-exec-7] INFO  RuleStockLogicTreeNode - 规则过滤，库存过滤，userid:system,strategyId:100006,awardId:101
25-07-07.23:06:58.124 [http-nio-8091-exec-7] INFO  AbstractRaffleStrategy - 抽奖策略计算-规则树 system 100006 101 
25-07-07.23:06:58.151 [http-nio-8091-exec-7] INFO  RaffleController       - 随机抽奖完成 strategyId: 100006 response: {"code":"0000","data":{"awardId":101,"awardIndex":1},"info":"成功"}
25-07-07.23:07:00.007 [scheduling-1    ] INFO  UpdateAwardStockJob    - 定时任务，更新奖品消耗库存【延迟队列获取，降低对数据库的更新频次，不要产生竞争】
25-07-07.23:07:04.965 [http-nio-8091-exec-8] INFO  RaffleController       - 随机抽奖开始 strategyId: 100006
25-07-07.23:07:04.988 [http-nio-8091-exec-8] INFO  BackListLogicChain     - 抽奖责任链—黑名单, userId=system, strategyId=100006, ruleModel=rule_blacklist
25-07-07.23:07:04.998 [http-nio-8091-exec-8] INFO  BackListLogicChain     - 抽奖责任链：黑名单放行 userId=system, strategyId=100006, ruleModel=rule_blacklist
25-07-07.23:07:05.002 [scheduling-1    ] INFO  UpdateAwardStockJob    - 定时任务，更新奖品消耗库存【延迟队列获取，降低对数据库的更新频次，不要产生竞争】
25-07-07.23:07:05.012 [scheduling-1    ] INFO  UpdateAwardStockJob    - 定时任务，更新奖品消耗库存 strategyId:100006 awardId:101
25-07-07.23:07:05.015 [http-nio-8091-exec-8] INFO  DefaultLogChain        - 抽奖责任链—默认处理, userId=system, strategyId=100006, ruleModel=rule_default, awardId=101
25-07-07.23:07:05.015 [http-nio-8091-exec-8] INFO  AbstractRaffleStrategy - 抽奖策略计算-责任链 system 100006 101 rule_default
25-07-07.23:07:05.036 [http-nio-8091-exec-8] INFO  RuleStockLogicTreeNode - 规则过滤，库存过滤，userid:system,strategyId:100006,awardId:101
25-07-07.23:07:05.060 [http-nio-8091-exec-8] INFO  AbstractRaffleStrategy - 抽奖策略计算-规则树 system 100006 101 
25-07-07.23:07:05.071 [http-nio-8091-exec-8] INFO  RaffleController       - 随机抽奖完成 strategyId: 100006 response: {"code":"0000","data":{"awardId":101,"awardIndex":1},"info":"成功"}
25-07-07.23:07:10.006 [scheduling-1    ] INFO  UpdateAwardStockJob    - 定时任务，更新奖品消耗库存【延迟队列获取，降低对数据库的更新频次，不要产生竞争】
25-07-07.23:07:10.015 [scheduling-1    ] INFO  UpdateAwardStockJob    - 定时任务，更新奖品消耗库存 strategyId:100006 awardId:101
25-07-07.23:07:12.399 [http-nio-8091-exec-9] INFO  RaffleController       - 随机抽奖开始 strategyId: 100006
25-07-07.23:07:12.421 [http-nio-8091-exec-9] INFO  BackListLogicChain     - 抽奖责任链—黑名单, userId=system, strategyId=100006, ruleModel=rule_blacklist
25-07-07.23:07:12.435 [http-nio-8091-exec-9] INFO  BackListLogicChain     - 抽奖责任链：黑名单放行 userId=system, strategyId=100006, ruleModel=rule_blacklist
25-07-07.23:07:12.454 [http-nio-8091-exec-9] INFO  DefaultLogChain        - 抽奖责任链—默认处理, userId=system, strategyId=100006, ruleModel=rule_default, awardId=102
25-07-07.23:07:12.454 [http-nio-8091-exec-9] INFO  AbstractRaffleStrategy - 抽奖策略计算-责任链 system 100006 102 rule_default
25-07-07.23:07:12.476 [http-nio-8091-exec-9] INFO  RuleStockLogicTreeNode - 规则过滤，库存过滤，userid:system,strategyId:100006,awardId:102
25-07-07.23:07:12.497 [http-nio-8091-exec-9] INFO  AbstractRaffleStrategy - 抽奖策略计算-规则树 system 100006 102 
25-07-07.23:07:12.635 [http-nio-8091-exec-9] INFO  RaffleController       - 随机抽奖完成 strategyId: 100006 response: {"code":"0000","data":{"awardId":102,"awardIndex":1},"info":"成功"}
25-07-07.23:07:15.002 [scheduling-1    ] INFO  UpdateAwardStockJob    - 定时任务，更新奖品消耗库存【延迟队列获取，降低对数据库的更新频次，不要产生竞争】
25-07-07.23:07:20.005 [scheduling-1    ] INFO  UpdateAwardStockJob    - 定时任务，更新奖品消耗库存【延迟队列获取，降低对数据库的更新频次，不要产生竞争】
25-07-07.23:07:20.013 [scheduling-1    ] INFO  UpdateAwardStockJob    - 定时任务，更新奖品消耗库存 strategyId:100006 awardId:102
25-07-07.23:07:25.002 [scheduling-1    ] INFO  UpdateAwardStockJob    - 定时任务，更新奖品消耗库存【延迟队列获取，降低对数据库的更新频次，不要产生竞争】
25-07-07.23:07:30.001 [scheduling-1    ] INFO  UpdateAwardStockJob    - 定时任务，更新奖品消耗库存【延迟队列获取，降低对数据库的更新频次，不要产生竞争】
25-07-07.23:07:35.001 [scheduling-1    ] INFO  UpdateAwardStockJob    - 定时任务，更新奖品消耗库存【延迟队列获取，降低对数据库的更新频次，不要产生竞争】
25-07-07.23:07:40.003 [scheduling-1    ] INFO  UpdateAwardStockJob    - 定时任务，更新奖品消耗库存【延迟队列获取，降低对数据库的更新频次，不要产生竞争】
25-07-07.23:07:40.839 [http-nio-8091-exec-10] INFO  RaffleController       - 随机抽奖开始 strategyId: 100006
25-07-07.23:07:40.867 [http-nio-8091-exec-10] INFO  BackListLogicChain     - 抽奖责任链—黑名单, userId=system, strategyId=100006, ruleModel=rule_blacklist
25-07-07.23:07:40.878 [http-nio-8091-exec-10] INFO  BackListLogicChain     - 抽奖责任链：黑名单放行 userId=system, strategyId=100006, ruleModel=rule_blacklist
25-07-07.23:07:40.891 [http-nio-8091-exec-10] INFO  DefaultLogChain        - 抽奖责任链—默认处理, userId=system, strategyId=100006, ruleModel=rule_default, awardId=102
25-07-07.23:07:40.891 [http-nio-8091-exec-10] INFO  AbstractRaffleStrategy - 抽奖策略计算-责任链 system 100006 102 rule_default
25-07-07.23:07:40.908 [http-nio-8091-exec-10] INFO  RuleStockLogicTreeNode - 规则过滤，库存过滤，userid:system,strategyId:100006,awardId:102
25-07-07.23:07:40.939 [http-nio-8091-exec-10] INFO  AbstractRaffleStrategy - 抽奖策略计算-规则树 system 100006 102 
25-07-07.23:07:40.948 [http-nio-8091-exec-10] INFO  RaffleController       - 随机抽奖完成 strategyId: 100006 response: {"code":"0000","data":{"awardId":102,"awardIndex":1},"info":"成功"}
25-07-07.23:07:45.003 [scheduling-1    ] INFO  UpdateAwardStockJob    - 定时任务，更新奖品消耗库存【延迟队列获取，降低对数据库的更新频次，不要产生竞争】
25-07-07.23:07:45.010 [scheduling-1    ] INFO  UpdateAwardStockJob    - 定时任务，更新奖品消耗库存 strategyId:100006 awardId:102
25-07-07.23:07:49.251 [http-nio-8091-exec-11] INFO  RaffleController       - 随机抽奖开始 strategyId: 100006
25-07-07.23:07:49.281 [http-nio-8091-exec-11] INFO  BackListLogicChain     - 抽奖责任链—黑名单, userId=system, strategyId=100006, ruleModel=rule_blacklist
25-07-07.23:07:49.288 [http-nio-8091-exec-11] INFO  BackListLogicChain     - 抽奖责任链：黑名单放行 userId=system, strategyId=100006, ruleModel=rule_blacklist
25-07-07.23:07:49.301 [http-nio-8091-exec-11] INFO  DefaultLogChain        - 抽奖责任链—默认处理, userId=system, strategyId=100006, ruleModel=rule_default, awardId=102
25-07-07.23:07:49.301 [http-nio-8091-exec-11] INFO  AbstractRaffleStrategy - 抽奖策略计算-责任链 system 100006 102 rule_default
25-07-07.23:07:49.318 [http-nio-8091-exec-11] INFO  RuleStockLogicTreeNode - 规则过滤，库存过滤，userid:system,strategyId:100006,awardId:102
25-07-07.23:07:49.336 [http-nio-8091-exec-11] INFO  AbstractRaffleStrategy - 抽奖策略计算-规则树 system 100006 102 
25-07-07.23:07:49.345 [http-nio-8091-exec-11] INFO  RaffleController       - 随机抽奖完成 strategyId: 100006 response: {"code":"0000","data":{"awardId":102,"awardIndex":1},"info":"成功"}
25-07-07.23:07:50.008 [scheduling-1    ] INFO  UpdateAwardStockJob    - 定时任务，更新奖品消耗库存【延迟队列获取，降低对数据库的更新频次，不要产生竞争】
25-07-07.23:07:55.003 [scheduling-1    ] INFO  UpdateAwardStockJob    - 定时任务，更新奖品消耗库存【延迟队列获取，降低对数据库的更新频次，不要产生竞争】
25-07-07.23:07:55.016 [scheduling-1    ] INFO  UpdateAwardStockJob    - 定时任务，更新奖品消耗库存 strategyId:100006 awardId:102
25-07-07.23:07:59.732 [http-nio-8091-exec-12] INFO  RaffleController       - 随机抽奖开始 strategyId: 100006
25-07-07.23:07:59.757 [http-nio-8091-exec-12] INFO  BackListLogicChain     - 抽奖责任链—黑名单, userId=system, strategyId=100006, ruleModel=rule_blacklist
25-07-07.23:07:59.764 [http-nio-8091-exec-12] INFO  BackListLogicChain     - 抽奖责任链：黑名单放行 userId=system, strategyId=100006, ruleModel=rule_blacklist
25-07-07.23:07:59.776 [http-nio-8091-exec-12] INFO  DefaultLogChain        - 抽奖责任链—默认处理, userId=system, strategyId=100006, ruleModel=rule_default, awardId=101
25-07-07.23:07:59.777 [http-nio-8091-exec-12] INFO  AbstractRaffleStrategy - 抽奖策略计算-责任链 system 100006 101 rule_default
25-07-07.23:07:59.792 [http-nio-8091-exec-12] INFO  RuleStockLogicTreeNode - 规则过滤，库存过滤，userid:system,strategyId:100006,awardId:101
25-07-07.23:07:59.810 [http-nio-8091-exec-12] INFO  AbstractRaffleStrategy - 抽奖策略计算-规则树 system 100006 101 
25-07-07.23:07:59.818 [http-nio-8091-exec-12] INFO  RaffleController       - 随机抽奖完成 strategyId: 100006 response: {"code":"0000","data":{"awardId":101,"awardIndex":1},"info":"成功"}
25-07-07.23:08:00.005 [scheduling-1    ] INFO  UpdateAwardStockJob    - 定时任务，更新奖品消耗库存【延迟队列获取，降低对数据库的更新频次，不要产生竞争】
25-07-07.23:08:05.005 [scheduling-1    ] INFO  UpdateAwardStockJob    - 定时任务，更新奖品消耗库存【延迟队列获取，降低对数据库的更新频次，不要产生竞争】
25-07-07.23:08:05.016 [scheduling-1    ] INFO  UpdateAwardStockJob    - 定时任务，更新奖品消耗库存 strategyId:100006 awardId:101
25-07-07.23:08:10.005 [scheduling-1    ] INFO  UpdateAwardStockJob    - 定时任务，更新奖品消耗库存【延迟队列获取，降低对数据库的更新频次，不要产生竞争】
25-07-07.23:08:15.002 [scheduling-1    ] INFO  UpdateAwardStockJob    - 定时任务，更新奖品消耗库存【延迟队列获取，降低对数据库的更新频次，不要产生竞争】
25-07-07.23:08:20.003 [scheduling-1    ] INFO  UpdateAwardStockJob    - 定时任务，更新奖品消耗库存【延迟队列获取，降低对数据库的更新频次，不要产生竞争】
25-07-07.23:08:25.018 [scheduling-1    ] INFO  UpdateAwardStockJob    - 定时任务，更新奖品消耗库存【延迟队列获取，降低对数据库的更新频次，不要产生竞争】
25-07-07.23:08:30.006 [scheduling-1    ] INFO  UpdateAwardStockJob    - 定时任务，更新奖品消耗库存【延迟队列获取，降低对数据库的更新频次，不要产生竞争】
25-07-07.23:08:35.002 [scheduling-1    ] INFO  UpdateAwardStockJob    - 定时任务，更新奖品消耗库存【延迟队列获取，降低对数据库的更新频次，不要产生竞争】
25-07-07.23:08:40.004 [scheduling-1    ] INFO  UpdateAwardStockJob    - 定时任务，更新奖品消耗库存【延迟队列获取，降低对数据库的更新频次，不要产生竞争】
25-07-07.23:08:45.005 [scheduling-1    ] INFO  UpdateAwardStockJob    - 定时任务，更新奖品消耗库存【延迟队列获取，降低对数据库的更新频次，不要产生竞争】
25-07-07.23:08:50.001 [scheduling-1    ] INFO  UpdateAwardStockJob    - 定时任务，更新奖品消耗库存【延迟队列获取，降低对数据库的更新频次，不要产生竞争】
25-07-07.23:08:55.005 [scheduling-1    ] INFO  UpdateAwardStockJob    - 定时任务，更新奖品消耗库存【延迟队列获取，降低对数据库的更新频次，不要产生竞争】
25-07-07.23:09:00.003 [scheduling-1    ] INFO  UpdateAwardStockJob    - 定时任务，更新奖品消耗库存【延迟队列获取，降低对数据库的更新频次，不要产生竞争】
25-07-07.23:09:05.001 [scheduling-1    ] INFO  UpdateAwardStockJob    - 定时任务，更新奖品消耗库存【延迟队列获取，降低对数据库的更新频次，不要产生竞争】
25-07-07.23:09:10.001 [scheduling-1    ] INFO  UpdateAwardStockJob    - 定时任务，更新奖品消耗库存【延迟队列获取，降低对数据库的更新频次，不要产生竞争】
25-07-07.23:09:15.004 [scheduling-1    ] INFO  UpdateAwardStockJob    - 定时任务，更新奖品消耗库存【延迟队列获取，降低对数据库的更新频次，不要产生竞争】
25-07-07.23:09:20.003 [scheduling-1    ] INFO  UpdateAwardStockJob    - 定时任务，更新奖品消耗库存【延迟队列获取，降低对数据库的更新频次，不要产生竞争】
25-07-07.23:09:25.002 [scheduling-1    ] INFO  UpdateAwardStockJob    - 定时任务，更新奖品消耗库存【延迟队列获取，降低对数据库的更新频次，不要产生竞争】
25-07-07.23:09:30.005 [scheduling-1    ] INFO  UpdateAwardStockJob    - 定时任务，更新奖品消耗库存【延迟队列获取，降低对数据库的更新频次，不要产生竞争】
25-07-07.23:09:35.000 [scheduling-1    ] INFO  UpdateAwardStockJob    - 定时任务，更新奖品消耗库存【延迟队列获取，降低对数据库的更新频次，不要产生竞争】
25-07-07.23:09:40.002 [scheduling-1    ] INFO  UpdateAwardStockJob    - 定时任务，更新奖品消耗库存【延迟队列获取，降低对数据库的更新频次，不要产生竞争】
25-07-07.23:09:45.004 [scheduling-1    ] INFO  UpdateAwardStockJob    - 定时任务，更新奖品消耗库存【延迟队列获取，降低对数据库的更新频次，不要产生竞争】
25-07-07.23:09:50.006 [scheduling-1    ] INFO  UpdateAwardStockJob    - 定时任务，更新奖品消耗库存【延迟队列获取，降低对数据库的更新频次，不要产生竞争】
25-07-07.23:09:55.005 [scheduling-1    ] INFO  UpdateAwardStockJob    - 定时任务，更新奖品消耗库存【延迟队列获取，降低对数据库的更新频次，不要产生竞争】
25-07-07.23:10:00.005 [scheduling-1    ] INFO  UpdateAwardStockJob    - 定时任务，更新奖品消耗库存【延迟队列获取，降低对数据库的更新频次，不要产生竞争】
25-07-07.23:10:05.005 [scheduling-1    ] INFO  UpdateAwardStockJob    - 定时任务，更新奖品消耗库存【延迟队列获取，降低对数据库的更新频次，不要产生竞争】
25-07-07.23:10:10.005 [scheduling-1    ] INFO  UpdateAwardStockJob    - 定时任务，更新奖品消耗库存【延迟队列获取，降低对数据库的更新频次，不要产生竞争】
25-07-07.23:10:15.000 [scheduling-1    ] INFO  UpdateAwardStockJob    - 定时任务，更新奖品消耗库存【延迟队列获取，降低对数据库的更新频次，不要产生竞争】
25-07-07.23:10:20.001 [scheduling-1    ] INFO  UpdateAwardStockJob    - 定时任务，更新奖品消耗库存【延迟队列获取，降低对数据库的更新频次，不要产生竞争】
25-07-07.23:10:25.003 [scheduling-1    ] INFO  UpdateAwardStockJob    - 定时任务，更新奖品消耗库存【延迟队列获取，降低对数据库的更新频次，不要产生竞争】
25-07-07.23:10:30.005 [scheduling-1    ] INFO  UpdateAwardStockJob    - 定时任务，更新奖品消耗库存【延迟队列获取，降低对数据库的更新频次，不要产生竞争】
25-07-07.23:10:35.006 [scheduling-1    ] INFO  UpdateAwardStockJob    - 定时任务，更新奖品消耗库存【延迟队列获取，降低对数据库的更新频次，不要产生竞争】
25-07-07.23:10:40.002 [scheduling-1    ] INFO  UpdateAwardStockJob    - 定时任务，更新奖品消耗库存【延迟队列获取，降低对数据库的更新频次，不要产生竞争】
25-07-07.23:10:45.005 [scheduling-1    ] INFO  UpdateAwardStockJob    - 定时任务，更新奖品消耗库存【延迟队列获取，降低对数据库的更新频次，不要产生竞争】
25-07-07.23:10:50.005 [scheduling-1    ] INFO  UpdateAwardStockJob    - 定时任务，更新奖品消耗库存【延迟队列获取，降低对数据库的更新频次，不要产生竞争】
25-07-07.23:10:55.001 [scheduling-1    ] INFO  UpdateAwardStockJob    - 定时任务，更新奖品消耗库存【延迟队列获取，降低对数据库的更新频次，不要产生竞争】
25-07-07.23:11:00.003 [scheduling-1    ] INFO  UpdateAwardStockJob    - 定时任务，更新奖品消耗库存【延迟队列获取，降低对数据库的更新频次，不要产生竞争】
25-07-07.23:11:05.005 [scheduling-1    ] INFO  UpdateAwardStockJob    - 定时任务，更新奖品消耗库存【延迟队列获取，降低对数据库的更新频次，不要产生竞争】
25-07-07.23:11:10.001 [scheduling-1    ] INFO  UpdateAwardStockJob    - 定时任务，更新奖品消耗库存【延迟队列获取，降低对数据库的更新频次，不要产生竞争】
25-07-07.23:11:15.005 [scheduling-1    ] INFO  UpdateAwardStockJob    - 定时任务，更新奖品消耗库存【延迟队列获取，降低对数据库的更新频次，不要产生竞争】
25-07-07.23:11:20.002 [scheduling-1    ] INFO  UpdateAwardStockJob    - 定时任务，更新奖品消耗库存【延迟队列获取，降低对数据库的更新频次，不要产生竞争】
25-07-07.23:11:25.005 [scheduling-1    ] INFO  UpdateAwardStockJob    - 定时任务，更新奖品消耗库存【延迟队列获取，降低对数据库的更新频次，不要产生竞争】
25-07-07.23:11:30.005 [scheduling-1    ] INFO  UpdateAwardStockJob    - 定时任务，更新奖品消耗库存【延迟队列获取，降低对数据库的更新频次，不要产生竞争】
25-07-07.23:11:35.005 [scheduling-1    ] INFO  UpdateAwardStockJob    - 定时任务，更新奖品消耗库存【延迟队列获取，降低对数据库的更新频次，不要产生竞争】
25-07-07.23:11:40.003 [scheduling-1    ] INFO  UpdateAwardStockJob    - 定时任务，更新奖品消耗库存【延迟队列获取，降低对数据库的更新频次，不要产生竞争】
25-07-07.23:11:45.004 [scheduling-1    ] INFO  UpdateAwardStockJob    - 定时任务，更新奖品消耗库存【延迟队列获取，降低对数据库的更新频次，不要产生竞争】
25-07-07.23:11:50.002 [scheduling-1    ] INFO  UpdateAwardStockJob    - 定时任务，更新奖品消耗库存【延迟队列获取，降低对数据库的更新频次，不要产生竞争】
25-07-07.23:11:55.002 [scheduling-1    ] INFO  UpdateAwardStockJob    - 定时任务，更新奖品消耗库存【延迟队列获取，降低对数据库的更新频次，不要产生竞争】
25-07-07.23:12:00.006 [scheduling-1    ] INFO  UpdateAwardStockJob    - 定时任务，更新奖品消耗库存【延迟队列获取，降低对数据库的更新频次，不要产生竞争】
25-07-07.23:12:05.002 [scheduling-1    ] INFO  UpdateAwardStockJob    - 定时任务，更新奖品消耗库存【延迟队列获取，降低对数据库的更新频次，不要产生竞争】
25-07-07.23:12:10.005 [scheduling-1    ] INFO  UpdateAwardStockJob    - 定时任务，更新奖品消耗库存【延迟队列获取，降低对数据库的更新频次，不要产生竞争】
25-07-07.23:12:15.002 [scheduling-1    ] INFO  UpdateAwardStockJob    - 定时任务，更新奖品消耗库存【延迟队列获取，降低对数据库的更新频次，不要产生竞争】
25-07-07.23:12:20.003 [scheduling-1    ] INFO  UpdateAwardStockJob    - 定时任务，更新奖品消耗库存【延迟队列获取，降低对数据库的更新频次，不要产生竞争】
25-07-07.23:12:25.004 [scheduling-1    ] INFO  UpdateAwardStockJob    - 定时任务，更新奖品消耗库存【延迟队列获取，降低对数据库的更新频次，不要产生竞争】
25-07-07.23:12:30.002 [scheduling-1    ] INFO  UpdateAwardStockJob    - 定时任务，更新奖品消耗库存【延迟队列获取，降低对数据库的更新频次，不要产生竞争】
25-07-07.23:12:35.001 [scheduling-1    ] INFO  UpdateAwardStockJob    - 定时任务，更新奖品消耗库存【延迟队列获取，降低对数据库的更新频次，不要产生竞争】
25-07-07.23:12:40.005 [scheduling-1    ] INFO  UpdateAwardStockJob    - 定时任务，更新奖品消耗库存【延迟队列获取，降低对数据库的更新频次，不要产生竞争】
25-07-07.23:12:45.002 [scheduling-1    ] INFO  UpdateAwardStockJob    - 定时任务，更新奖品消耗库存【延迟队列获取，降低对数据库的更新频次，不要产生竞争】
25-07-07.23:12:50.000 [scheduling-1    ] INFO  UpdateAwardStockJob    - 定时任务，更新奖品消耗库存【延迟队列获取，降低对数据库的更新频次，不要产生竞争】
25-07-07.23:12:55.005 [scheduling-1    ] INFO  UpdateAwardStockJob    - 定时任务，更新奖品消耗库存【延迟队列获取，降低对数据库的更新频次，不要产生竞争】
25-07-07.23:13:00.001 [scheduling-1    ] INFO  UpdateAwardStockJob    - 定时任务，更新奖品消耗库存【延迟队列获取，降低对数据库的更新频次，不要产生竞争】
25-07-07.23:13:05.004 [scheduling-1    ] INFO  UpdateAwardStockJob    - 定时任务，更新奖品消耗库存【延迟队列获取，降低对数据库的更新频次，不要产生竞争】
25-07-07.23:13:10.001 [scheduling-1    ] INFO  UpdateAwardStockJob    - 定时任务，更新奖品消耗库存【延迟队列获取，降低对数据库的更新频次，不要产生竞争】
25-07-07.23:13:15.005 [scheduling-1    ] INFO  UpdateAwardStockJob    - 定时任务，更新奖品消耗库存【延迟队列获取，降低对数据库的更新频次，不要产生竞争】
25-07-07.23:13:20.004 [scheduling-1    ] INFO  UpdateAwardStockJob    - 定时任务，更新奖品消耗库存【延迟队列获取，降低对数据库的更新频次，不要产生竞争】
25-07-07.23:13:25.000 [scheduling-1    ] INFO  UpdateAwardStockJob    - 定时任务，更新奖品消耗库存【延迟队列获取，降低对数据库的更新频次，不要产生竞争】
25-07-07.23:13:30.001 [scheduling-1    ] INFO  UpdateAwardStockJob    - 定时任务，更新奖品消耗库存【延迟队列获取，降低对数据库的更新频次，不要产生竞争】
25-07-07.23:13:35.005 [scheduling-1    ] INFO  UpdateAwardStockJob    - 定时任务，更新奖品消耗库存【延迟队列获取，降低对数据库的更新频次，不要产生竞争】
25-07-07.23:13:40.005 [scheduling-1    ] INFO  UpdateAwardStockJob    - 定时任务，更新奖品消耗库存【延迟队列获取，降低对数据库的更新频次，不要产生竞争】
25-07-07.23:13:45.000 [scheduling-1    ] INFO  UpdateAwardStockJob    - 定时任务，更新奖品消耗库存【延迟队列获取，降低对数据库的更新频次，不要产生竞争】
25-07-07.23:13:50.001 [scheduling-1    ] INFO  UpdateAwardStockJob    - 定时任务，更新奖品消耗库存【延迟队列获取，降低对数据库的更新频次，不要产生竞争】
25-07-07.23:13:55.006 [scheduling-1    ] INFO  UpdateAwardStockJob    - 定时任务，更新奖品消耗库存【延迟队列获取，降低对数据库的更新频次，不要产生竞争】
25-07-07.23:14:00.002 [scheduling-1    ] INFO  UpdateAwardStockJob    - 定时任务，更新奖品消耗库存【延迟队列获取，降低对数据库的更新频次，不要产生竞争】
25-07-07.23:14:05.005 [scheduling-1    ] INFO  UpdateAwardStockJob    - 定时任务，更新奖品消耗库存【延迟队列获取，降低对数据库的更新频次，不要产生竞争】
25-07-07.23:14:10.001 [scheduling-1    ] INFO  UpdateAwardStockJob    - 定时任务，更新奖品消耗库存【延迟队列获取，降低对数据库的更新频次，不要产生竞争】
25-07-07.23:14:15.001 [scheduling-1    ] INFO  UpdateAwardStockJob    - 定时任务，更新奖品消耗库存【延迟队列获取，降低对数据库的更新频次，不要产生竞争】
25-07-07.23:14:20.005 [scheduling-1    ] INFO  UpdateAwardStockJob    - 定时任务，更新奖品消耗库存【延迟队列获取，降低对数据库的更新频次，不要产生竞争】
25-07-07.23:14:25.003 [scheduling-1    ] INFO  UpdateAwardStockJob    - 定时任务，更新奖品消耗库存【延迟队列获取，降低对数据库的更新频次，不要产生竞争】
25-07-07.23:14:30.004 [scheduling-1    ] INFO  UpdateAwardStockJob    - 定时任务，更新奖品消耗库存【延迟队列获取，降低对数据库的更新频次，不要产生竞争】
25-07-07.23:14:35.006 [scheduling-1    ] INFO  UpdateAwardStockJob    - 定时任务，更新奖品消耗库存【延迟队列获取，降低对数据库的更新频次，不要产生竞争】
25-07-07.23:14:40.006 [scheduling-1    ] INFO  UpdateAwardStockJob    - 定时任务，更新奖品消耗库存【延迟队列获取，降低对数据库的更新频次，不要产生竞争】
25-07-07.23:14:45.002 [scheduling-1    ] INFO  UpdateAwardStockJob    - 定时任务，更新奖品消耗库存【延迟队列获取，降低对数据库的更新频次，不要产生竞争】
25-07-07.23:14:50.004 [scheduling-1    ] INFO  UpdateAwardStockJob    - 定时任务，更新奖品消耗库存【延迟队列获取，降低对数据库的更新频次，不要产生竞争】
25-07-07.23:14:55.001 [scheduling-1    ] INFO  UpdateAwardStockJob    - 定时任务，更新奖品消耗库存【延迟队列获取，降低对数据库的更新频次，不要产生竞争】
25-07-07.23:15:00.001 [scheduling-1    ] INFO  UpdateAwardStockJob    - 定时任务，更新奖品消耗库存【延迟队列获取，降低对数据库的更新频次，不要产生竞争】
25-07-07.23:15:05.004 [scheduling-1    ] INFO  UpdateAwardStockJob    - 定时任务，更新奖品消耗库存【延迟队列获取，降低对数据库的更新频次，不要产生竞争】
25-07-07.23:15:10.001 [scheduling-1    ] INFO  UpdateAwardStockJob    - 定时任务，更新奖品消耗库存【延迟队列获取，降低对数据库的更新频次，不要产生竞争】
25-07-07.23:15:15.005 [scheduling-1    ] INFO  UpdateAwardStockJob    - 定时任务，更新奖品消耗库存【延迟队列获取，降低对数据库的更新频次，不要产生竞争】
25-07-07.23:15:20.001 [scheduling-1    ] INFO  UpdateAwardStockJob    - 定时任务，更新奖品消耗库存【延迟队列获取，降低对数据库的更新频次，不要产生竞争】
25-07-07.23:15:25.003 [scheduling-1    ] INFO  UpdateAwardStockJob    - 定时任务，更新奖品消耗库存【延迟队列获取，降低对数据库的更新频次，不要产生竞争】
25-07-07.23:15:30.000 [scheduling-1    ] INFO  UpdateAwardStockJob    - 定时任务，更新奖品消耗库存【延迟队列获取，降低对数据库的更新频次，不要产生竞争】
25-07-07.23:15:35.005 [scheduling-1    ] INFO  UpdateAwardStockJob    - 定时任务，更新奖品消耗库存【延迟队列获取，降低对数据库的更新频次，不要产生竞争】
25-07-07.23:15:40.003 [scheduling-1    ] INFO  UpdateAwardStockJob    - 定时任务，更新奖品消耗库存【延迟队列获取，降低对数据库的更新频次，不要产生竞争】
25-07-07.23:15:45.005 [scheduling-1    ] INFO  UpdateAwardStockJob    - 定时任务，更新奖品消耗库存【延迟队列获取，降低对数据库的更新频次，不要产生竞争】
25-07-07.23:15:50.005 [scheduling-1    ] INFO  UpdateAwardStockJob    - 定时任务，更新奖品消耗库存【延迟队列获取，降低对数据库的更新频次，不要产生竞争】
25-07-07.23:15:55.005 [scheduling-1    ] INFO  UpdateAwardStockJob    - 定时任务，更新奖品消耗库存【延迟队列获取，降低对数据库的更新频次，不要产生竞争】
25-07-07.23:16:00.002 [scheduling-1    ] INFO  UpdateAwardStockJob    - 定时任务，更新奖品消耗库存【延迟队列获取，降低对数据库的更新频次，不要产生竞争】
25-07-07.23:16:05.004 [scheduling-1    ] INFO  UpdateAwardStockJob    - 定时任务，更新奖品消耗库存【延迟队列获取，降低对数据库的更新频次，不要产生竞争】
25-07-07.23:16:10.005 [scheduling-1    ] INFO  UpdateAwardStockJob    - 定时任务，更新奖品消耗库存【延迟队列获取，降低对数据库的更新频次，不要产生竞争】
25-07-07.23:16:15.002 [scheduling-1    ] INFO  UpdateAwardStockJob    - 定时任务，更新奖品消耗库存【延迟队列获取，降低对数据库的更新频次，不要产生竞争】
25-07-07.23:16:20.000 [scheduling-1    ] INFO  UpdateAwardStockJob    - 定时任务，更新奖品消耗库存【延迟队列获取，降低对数据库的更新频次，不要产生竞争】
25-07-07.23:16:25.002 [scheduling-1    ] INFO  UpdateAwardStockJob    - 定时任务，更新奖品消耗库存【延迟队列获取，降低对数据库的更新频次，不要产生竞争】
25-07-07.23:16:30.005 [scheduling-1    ] INFO  UpdateAwardStockJob    - 定时任务，更新奖品消耗库存【延迟队列获取，降低对数据库的更新频次，不要产生竞争】
25-07-07.23:16:35.005 [scheduling-1    ] INFO  UpdateAwardStockJob    - 定时任务，更新奖品消耗库存【延迟队列获取，降低对数据库的更新频次，不要产生竞争】
25-07-07.23:16:40.001 [scheduling-1    ] INFO  UpdateAwardStockJob    - 定时任务，更新奖品消耗库存【延迟队列获取，降低对数据库的更新频次，不要产生竞争】
25-07-07.23:16:45.005 [scheduling-1    ] INFO  UpdateAwardStockJob    - 定时任务，更新奖品消耗库存【延迟队列获取，降低对数据库的更新频次，不要产生竞争】
25-07-07.23:16:50.003 [scheduling-1    ] INFO  UpdateAwardStockJob    - 定时任务，更新奖品消耗库存【延迟队列获取，降低对数据库的更新频次，不要产生竞争】
25-07-07.23:16:55.005 [scheduling-1    ] INFO  UpdateAwardStockJob    - 定时任务，更新奖品消耗库存【延迟队列获取，降低对数据库的更新频次，不要产生竞争】
25-07-07.23:17:00.001 [scheduling-1    ] INFO  UpdateAwardStockJob    - 定时任务，更新奖品消耗库存【延迟队列获取，降低对数据库的更新频次，不要产生竞争】
25-07-07.23:17:05.001 [scheduling-1    ] INFO  UpdateAwardStockJob    - 定时任务，更新奖品消耗库存【延迟队列获取，降低对数据库的更新频次，不要产生竞争】
25-07-07.23:17:10.001 [scheduling-1    ] INFO  UpdateAwardStockJob    - 定时任务，更新奖品消耗库存【延迟队列获取，降低对数据库的更新频次，不要产生竞争】
25-07-07.23:17:15.004 [scheduling-1    ] INFO  UpdateAwardStockJob    - 定时任务，更新奖品消耗库存【延迟队列获取，降低对数据库的更新频次，不要产生竞争】
25-07-07.23:17:20.002 [scheduling-1    ] INFO  UpdateAwardStockJob    - 定时任务，更新奖品消耗库存【延迟队列获取，降低对数据库的更新频次，不要产生竞争】
25-07-07.23:17:25.004 [scheduling-1    ] INFO  UpdateAwardStockJob    - 定时任务，更新奖品消耗库存【延迟队列获取，降低对数据库的更新频次，不要产生竞争】
25-07-07.23:17:30.005 [scheduling-1    ] INFO  UpdateAwardStockJob    - 定时任务，更新奖品消耗库存【延迟队列获取，降低对数据库的更新频次，不要产生竞争】
25-07-07.23:17:35.005 [scheduling-1    ] INFO  UpdateAwardStockJob    - 定时任务，更新奖品消耗库存【延迟队列获取，降低对数据库的更新频次，不要产生竞争】
25-07-07.23:17:40.000 [scheduling-1    ] INFO  UpdateAwardStockJob    - 定时任务，更新奖品消耗库存【延迟队列获取，降低对数据库的更新频次，不要产生竞争】
25-07-07.23:17:45.003 [scheduling-1    ] INFO  UpdateAwardStockJob    - 定时任务，更新奖品消耗库存【延迟队列获取，降低对数据库的更新频次，不要产生竞争】
25-07-07.23:17:50.005 [scheduling-1    ] INFO  UpdateAwardStockJob    - 定时任务，更新奖品消耗库存【延迟队列获取，降低对数据库的更新频次，不要产生竞争】
25-07-07.23:17:55.005 [scheduling-1    ] INFO  UpdateAwardStockJob    - 定时任务，更新奖品消耗库存【延迟队列获取，降低对数据库的更新频次，不要产生竞争】
25-07-07.23:18:00.002 [scheduling-1    ] INFO  UpdateAwardStockJob    - 定时任务，更新奖品消耗库存【延迟队列获取，降低对数据库的更新频次，不要产生竞争】
25-07-07.23:18:05.005 [scheduling-1    ] INFO  UpdateAwardStockJob    - 定时任务，更新奖品消耗库存【延迟队列获取，降低对数据库的更新频次，不要产生竞争】
25-07-07.23:18:10.003 [scheduling-1    ] INFO  UpdateAwardStockJob    - 定时任务，更新奖品消耗库存【延迟队列获取，降低对数据库的更新频次，不要产生竞争】
25-07-07.23:18:15.005 [scheduling-1    ] INFO  UpdateAwardStockJob    - 定时任务，更新奖品消耗库存【延迟队列获取，降低对数据库的更新频次，不要产生竞争】
25-07-07.23:18:20.000 [scheduling-1    ] INFO  UpdateAwardStockJob    - 定时任务，更新奖品消耗库存【延迟队列获取，降低对数据库的更新频次，不要产生竞争】
25-07-07.23:18:25.005 [scheduling-1    ] INFO  UpdateAwardStockJob    - 定时任务，更新奖品消耗库存【延迟队列获取，降低对数据库的更新频次，不要产生竞争】
25-07-07.23:18:30.003 [scheduling-1    ] INFO  UpdateAwardStockJob    - 定时任务，更新奖品消耗库存【延迟队列获取，降低对数据库的更新频次，不要产生竞争】
25-07-07.23:18:35.003 [scheduling-1    ] INFO  UpdateAwardStockJob    - 定时任务，更新奖品消耗库存【延迟队列获取，降低对数据库的更新频次，不要产生竞争】
25-07-07.23:18:40.003 [scheduling-1    ] INFO  UpdateAwardStockJob    - 定时任务，更新奖品消耗库存【延迟队列获取，降低对数据库的更新频次，不要产生竞争】
25-07-07.23:18:45.004 [scheduling-1    ] INFO  UpdateAwardStockJob    - 定时任务，更新奖品消耗库存【延迟队列获取，降低对数据库的更新频次，不要产生竞争】
25-07-07.23:18:50.002 [scheduling-1    ] INFO  UpdateAwardStockJob    - 定时任务，更新奖品消耗库存【延迟队列获取，降低对数据库的更新频次，不要产生竞争】
25-07-07.23:18:55.001 [scheduling-1    ] INFO  UpdateAwardStockJob    - 定时任务，更新奖品消耗库存【延迟队列获取，降低对数据库的更新频次，不要产生竞争】
25-07-07.23:19:00.004 [scheduling-1    ] INFO  UpdateAwardStockJob    - 定时任务，更新奖品消耗库存【延迟队列获取，降低对数据库的更新频次，不要产生竞争】
25-07-07.23:19:05.005 [scheduling-1    ] INFO  UpdateAwardStockJob    - 定时任务，更新奖品消耗库存【延迟队列获取，降低对数据库的更新频次，不要产生竞争】
25-07-07.23:19:10.005 [scheduling-1    ] INFO  UpdateAwardStockJob    - 定时任务，更新奖品消耗库存【延迟队列获取，降低对数据库的更新频次，不要产生竞争】
25-07-07.23:19:15.004 [scheduling-1    ] INFO  UpdateAwardStockJob    - 定时任务，更新奖品消耗库存【延迟队列获取，降低对数据库的更新频次，不要产生竞争】
25-07-07.23:19:20.002 [scheduling-1    ] INFO  UpdateAwardStockJob    - 定时任务，更新奖品消耗库存【延迟队列获取，降低对数据库的更新频次，不要产生竞争】
25-07-07.23:19:25.002 [scheduling-1    ] INFO  UpdateAwardStockJob    - 定时任务，更新奖品消耗库存【延迟队列获取，降低对数据库的更新频次，不要产生竞争】
25-07-07.23:19:30.005 [scheduling-1    ] INFO  UpdateAwardStockJob    - 定时任务，更新奖品消耗库存【延迟队列获取，降低对数据库的更新频次，不要产生竞争】
25-07-07.23:19:35.003 [scheduling-1    ] INFO  UpdateAwardStockJob    - 定时任务，更新奖品消耗库存【延迟队列获取，降低对数据库的更新频次，不要产生竞争】
25-07-07.23:19:40.006 [scheduling-1    ] INFO  UpdateAwardStockJob    - 定时任务，更新奖品消耗库存【延迟队列获取，降低对数据库的更新频次，不要产生竞争】
25-07-07.23:19:45.001 [scheduling-1    ] INFO  UpdateAwardStockJob    - 定时任务，更新奖品消耗库存【延迟队列获取，降低对数据库的更新频次，不要产生竞争】
25-07-07.23:19:50.003 [scheduling-1    ] INFO  UpdateAwardStockJob    - 定时任务，更新奖品消耗库存【延迟队列获取，降低对数据库的更新频次，不要产生竞争】
25-07-07.23:19:55.005 [scheduling-1    ] INFO  UpdateAwardStockJob    - 定时任务，更新奖品消耗库存【延迟队列获取，降低对数据库的更新频次，不要产生竞争】
25-07-07.23:20:00.005 [scheduling-1    ] INFO  UpdateAwardStockJob    - 定时任务，更新奖品消耗库存【延迟队列获取，降低对数据库的更新频次，不要产生竞争】
25-07-07.23:20:03.373 [http-nio-8091-exec-15] INFO  RaffleController       - 随机抽奖开始 strategyId: 100006
25-07-07.23:20:03.397 [http-nio-8091-exec-15] INFO  BackListLogicChain     - 抽奖责任链—黑名单, userId=system, strategyId=100006, ruleModel=rule_blacklist
25-07-07.23:20:03.406 [http-nio-8091-exec-15] INFO  BackListLogicChain     - 抽奖责任链：黑名单放行 userId=system, strategyId=100006, ruleModel=rule_blacklist
25-07-07.23:20:03.421 [http-nio-8091-exec-15] INFO  DefaultLogChain        - 抽奖责任链—默认处理, userId=system, strategyId=100006, ruleModel=rule_default, awardId=102
25-07-07.23:20:03.421 [http-nio-8091-exec-15] INFO  AbstractRaffleStrategy - 抽奖策略计算-责任链 system 100006 102 rule_default
25-07-07.23:20:03.436 [http-nio-8091-exec-15] INFO  RuleStockLogicTreeNode - 规则过滤，库存过滤，userid:system,strategyId:100006,awardId:102
25-07-07.23:20:03.462 [http-nio-8091-exec-15] INFO  AbstractRaffleStrategy - 抽奖策略计算-规则树 system 100006 102 
25-07-07.23:20:03.473 [http-nio-8091-exec-15] INFO  RaffleController       - 随机抽奖完成 strategyId: 100006 response: {"code":"0000","data":{"awardId":102,"awardIndex":1},"info":"成功"}
25-07-07.23:20:05.004 [scheduling-1    ] INFO  UpdateAwardStockJob    - 定时任务，更新奖品消耗库存【延迟队列获取，降低对数据库的更新频次，不要产生竞争】
25-07-07.23:20:08.235 [http-nio-8091-exec-17] INFO  RaffleController       - 查询抽奖奖品列表配开始 strategyId：100006
25-07-07.23:20:08.261 [http-nio-8091-exec-17] INFO  RaffleController       - 查询抽奖奖品列表配置完成 strategyId：100006 response: {"code":"0000","data":[{"awardId":101,"awardTitle":"随机积分","sort":1},{"awardId":102,"awardTitle":"随机积分","sort":1}],"info":"成功"}
25-07-07.23:20:10.005 [scheduling-1    ] INFO  UpdateAwardStockJob    - 定时任务，更新奖品消耗库存【延迟队列获取，降低对数据库的更新频次，不要产生竞争】
25-07-07.23:20:10.012 [scheduling-1    ] INFO  UpdateAwardStockJob    - 定时任务，更新奖品消耗库存 strategyId:100006 awardId:102
25-07-07.23:20:11.653 [http-nio-8091-exec-18] INFO  RaffleController       - 随机抽奖开始 strategyId: 100006
25-07-07.23:20:11.682 [http-nio-8091-exec-18] INFO  BackListLogicChain     - 抽奖责任链—黑名单, userId=system, strategyId=100006, ruleModel=rule_blacklist
25-07-07.23:20:11.689 [http-nio-8091-exec-18] INFO  BackListLogicChain     - 抽奖责任链：黑名单放行 userId=system, strategyId=100006, ruleModel=rule_blacklist
25-07-07.23:20:11.701 [http-nio-8091-exec-18] INFO  DefaultLogChain        - 抽奖责任链—默认处理, userId=system, strategyId=100006, ruleModel=rule_default, awardId=102
25-07-07.23:20:11.701 [http-nio-8091-exec-18] INFO  AbstractRaffleStrategy - 抽奖策略计算-责任链 system 100006 102 rule_default
25-07-07.23:20:11.716 [http-nio-8091-exec-18] INFO  RuleStockLogicTreeNode - 规则过滤，库存过滤，userid:system,strategyId:100006,awardId:102
25-07-07.23:20:11.735 [http-nio-8091-exec-18] INFO  AbstractRaffleStrategy - 抽奖策略计算-规则树 system 100006 102 
25-07-07.23:20:11.741 [http-nio-8091-exec-18] INFO  RaffleController       - 随机抽奖完成 strategyId: 100006 response: {"code":"0000","data":{"awardId":102,"awardIndex":1},"info":"成功"}
25-07-07.23:20:15.004 [scheduling-1    ] INFO  UpdateAwardStockJob    - 定时任务，更新奖品消耗库存【延迟队列获取，降低对数据库的更新频次，不要产生竞争】
25-07-07.23:20:15.010 [scheduling-1    ] INFO  UpdateAwardStockJob    - 定时任务，更新奖品消耗库存 strategyId:100006 awardId:102
25-07-07.23:20:20.005 [scheduling-1    ] INFO  UpdateAwardStockJob    - 定时任务，更新奖品消耗库存【延迟队列获取，降低对数据库的更新频次，不要产生竞争】
25-07-07.23:20:25.004 [scheduling-1    ] INFO  UpdateAwardStockJob    - 定时任务，更新奖品消耗库存【延迟队列获取，降低对数据库的更新频次，不要产生竞争】
25-07-07.23:20:30.006 [scheduling-1    ] INFO  UpdateAwardStockJob    - 定时任务，更新奖品消耗库存【延迟队列获取，降低对数据库的更新频次，不要产生竞争】
25-07-07.23:20:35.002 [scheduling-1    ] INFO  UpdateAwardStockJob    - 定时任务，更新奖品消耗库存【延迟队列获取，降低对数据库的更新频次，不要产生竞争】
25-07-07.23:20:40.001 [scheduling-1    ] INFO  UpdateAwardStockJob    - 定时任务，更新奖品消耗库存【延迟队列获取，降低对数据库的更新频次，不要产生竞争】
25-07-07.23:20:45.000 [scheduling-1    ] INFO  UpdateAwardStockJob    - 定时任务，更新奖品消耗库存【延迟队列获取，降低对数据库的更新频次，不要产生竞争】
25-07-07.23:20:50.006 [scheduling-1    ] INFO  UpdateAwardStockJob    - 定时任务，更新奖品消耗库存【延迟队列获取，降低对数据库的更新频次，不要产生竞争】
25-07-07.23:20:55.001 [scheduling-1    ] INFO  UpdateAwardStockJob    - 定时任务，更新奖品消耗库存【延迟队列获取，降低对数据库的更新频次，不要产生竞争】
25-07-07.23:21:00.001 [scheduling-1    ] INFO  UpdateAwardStockJob    - 定时任务，更新奖品消耗库存【延迟队列获取，降低对数据库的更新频次，不要产生竞争】
25-07-07.23:21:05.004 [scheduling-1    ] INFO  UpdateAwardStockJob    - 定时任务，更新奖品消耗库存【延迟队列获取，降低对数据库的更新频次，不要产生竞争】
25-07-07.23:21:10.004 [scheduling-1    ] INFO  UpdateAwardStockJob    - 定时任务，更新奖品消耗库存【延迟队列获取，降低对数据库的更新频次，不要产生竞争】
25-07-07.23:21:15.005 [scheduling-1    ] INFO  UpdateAwardStockJob    - 定时任务，更新奖品消耗库存【延迟队列获取，降低对数据库的更新频次，不要产生竞争】
25-07-07.23:21:20.000 [scheduling-1    ] INFO  UpdateAwardStockJob    - 定时任务，更新奖品消耗库存【延迟队列获取，降低对数据库的更新频次，不要产生竞争】
25-07-07.23:21:25.003 [scheduling-1    ] INFO  UpdateAwardStockJob    - 定时任务，更新奖品消耗库存【延迟队列获取，降低对数据库的更新频次，不要产生竞争】
25-07-07.23:21:30.004 [scheduling-1    ] INFO  UpdateAwardStockJob    - 定时任务，更新奖品消耗库存【延迟队列获取，降低对数据库的更新频次，不要产生竞争】
25-07-07.23:21:35.003 [scheduling-1    ] INFO  UpdateAwardStockJob    - 定时任务，更新奖品消耗库存【延迟队列获取，降低对数据库的更新频次，不要产生竞争】
25-07-07.23:21:40.000 [scheduling-1    ] INFO  UpdateAwardStockJob    - 定时任务，更新奖品消耗库存【延迟队列获取，降低对数据库的更新频次，不要产生竞争】
25-07-07.23:21:45.004 [scheduling-1    ] INFO  UpdateAwardStockJob    - 定时任务，更新奖品消耗库存【延迟队列获取，降低对数据库的更新频次，不要产生竞争】
25-07-07.23:21:50.004 [scheduling-1    ] INFO  UpdateAwardStockJob    - 定时任务，更新奖品消耗库存【延迟队列获取，降低对数据库的更新频次，不要产生竞争】
25-07-07.23:21:55.001 [scheduling-1    ] INFO  UpdateAwardStockJob    - 定时任务，更新奖品消耗库存【延迟队列获取，降低对数据库的更新频次，不要产生竞争】
25-07-07.23:22:00.005 [scheduling-1    ] INFO  UpdateAwardStockJob    - 定时任务，更新奖品消耗库存【延迟队列获取，降低对数据库的更新频次，不要产生竞争】
25-07-07.23:22:05.005 [scheduling-1    ] INFO  UpdateAwardStockJob    - 定时任务，更新奖品消耗库存【延迟队列获取，降低对数据库的更新频次，不要产生竞争】
25-07-07.23:22:10.005 [scheduling-1    ] INFO  UpdateAwardStockJob    - 定时任务，更新奖品消耗库存【延迟队列获取，降低对数据库的更新频次，不要产生竞争】
25-07-07.23:22:15.000 [scheduling-1    ] INFO  UpdateAwardStockJob    - 定时任务，更新奖品消耗库存【延迟队列获取，降低对数据库的更新频次，不要产生竞争】
25-07-07.23:22:20.004 [scheduling-1    ] INFO  UpdateAwardStockJob    - 定时任务，更新奖品消耗库存【延迟队列获取，降低对数据库的更新频次，不要产生竞争】
25-07-07.23:22:25.002 [scheduling-1    ] INFO  UpdateAwardStockJob    - 定时任务，更新奖品消耗库存【延迟队列获取，降低对数据库的更新频次，不要产生竞争】
25-07-07.23:22:30.004 [scheduling-1    ] INFO  UpdateAwardStockJob    - 定时任务，更新奖品消耗库存【延迟队列获取，降低对数据库的更新频次，不要产生竞争】
25-07-07.23:22:35.003 [scheduling-1    ] INFO  UpdateAwardStockJob    - 定时任务，更新奖品消耗库存【延迟队列获取，降低对数据库的更新频次，不要产生竞争】
25-07-07.23:22:40.000 [scheduling-1    ] INFO  UpdateAwardStockJob    - 定时任务，更新奖品消耗库存【延迟队列获取，降低对数据库的更新频次，不要产生竞争】
25-07-07.23:22:45.006 [scheduling-1    ] INFO  UpdateAwardStockJob    - 定时任务，更新奖品消耗库存【延迟队列获取，降低对数据库的更新频次，不要产生竞争】
25-07-07.23:22:50.005 [scheduling-1    ] INFO  UpdateAwardStockJob    - 定时任务，更新奖品消耗库存【延迟队列获取，降低对数据库的更新频次，不要产生竞争】
25-07-07.23:22:55.002 [scheduling-1    ] INFO  UpdateAwardStockJob    - 定时任务，更新奖品消耗库存【延迟队列获取，降低对数据库的更新频次，不要产生竞争】
25-07-07.23:23:00.003 [scheduling-1    ] INFO  UpdateAwardStockJob    - 定时任务，更新奖品消耗库存【延迟队列获取，降低对数据库的更新频次，不要产生竞争】
25-07-07.23:23:05.005 [scheduling-1    ] INFO  UpdateAwardStockJob    - 定时任务，更新奖品消耗库存【延迟队列获取，降低对数据库的更新频次，不要产生竞争】
25-07-07.23:23:10.002 [scheduling-1    ] INFO  UpdateAwardStockJob    - 定时任务，更新奖品消耗库存【延迟队列获取，降低对数据库的更新频次，不要产生竞争】
25-07-07.23:23:15.005 [scheduling-1    ] INFO  UpdateAwardStockJob    - 定时任务，更新奖品消耗库存【延迟队列获取，降低对数据库的更新频次，不要产生竞争】
25-07-07.23:23:20.005 [scheduling-1    ] INFO  UpdateAwardStockJob    - 定时任务，更新奖品消耗库存【延迟队列获取，降低对数据库的更新频次，不要产生竞争】
25-07-07.23:23:25.001 [scheduling-1    ] INFO  UpdateAwardStockJob    - 定时任务，更新奖品消耗库存【延迟队列获取，降低对数据库的更新频次，不要产生竞争】
25-07-07.23:23:30.003 [scheduling-1    ] INFO  UpdateAwardStockJob    - 定时任务，更新奖品消耗库存【延迟队列获取，降低对数据库的更新频次，不要产生竞争】
25-07-07.23:23:35.004 [scheduling-1    ] INFO  UpdateAwardStockJob    - 定时任务，更新奖品消耗库存【延迟队列获取，降低对数据库的更新频次，不要产生竞争】
25-07-07.23:23:40.005 [scheduling-1    ] INFO  UpdateAwardStockJob    - 定时任务，更新奖品消耗库存【延迟队列获取，降低对数据库的更新频次，不要产生竞争】
25-07-07.23:23:45.005 [scheduling-1    ] INFO  UpdateAwardStockJob    - 定时任务，更新奖品消耗库存【延迟队列获取，降低对数据库的更新频次，不要产生竞争】
25-07-07.23:23:50.004 [scheduling-1    ] INFO  UpdateAwardStockJob    - 定时任务，更新奖品消耗库存【延迟队列获取，降低对数据库的更新频次，不要产生竞争】
25-07-07.23:23:55.006 [scheduling-1    ] INFO  UpdateAwardStockJob    - 定时任务，更新奖品消耗库存【延迟队列获取，降低对数据库的更新频次，不要产生竞争】
25-07-07.23:24:00.003 [scheduling-1    ] INFO  UpdateAwardStockJob    - 定时任务，更新奖品消耗库存【延迟队列获取，降低对数据库的更新频次，不要产生竞争】
25-07-07.23:24:05.005 [scheduling-1    ] INFO  UpdateAwardStockJob    - 定时任务，更新奖品消耗库存【延迟队列获取，降低对数据库的更新频次，不要产生竞争】
25-07-07.23:24:10.001 [scheduling-1    ] INFO  UpdateAwardStockJob    - 定时任务，更新奖品消耗库存【延迟队列获取，降低对数据库的更新频次，不要产生竞争】
25-07-07.23:24:15.005 [scheduling-1    ] INFO  UpdateAwardStockJob    - 定时任务，更新奖品消耗库存【延迟队列获取，降低对数据库的更新频次，不要产生竞争】
25-07-07.23:24:20.005 [scheduling-1    ] INFO  UpdateAwardStockJob    - 定时任务，更新奖品消耗库存【延迟队列获取，降低对数据库的更新频次，不要产生竞争】
25-07-07.23:24:25.005 [scheduling-1    ] INFO  UpdateAwardStockJob    - 定时任务，更新奖品消耗库存【延迟队列获取，降低对数据库的更新频次，不要产生竞争】
25-07-07.23:24:30.005 [scheduling-1    ] INFO  UpdateAwardStockJob    - 定时任务，更新奖品消耗库存【延迟队列获取，降低对数据库的更新频次，不要产生竞争】
25-07-07.23:24:35.004 [scheduling-1    ] INFO  UpdateAwardStockJob    - 定时任务，更新奖品消耗库存【延迟队列获取，降低对数据库的更新频次，不要产生竞争】
25-07-07.23:24:40.004 [scheduling-1    ] INFO  UpdateAwardStockJob    - 定时任务，更新奖品消耗库存【延迟队列获取，降低对数据库的更新频次，不要产生竞争】
25-07-07.23:24:45.004 [scheduling-1    ] INFO  UpdateAwardStockJob    - 定时任务，更新奖品消耗库存【延迟队列获取，降低对数据库的更新频次，不要产生竞争】
25-07-07.23:24:50.002 [scheduling-1    ] INFO  UpdateAwardStockJob    - 定时任务，更新奖品消耗库存【延迟队列获取，降低对数据库的更新频次，不要产生竞争】
25-07-07.23:24:55.004 [scheduling-1    ] INFO  UpdateAwardStockJob    - 定时任务，更新奖品消耗库存【延迟队列获取，降低对数据库的更新频次，不要产生竞争】
25-07-07.23:25:00.005 [scheduling-1    ] INFO  UpdateAwardStockJob    - 定时任务，更新奖品消耗库存【延迟队列获取，降低对数据库的更新频次，不要产生竞争】
25-07-07.23:25:05.003 [scheduling-1    ] INFO  UpdateAwardStockJob    - 定时任务，更新奖品消耗库存【延迟队列获取，降低对数据库的更新频次，不要产生竞争】
25-07-07.23:25:10.005 [scheduling-1    ] INFO  UpdateAwardStockJob    - 定时任务，更新奖品消耗库存【延迟队列获取，降低对数据库的更新频次，不要产生竞争】
25-07-07.23:25:15.005 [scheduling-1    ] INFO  UpdateAwardStockJob    - 定时任务，更新奖品消耗库存【延迟队列获取，降低对数据库的更新频次，不要产生竞争】
25-07-07.23:25:20.002 [scheduling-1    ] INFO  UpdateAwardStockJob    - 定时任务，更新奖品消耗库存【延迟队列获取，降低对数据库的更新频次，不要产生竞争】
25-07-07.23:25:25.003 [scheduling-1    ] INFO  UpdateAwardStockJob    - 定时任务，更新奖品消耗库存【延迟队列获取，降低对数据库的更新频次，不要产生竞争】
25-07-07.23:25:30.004 [scheduling-1    ] INFO  UpdateAwardStockJob    - 定时任务，更新奖品消耗库存【延迟队列获取，降低对数据库的更新频次，不要产生竞争】
25-07-07.23:25:35.005 [scheduling-1    ] INFO  UpdateAwardStockJob    - 定时任务，更新奖品消耗库存【延迟队列获取，降低对数据库的更新频次，不要产生竞争】
25-07-07.23:25:40.005 [scheduling-1    ] INFO  UpdateAwardStockJob    - 定时任务，更新奖品消耗库存【延迟队列获取，降低对数据库的更新频次，不要产生竞争】
25-07-07.23:25:45.005 [scheduling-1    ] INFO  UpdateAwardStockJob    - 定时任务，更新奖品消耗库存【延迟队列获取，降低对数据库的更新频次，不要产生竞争】
25-07-07.23:25:50.005 [scheduling-1    ] INFO  UpdateAwardStockJob    - 定时任务，更新奖品消耗库存【延迟队列获取，降低对数据库的更新频次，不要产生竞争】
25-07-07.23:25:55.003 [scheduling-1    ] INFO  UpdateAwardStockJob    - 定时任务，更新奖品消耗库存【延迟队列获取，降低对数据库的更新频次，不要产生竞争】
25-07-07.23:26:00.001 [scheduling-1    ] INFO  UpdateAwardStockJob    - 定时任务，更新奖品消耗库存【延迟队列获取，降低对数据库的更新频次，不要产生竞争】
25-07-07.23:26:05.005 [scheduling-1    ] INFO  UpdateAwardStockJob    - 定时任务，更新奖品消耗库存【延迟队列获取，降低对数据库的更新频次，不要产生竞争】
25-07-07.23:26:10.004 [scheduling-1    ] INFO  UpdateAwardStockJob    - 定时任务，更新奖品消耗库存【延迟队列获取，降低对数据库的更新频次，不要产生竞争】
25-07-07.23:26:15.005 [scheduling-1    ] INFO  UpdateAwardStockJob    - 定时任务，更新奖品消耗库存【延迟队列获取，降低对数据库的更新频次，不要产生竞争】
25-07-07.23:26:20.004 [scheduling-1    ] INFO  UpdateAwardStockJob    - 定时任务，更新奖品消耗库存【延迟队列获取，降低对数据库的更新频次，不要产生竞争】
25-07-07.23:26:25.001 [scheduling-1    ] INFO  UpdateAwardStockJob    - 定时任务，更新奖品消耗库存【延迟队列获取，降低对数据库的更新频次，不要产生竞争】
25-07-07.23:26:30.006 [scheduling-1    ] INFO  UpdateAwardStockJob    - 定时任务，更新奖品消耗库存【延迟队列获取，降低对数据库的更新频次，不要产生竞争】
25-07-07.23:26:35.006 [scheduling-1    ] INFO  UpdateAwardStockJob    - 定时任务，更新奖品消耗库存【延迟队列获取，降低对数据库的更新频次，不要产生竞争】
25-07-07.23:26:40.004 [scheduling-1    ] INFO  UpdateAwardStockJob    - 定时任务，更新奖品消耗库存【延迟队列获取，降低对数据库的更新频次，不要产生竞争】
25-07-07.23:26:45.003 [scheduling-1    ] INFO  UpdateAwardStockJob    - 定时任务，更新奖品消耗库存【延迟队列获取，降低对数据库的更新频次，不要产生竞争】
25-07-07.23:26:50.004 [scheduling-1    ] INFO  UpdateAwardStockJob    - 定时任务，更新奖品消耗库存【延迟队列获取，降低对数据库的更新频次，不要产生竞争】
25-07-07.23:26:55.005 [scheduling-1    ] INFO  UpdateAwardStockJob    - 定时任务，更新奖品消耗库存【延迟队列获取，降低对数据库的更新频次，不要产生竞争】
25-07-07.23:26:56.007 [http-nio-8091-exec-20] INFO  RaffleController       - 随机抽奖开始 strategyId: 100006
25-07-07.23:26:56.035 [http-nio-8091-exec-20] INFO  BackListLogicChain     - 抽奖责任链—黑名单, userId=system, strategyId=100006, ruleModel=rule_blacklist
25-07-07.23:26:56.044 [http-nio-8091-exec-20] INFO  BackListLogicChain     - 抽奖责任链：黑名单放行 userId=system, strategyId=100006, ruleModel=rule_blacklist
25-07-07.23:26:56.057 [http-nio-8091-exec-20] INFO  DefaultLogChain        - 抽奖责任链—默认处理, userId=system, strategyId=100006, ruleModel=rule_default, awardId=101
25-07-07.23:26:56.058 [http-nio-8091-exec-20] INFO  AbstractRaffleStrategy - 抽奖策略计算-责任链 system 100006 101 rule_default
25-07-07.23:26:56.073 [http-nio-8091-exec-20] INFO  RuleStockLogicTreeNode - 规则过滤，库存过滤，userid:system,strategyId:100006,awardId:101
25-07-07.23:26:56.092 [http-nio-8091-exec-20] INFO  AbstractRaffleStrategy - 抽奖策略计算-规则树 system 100006 101 
25-07-07.23:26:56.100 [http-nio-8091-exec-20] INFO  RaffleController       - 随机抽奖完成 strategyId: 100006 response: {"code":"0000","data":{"awardId":101,"awardIndex":1},"info":"成功"}
25-07-07.23:27:00.003 [scheduling-1    ] INFO  UpdateAwardStockJob    - 定时任务，更新奖品消耗库存【延迟队列获取，降低对数据库的更新频次，不要产生竞争】
25-07-07.23:27:00.012 [scheduling-1    ] INFO  UpdateAwardStockJob    - 定时任务，更新奖品消耗库存 strategyId:100006 awardId:101
25-07-07.23:27:05.005 [scheduling-1    ] INFO  UpdateAwardStockJob    - 定时任务，更新奖品消耗库存【延迟队列获取，降低对数据库的更新频次，不要产生竞争】
25-07-07.23:27:10.002 [scheduling-1    ] INFO  UpdateAwardStockJob    - 定时任务，更新奖品消耗库存【延迟队列获取，降低对数据库的更新频次，不要产生竞争】
25-07-07.23:27:15.004 [scheduling-1    ] INFO  UpdateAwardStockJob    - 定时任务，更新奖品消耗库存【延迟队列获取，降低对数据库的更新频次，不要产生竞争】
25-07-07.23:27:20.005 [scheduling-1    ] INFO  UpdateAwardStockJob    - 定时任务，更新奖品消耗库存【延迟队列获取，降低对数据库的更新频次，不要产生竞争】
25-07-07.23:27:25.005 [scheduling-1    ] INFO  UpdateAwardStockJob    - 定时任务，更新奖品消耗库存【延迟队列获取，降低对数据库的更新频次，不要产生竞争】
25-07-07.23:27:30.004 [scheduling-1    ] INFO  UpdateAwardStockJob    - 定时任务，更新奖品消耗库存【延迟队列获取，降低对数据库的更新频次，不要产生竞争】
25-07-07.23:27:35.005 [scheduling-1    ] INFO  UpdateAwardStockJob    - 定时任务，更新奖品消耗库存【延迟队列获取，降低对数据库的更新频次，不要产生竞争】
25-07-07.23:27:40.000 [scheduling-1    ] INFO  UpdateAwardStockJob    - 定时任务，更新奖品消耗库存【延迟队列获取，降低对数据库的更新频次，不要产生竞争】
25-07-07.23:27:45.001 [scheduling-1    ] INFO  UpdateAwardStockJob    - 定时任务，更新奖品消耗库存【延迟队列获取，降低对数据库的更新频次，不要产生竞争】
25-07-07.23:27:50.002 [scheduling-1    ] INFO  UpdateAwardStockJob    - 定时任务，更新奖品消耗库存【延迟队列获取，降低对数据库的更新频次，不要产生竞争】
25-07-07.23:27:55.003 [scheduling-1    ] INFO  UpdateAwardStockJob    - 定时任务，更新奖品消耗库存【延迟队列获取，降低对数据库的更新频次，不要产生竞争】
25-07-07.23:28:00.004 [scheduling-1    ] INFO  UpdateAwardStockJob    - 定时任务，更新奖品消耗库存【延迟队列获取，降低对数据库的更新频次，不要产生竞争】
25-07-07.23:28:05.006 [scheduling-1    ] INFO  UpdateAwardStockJob    - 定时任务，更新奖品消耗库存【延迟队列获取，降低对数据库的更新频次，不要产生竞争】
25-07-07.23:28:10.001 [scheduling-1    ] INFO  UpdateAwardStockJob    - 定时任务，更新奖品消耗库存【延迟队列获取，降低对数据库的更新频次，不要产生竞争】
25-07-07.23:28:15.003 [scheduling-1    ] INFO  UpdateAwardStockJob    - 定时任务，更新奖品消耗库存【延迟队列获取，降低对数据库的更新频次，不要产生竞争】
25-07-07.23:28:20.003 [scheduling-1    ] INFO  UpdateAwardStockJob    - 定时任务，更新奖品消耗库存【延迟队列获取，降低对数据库的更新频次，不要产生竞争】
25-07-07.23:28:25.001 [scheduling-1    ] INFO  UpdateAwardStockJob    - 定时任务，更新奖品消耗库存【延迟队列获取，降低对数据库的更新频次，不要产生竞争】
25-07-07.23:28:30.004 [scheduling-1    ] INFO  UpdateAwardStockJob    - 定时任务，更新奖品消耗库存【延迟队列获取，降低对数据库的更新频次，不要产生竞争】
25-07-07.23:28:35.005 [scheduling-1    ] INFO  UpdateAwardStockJob    - 定时任务，更新奖品消耗库存【延迟队列获取，降低对数据库的更新频次，不要产生竞争】
25-07-07.23:28:40.002 [scheduling-1    ] INFO  UpdateAwardStockJob    - 定时任务，更新奖品消耗库存【延迟队列获取，降低对数据库的更新频次，不要产生竞争】
25-07-07.23:28:45.005 [scheduling-1    ] INFO  UpdateAwardStockJob    - 定时任务，更新奖品消耗库存【延迟队列获取，降低对数据库的更新频次，不要产生竞争】
25-07-07.23:28:50.004 [scheduling-1    ] INFO  UpdateAwardStockJob    - 定时任务，更新奖品消耗库存【延迟队列获取，降低对数据库的更新频次，不要产生竞争】
25-07-07.23:28:55.005 [scheduling-1    ] INFO  UpdateAwardStockJob    - 定时任务，更新奖品消耗库存【延迟队列获取，降低对数据库的更新频次，不要产生竞争】
25-07-07.23:29:00.005 [scheduling-1    ] INFO  UpdateAwardStockJob    - 定时任务，更新奖品消耗库存【延迟队列获取，降低对数据库的更新频次，不要产生竞争】
25-07-07.23:29:05.000 [scheduling-1    ] INFO  UpdateAwardStockJob    - 定时任务，更新奖品消耗库存【延迟队列获取，降低对数据库的更新频次，不要产生竞争】
25-07-07.23:29:10.005 [scheduling-1    ] INFO  UpdateAwardStockJob    - 定时任务，更新奖品消耗库存【延迟队列获取，降低对数据库的更新频次，不要产生竞争】
25-07-07.23:29:15.005 [scheduling-1    ] INFO  UpdateAwardStockJob    - 定时任务，更新奖品消耗库存【延迟队列获取，降低对数据库的更新频次，不要产生竞争】
25-07-07.23:29:20.004 [scheduling-1    ] INFO  UpdateAwardStockJob    - 定时任务，更新奖品消耗库存【延迟队列获取，降低对数据库的更新频次，不要产生竞争】
25-07-07.23:29:25.005 [scheduling-1    ] INFO  UpdateAwardStockJob    - 定时任务，更新奖品消耗库存【延迟队列获取，降低对数据库的更新频次，不要产生竞争】
25-07-07.23:29:30.001 [scheduling-1    ] INFO  UpdateAwardStockJob    - 定时任务，更新奖品消耗库存【延迟队列获取，降低对数据库的更新频次，不要产生竞争】
25-07-07.23:29:35.005 [scheduling-1    ] INFO  UpdateAwardStockJob    - 定时任务，更新奖品消耗库存【延迟队列获取，降低对数据库的更新频次，不要产生竞争】
25-07-07.23:29:40.001 [scheduling-1    ] INFO  UpdateAwardStockJob    - 定时任务，更新奖品消耗库存【延迟队列获取，降低对数据库的更新频次，不要产生竞争】
25-07-07.23:29:45.005 [scheduling-1    ] INFO  UpdateAwardStockJob    - 定时任务，更新奖品消耗库存【延迟队列获取，降低对数据库的更新频次，不要产生竞争】
25-07-07.23:29:50.001 [scheduling-1    ] INFO  UpdateAwardStockJob    - 定时任务，更新奖品消耗库存【延迟队列获取，降低对数据库的更新频次，不要产生竞争】
25-07-07.23:29:55.005 [scheduling-1    ] INFO  UpdateAwardStockJob    - 定时任务，更新奖品消耗库存【延迟队列获取，降低对数据库的更新频次，不要产生竞争】
25-07-07.23:30:00.004 [scheduling-1    ] INFO  UpdateAwardStockJob    - 定时任务，更新奖品消耗库存【延迟队列获取，降低对数据库的更新频次，不要产生竞争】
25-07-07.23:30:05.002 [scheduling-1    ] INFO  UpdateAwardStockJob    - 定时任务，更新奖品消耗库存【延迟队列获取，降低对数据库的更新频次，不要产生竞争】
25-07-07.23:30:10.003 [scheduling-1    ] INFO  UpdateAwardStockJob    - 定时任务，更新奖品消耗库存【延迟队列获取，降低对数据库的更新频次，不要产生竞争】
25-07-07.23:30:15.001 [scheduling-1    ] INFO  UpdateAwardStockJob    - 定时任务，更新奖品消耗库存【延迟队列获取，降低对数据库的更新频次，不要产生竞争】
25-07-07.23:30:20.005 [scheduling-1    ] INFO  UpdateAwardStockJob    - 定时任务，更新奖品消耗库存【延迟队列获取，降低对数据库的更新频次，不要产生竞争】
25-07-07.23:30:25.000 [scheduling-1    ] INFO  UpdateAwardStockJob    - 定时任务，更新奖品消耗库存【延迟队列获取，降低对数据库的更新频次，不要产生竞争】
25-07-07.23:30:30.005 [scheduling-1    ] INFO  UpdateAwardStockJob    - 定时任务，更新奖品消耗库存【延迟队列获取，降低对数据库的更新频次，不要产生竞争】
25-07-07.23:30:35.005 [scheduling-1    ] INFO  UpdateAwardStockJob    - 定时任务，更新奖品消耗库存【延迟队列获取，降低对数据库的更新频次，不要产生竞争】
25-07-07.23:30:40.004 [scheduling-1    ] INFO  UpdateAwardStockJob    - 定时任务，更新奖品消耗库存【延迟队列获取，降低对数据库的更新频次，不要产生竞争】
25-07-07.23:30:45.000 [scheduling-1    ] INFO  UpdateAwardStockJob    - 定时任务，更新奖品消耗库存【延迟队列获取，降低对数据库的更新频次，不要产生竞争】
25-07-07.23:30:50.003 [scheduling-1    ] INFO  UpdateAwardStockJob    - 定时任务，更新奖品消耗库存【延迟队列获取，降低对数据库的更新频次，不要产生竞争】
25-07-07.23:30:55.005 [scheduling-1    ] INFO  UpdateAwardStockJob    - 定时任务，更新奖品消耗库存【延迟队列获取，降低对数据库的更新频次，不要产生竞争】
25-07-07.23:31:00.001 [scheduling-1    ] INFO  UpdateAwardStockJob    - 定时任务，更新奖品消耗库存【延迟队列获取，降低对数据库的更新频次，不要产生竞争】
25-07-07.23:31:05.004 [scheduling-1    ] INFO  UpdateAwardStockJob    - 定时任务，更新奖品消耗库存【延迟队列获取，降低对数据库的更新频次，不要产生竞争】
25-07-07.23:31:10.001 [scheduling-1    ] INFO  UpdateAwardStockJob    - 定时任务，更新奖品消耗库存【延迟队列获取，降低对数据库的更新频次，不要产生竞争】
25-07-07.23:31:15.005 [scheduling-1    ] INFO  UpdateAwardStockJob    - 定时任务，更新奖品消耗库存【延迟队列获取，降低对数据库的更新频次，不要产生竞争】
25-07-07.23:31:20.001 [scheduling-1    ] INFO  UpdateAwardStockJob    - 定时任务，更新奖品消耗库存【延迟队列获取，降低对数据库的更新频次，不要产生竞争】
25-07-07.23:31:25.004 [scheduling-1    ] INFO  UpdateAwardStockJob    - 定时任务，更新奖品消耗库存【延迟队列获取，降低对数据库的更新频次，不要产生竞争】
25-07-07.23:31:30.005 [scheduling-1    ] INFO  UpdateAwardStockJob    - 定时任务，更新奖品消耗库存【延迟队列获取，降低对数据库的更新频次，不要产生竞争】
25-07-07.23:31:35.002 [scheduling-1    ] INFO  UpdateAwardStockJob    - 定时任务，更新奖品消耗库存【延迟队列获取，降低对数据库的更新频次，不要产生竞争】
25-07-07.23:31:40.005 [scheduling-1    ] INFO  UpdateAwardStockJob    - 定时任务，更新奖品消耗库存【延迟队列获取，降低对数据库的更新频次，不要产生竞争】
25-07-07.23:31:45.003 [scheduling-1    ] INFO  UpdateAwardStockJob    - 定时任务，更新奖品消耗库存【延迟队列获取，降低对数据库的更新频次，不要产生竞争】
25-07-07.23:31:50.005 [scheduling-1    ] INFO  UpdateAwardStockJob    - 定时任务，更新奖品消耗库存【延迟队列获取，降低对数据库的更新频次，不要产生竞争】
25-07-07.23:31:55.005 [scheduling-1    ] INFO  UpdateAwardStockJob    - 定时任务，更新奖品消耗库存【延迟队列获取，降低对数据库的更新频次，不要产生竞争】
25-07-07.23:32:00.002 [scheduling-1    ] INFO  UpdateAwardStockJob    - 定时任务，更新奖品消耗库存【延迟队列获取，降低对数据库的更新频次，不要产生竞争】
25-07-07.23:32:05.003 [scheduling-1    ] INFO  UpdateAwardStockJob    - 定时任务，更新奖品消耗库存【延迟队列获取，降低对数据库的更新频次，不要产生竞争】
25-07-07.23:32:10.005 [scheduling-1    ] INFO  UpdateAwardStockJob    - 定时任务，更新奖品消耗库存【延迟队列获取，降低对数据库的更新频次，不要产生竞争】
25-07-07.23:32:15.002 [scheduling-1    ] INFO  UpdateAwardStockJob    - 定时任务，更新奖品消耗库存【延迟队列获取，降低对数据库的更新频次，不要产生竞争】
25-07-07.23:32:20.004 [scheduling-1    ] INFO  UpdateAwardStockJob    - 定时任务，更新奖品消耗库存【延迟队列获取，降低对数据库的更新频次，不要产生竞争】
25-07-07.23:32:25.006 [scheduling-1    ] INFO  UpdateAwardStockJob    - 定时任务，更新奖品消耗库存【延迟队列获取，降低对数据库的更新频次，不要产生竞争】
25-07-07.23:32:30.005 [scheduling-1    ] INFO  UpdateAwardStockJob    - 定时任务，更新奖品消耗库存【延迟队列获取，降低对数据库的更新频次，不要产生竞争】
25-07-07.23:32:35.001 [scheduling-1    ] INFO  UpdateAwardStockJob    - 定时任务，更新奖品消耗库存【延迟队列获取，降低对数据库的更新频次，不要产生竞争】
25-07-07.23:32:40.002 [scheduling-1    ] INFO  UpdateAwardStockJob    - 定时任务，更新奖品消耗库存【延迟队列获取，降低对数据库的更新频次，不要产生竞争】
25-07-07.23:32:45.005 [scheduling-1    ] INFO  UpdateAwardStockJob    - 定时任务，更新奖品消耗库存【延迟队列获取，降低对数据库的更新频次，不要产生竞争】
25-07-07.23:32:50.005 [scheduling-1    ] INFO  UpdateAwardStockJob    - 定时任务，更新奖品消耗库存【延迟队列获取，降低对数据库的更新频次，不要产生竞争】
25-07-07.23:32:55.005 [scheduling-1    ] INFO  UpdateAwardStockJob    - 定时任务，更新奖品消耗库存【延迟队列获取，降低对数据库的更新频次，不要产生竞争】
25-07-07.23:33:00.001 [scheduling-1    ] INFO  UpdateAwardStockJob    - 定时任务，更新奖品消耗库存【延迟队列获取，降低对数据库的更新频次，不要产生竞争】
25-07-07.23:33:05.003 [scheduling-1    ] INFO  UpdateAwardStockJob    - 定时任务，更新奖品消耗库存【延迟队列获取，降低对数据库的更新频次，不要产生竞争】
25-07-07.23:33:10.005 [scheduling-1    ] INFO  UpdateAwardStockJob    - 定时任务，更新奖品消耗库存【延迟队列获取，降低对数据库的更新频次，不要产生竞争】
25-07-07.23:33:15.004 [scheduling-1    ] INFO  UpdateAwardStockJob    - 定时任务，更新奖品消耗库存【延迟队列获取，降低对数据库的更新频次，不要产生竞争】
25-07-07.23:33:20.002 [scheduling-1    ] INFO  UpdateAwardStockJob    - 定时任务，更新奖品消耗库存【延迟队列获取，降低对数据库的更新频次，不要产生竞争】
25-07-07.23:33:25.003 [scheduling-1    ] INFO  UpdateAwardStockJob    - 定时任务，更新奖品消耗库存【延迟队列获取，降低对数据库的更新频次，不要产生竞争】
25-07-07.23:33:30.006 [scheduling-1    ] INFO  UpdateAwardStockJob    - 定时任务，更新奖品消耗库存【延迟队列获取，降低对数据库的更新频次，不要产生竞争】
25-07-07.23:33:35.002 [scheduling-1    ] INFO  UpdateAwardStockJob    - 定时任务，更新奖品消耗库存【延迟队列获取，降低对数据库的更新频次，不要产生竞争】
25-07-07.23:33:40.007 [scheduling-1    ] INFO  UpdateAwardStockJob    - 定时任务，更新奖品消耗库存【延迟队列获取，降低对数据库的更新频次，不要产生竞争】
25-07-07.23:33:45.003 [scheduling-1    ] INFO  UpdateAwardStockJob    - 定时任务，更新奖品消耗库存【延迟队列获取，降低对数据库的更新频次，不要产生竞争】
25-07-07.23:33:50.001 [scheduling-1    ] INFO  UpdateAwardStockJob    - 定时任务，更新奖品消耗库存【延迟队列获取，降低对数据库的更新频次，不要产生竞争】
25-07-07.23:33:55.004 [scheduling-1    ] INFO  UpdateAwardStockJob    - 定时任务，更新奖品消耗库存【延迟队列获取，降低对数据库的更新频次，不要产生竞争】
25-07-07.23:34:00.001 [scheduling-1    ] INFO  UpdateAwardStockJob    - 定时任务，更新奖品消耗库存【延迟队列获取，降低对数据库的更新频次，不要产生竞争】
25-07-07.23:34:05.001 [scheduling-1    ] INFO  UpdateAwardStockJob    - 定时任务，更新奖品消耗库存【延迟队列获取，降低对数据库的更新频次，不要产生竞争】
25-07-07.23:34:10.002 [scheduling-1    ] INFO  UpdateAwardStockJob    - 定时任务，更新奖品消耗库存【延迟队列获取，降低对数据库的更新频次，不要产生竞争】
25-07-07.23:34:15.001 [scheduling-1    ] INFO  UpdateAwardStockJob    - 定时任务，更新奖品消耗库存【延迟队列获取，降低对数据库的更新频次，不要产生竞争】
25-07-07.23:34:20.000 [scheduling-1    ] INFO  UpdateAwardStockJob    - 定时任务，更新奖品消耗库存【延迟队列获取，降低对数据库的更新频次，不要产生竞争】
25-07-07.23:34:25.005 [scheduling-1    ] INFO  UpdateAwardStockJob    - 定时任务，更新奖品消耗库存【延迟队列获取，降低对数据库的更新频次，不要产生竞争】
25-07-07.23:34:30.006 [scheduling-1    ] INFO  UpdateAwardStockJob    - 定时任务，更新奖品消耗库存【延迟队列获取，降低对数据库的更新频次，不要产生竞争】
25-07-07.23:34:35.005 [scheduling-1    ] INFO  UpdateAwardStockJob    - 定时任务，更新奖品消耗库存【延迟队列获取，降低对数据库的更新频次，不要产生竞争】
25-07-07.23:34:40.002 [scheduling-1    ] INFO  UpdateAwardStockJob    - 定时任务，更新奖品消耗库存【延迟队列获取，降低对数据库的更新频次，不要产生竞争】
25-07-07.23:34:45.002 [scheduling-1    ] INFO  UpdateAwardStockJob    - 定时任务，更新奖品消耗库存【延迟队列获取，降低对数据库的更新频次，不要产生竞争】
25-07-07.23:34:50.001 [scheduling-1    ] INFO  UpdateAwardStockJob    - 定时任务，更新奖品消耗库存【延迟队列获取，降低对数据库的更新频次，不要产生竞争】
25-07-07.23:34:55.003 [scheduling-1    ] INFO  UpdateAwardStockJob    - 定时任务，更新奖品消耗库存【延迟队列获取，降低对数据库的更新频次，不要产生竞争】
25-07-07.23:35:00.005 [scheduling-1    ] INFO  UpdateAwardStockJob    - 定时任务，更新奖品消耗库存【延迟队列获取，降低对数据库的更新频次，不要产生竞争】
25-07-07.23:35:05.005 [scheduling-1    ] INFO  UpdateAwardStockJob    - 定时任务，更新奖品消耗库存【延迟队列获取，降低对数据库的更新频次，不要产生竞争】
25-07-07.23:35:10.003 [scheduling-1    ] INFO  UpdateAwardStockJob    - 定时任务，更新奖品消耗库存【延迟队列获取，降低对数据库的更新频次，不要产生竞争】
25-07-07.23:35:15.001 [scheduling-1    ] INFO  UpdateAwardStockJob    - 定时任务，更新奖品消耗库存【延迟队列获取，降低对数据库的更新频次，不要产生竞争】
25-07-07.23:35:20.003 [scheduling-1    ] INFO  UpdateAwardStockJob    - 定时任务，更新奖品消耗库存【延迟队列获取，降低对数据库的更新频次，不要产生竞争】
25-07-07.23:35:25.004 [scheduling-1    ] INFO  UpdateAwardStockJob    - 定时任务，更新奖品消耗库存【延迟队列获取，降低对数据库的更新频次，不要产生竞争】
25-07-07.23:35:30.002 [scheduling-1    ] INFO  UpdateAwardStockJob    - 定时任务，更新奖品消耗库存【延迟队列获取，降低对数据库的更新频次，不要产生竞争】
25-07-07.23:35:35.005 [scheduling-1    ] INFO  UpdateAwardStockJob    - 定时任务，更新奖品消耗库存【延迟队列获取，降低对数据库的更新频次，不要产生竞争】
25-07-07.23:35:40.002 [scheduling-1    ] INFO  UpdateAwardStockJob    - 定时任务，更新奖品消耗库存【延迟队列获取，降低对数据库的更新频次，不要产生竞争】
25-07-07.23:35:45.003 [scheduling-1    ] INFO  UpdateAwardStockJob    - 定时任务，更新奖品消耗库存【延迟队列获取，降低对数据库的更新频次，不要产生竞争】
25-07-07.23:35:50.004 [scheduling-1    ] INFO  UpdateAwardStockJob    - 定时任务，更新奖品消耗库存【延迟队列获取，降低对数据库的更新频次，不要产生竞争】
25-07-07.23:35:55.003 [scheduling-1    ] INFO  UpdateAwardStockJob    - 定时任务，更新奖品消耗库存【延迟队列获取，降低对数据库的更新频次，不要产生竞争】
25-07-07.23:36:00.001 [scheduling-1    ] INFO  UpdateAwardStockJob    - 定时任务，更新奖品消耗库存【延迟队列获取，降低对数据库的更新频次，不要产生竞争】
25-07-07.23:36:05.001 [scheduling-1    ] INFO  UpdateAwardStockJob    - 定时任务，更新奖品消耗库存【延迟队列获取，降低对数据库的更新频次，不要产生竞争】
25-07-07.23:36:10.000 [scheduling-1    ] INFO  UpdateAwardStockJob    - 定时任务，更新奖品消耗库存【延迟队列获取，降低对数据库的更新频次，不要产生竞争】
25-07-07.23:36:15.001 [scheduling-1    ] INFO  UpdateAwardStockJob    - 定时任务，更新奖品消耗库存【延迟队列获取，降低对数据库的更新频次，不要产生竞争】
25-07-07.23:36:20.004 [scheduling-1    ] INFO  UpdateAwardStockJob    - 定时任务，更新奖品消耗库存【延迟队列获取，降低对数据库的更新频次，不要产生竞争】
25-07-07.23:36:25.004 [scheduling-1    ] INFO  UpdateAwardStockJob    - 定时任务，更新奖品消耗库存【延迟队列获取，降低对数据库的更新频次，不要产生竞争】
25-07-07.23:36:30.001 [scheduling-1    ] INFO  UpdateAwardStockJob    - 定时任务，更新奖品消耗库存【延迟队列获取，降低对数据库的更新频次，不要产生竞争】
25-07-07.23:36:35.003 [scheduling-1    ] INFO  UpdateAwardStockJob    - 定时任务，更新奖品消耗库存【延迟队列获取，降低对数据库的更新频次，不要产生竞争】
25-07-07.23:36:40.005 [scheduling-1    ] INFO  UpdateAwardStockJob    - 定时任务，更新奖品消耗库存【延迟队列获取，降低对数据库的更新频次，不要产生竞争】
25-07-07.23:36:45.004 [scheduling-1    ] INFO  UpdateAwardStockJob    - 定时任务，更新奖品消耗库存【延迟队列获取，降低对数据库的更新频次，不要产生竞争】
25-07-07.23:36:50.006 [scheduling-1    ] INFO  UpdateAwardStockJob    - 定时任务，更新奖品消耗库存【延迟队列获取，降低对数据库的更新频次，不要产生竞争】
25-07-07.23:36:55.004 [scheduling-1    ] INFO  UpdateAwardStockJob    - 定时任务，更新奖品消耗库存【延迟队列获取，降低对数据库的更新频次，不要产生竞争】
25-07-07.23:37:00.006 [scheduling-1    ] INFO  UpdateAwardStockJob    - 定时任务，更新奖品消耗库存【延迟队列获取，降低对数据库的更新频次，不要产生竞争】
25-07-07.23:37:05.004 [scheduling-1    ] INFO  UpdateAwardStockJob    - 定时任务，更新奖品消耗库存【延迟队列获取，降低对数据库的更新频次，不要产生竞争】
25-07-07.23:37:10.001 [scheduling-1    ] INFO  UpdateAwardStockJob    - 定时任务，更新奖品消耗库存【延迟队列获取，降低对数据库的更新频次，不要产生竞争】
25-07-07.23:37:15.001 [scheduling-1    ] INFO  UpdateAwardStockJob    - 定时任务，更新奖品消耗库存【延迟队列获取，降低对数据库的更新频次，不要产生竞争】
25-07-07.23:37:20.004 [scheduling-1    ] INFO  UpdateAwardStockJob    - 定时任务，更新奖品消耗库存【延迟队列获取，降低对数据库的更新频次，不要产生竞争】
25-07-07.23:37:25.002 [scheduling-1    ] INFO  UpdateAwardStockJob    - 定时任务，更新奖品消耗库存【延迟队列获取，降低对数据库的更新频次，不要产生竞争】
25-07-07.23:37:30.002 [scheduling-1    ] INFO  UpdateAwardStockJob    - 定时任务，更新奖品消耗库存【延迟队列获取，降低对数据库的更新频次，不要产生竞争】
25-07-07.23:37:35.000 [scheduling-1    ] INFO  UpdateAwardStockJob    - 定时任务，更新奖品消耗库存【延迟队列获取，降低对数据库的更新频次，不要产生竞争】
25-07-07.23:37:40.002 [scheduling-1    ] INFO  UpdateAwardStockJob    - 定时任务，更新奖品消耗库存【延迟队列获取，降低对数据库的更新频次，不要产生竞争】
25-07-07.23:37:45.006 [scheduling-1    ] INFO  UpdateAwardStockJob    - 定时任务，更新奖品消耗库存【延迟队列获取，降低对数据库的更新频次，不要产生竞争】
25-07-07.23:37:50.001 [scheduling-1    ] INFO  UpdateAwardStockJob    - 定时任务，更新奖品消耗库存【延迟队列获取，降低对数据库的更新频次，不要产生竞争】
25-07-07.23:37:55.005 [scheduling-1    ] INFO  UpdateAwardStockJob    - 定时任务，更新奖品消耗库存【延迟队列获取，降低对数据库的更新频次，不要产生竞争】
25-07-07.23:38:00.002 [scheduling-1    ] INFO  UpdateAwardStockJob    - 定时任务，更新奖品消耗库存【延迟队列获取，降低对数据库的更新频次，不要产生竞争】
25-07-07.23:38:05.005 [scheduling-1    ] INFO  UpdateAwardStockJob    - 定时任务，更新奖品消耗库存【延迟队列获取，降低对数据库的更新频次，不要产生竞争】
25-07-07.23:38:10.004 [scheduling-1    ] INFO  UpdateAwardStockJob    - 定时任务，更新奖品消耗库存【延迟队列获取，降低对数据库的更新频次，不要产生竞争】
25-07-07.23:38:15.006 [scheduling-1    ] INFO  UpdateAwardStockJob    - 定时任务，更新奖品消耗库存【延迟队列获取，降低对数据库的更新频次，不要产生竞争】
25-07-07.23:38:20.003 [scheduling-1    ] INFO  UpdateAwardStockJob    - 定时任务，更新奖品消耗库存【延迟队列获取，降低对数据库的更新频次，不要产生竞争】
25-07-07.23:38:25.005 [scheduling-1    ] INFO  UpdateAwardStockJob    - 定时任务，更新奖品消耗库存【延迟队列获取，降低对数据库的更新频次，不要产生竞争】
25-07-07.23:38:30.005 [scheduling-1    ] INFO  UpdateAwardStockJob    - 定时任务，更新奖品消耗库存【延迟队列获取，降低对数据库的更新频次，不要产生竞争】
25-07-07.23:38:35.002 [scheduling-1    ] INFO  UpdateAwardStockJob    - 定时任务，更新奖品消耗库存【延迟队列获取，降低对数据库的更新频次，不要产生竞争】
25-07-07.23:38:40.006 [scheduling-1    ] INFO  UpdateAwardStockJob    - 定时任务，更新奖品消耗库存【延迟队列获取，降低对数据库的更新频次，不要产生竞争】
25-07-07.23:38:45.002 [scheduling-1    ] INFO  UpdateAwardStockJob    - 定时任务，更新奖品消耗库存【延迟队列获取，降低对数据库的更新频次，不要产生竞争】
25-07-07.23:38:50.005 [scheduling-1    ] INFO  UpdateAwardStockJob    - 定时任务，更新奖品消耗库存【延迟队列获取，降低对数据库的更新频次，不要产生竞争】
25-07-07.23:38:55.002 [scheduling-1    ] INFO  UpdateAwardStockJob    - 定时任务，更新奖品消耗库存【延迟队列获取，降低对数据库的更新频次，不要产生竞争】
25-07-07.23:39:00.005 [scheduling-1    ] INFO  UpdateAwardStockJob    - 定时任务，更新奖品消耗库存【延迟队列获取，降低对数据库的更新频次，不要产生竞争】
25-07-07.23:39:05.001 [scheduling-1    ] INFO  UpdateAwardStockJob    - 定时任务，更新奖品消耗库存【延迟队列获取，降低对数据库的更新频次，不要产生竞争】
25-07-07.23:39:10.003 [scheduling-1    ] INFO  UpdateAwardStockJob    - 定时任务，更新奖品消耗库存【延迟队列获取，降低对数据库的更新频次，不要产生竞争】
25-07-07.23:39:15.004 [scheduling-1    ] INFO  UpdateAwardStockJob    - 定时任务，更新奖品消耗库存【延迟队列获取，降低对数据库的更新频次，不要产生竞争】
25-07-07.23:39:20.004 [scheduling-1    ] INFO  UpdateAwardStockJob    - 定时任务，更新奖品消耗库存【延迟队列获取，降低对数据库的更新频次，不要产生竞争】
25-07-07.23:39:25.005 [scheduling-1    ] INFO  UpdateAwardStockJob    - 定时任务，更新奖品消耗库存【延迟队列获取，降低对数据库的更新频次，不要产生竞争】
25-07-07.23:39:30.005 [scheduling-1    ] INFO  UpdateAwardStockJob    - 定时任务，更新奖品消耗库存【延迟队列获取，降低对数据库的更新频次，不要产生竞争】
25-07-07.23:39:35.002 [scheduling-1    ] INFO  UpdateAwardStockJob    - 定时任务，更新奖品消耗库存【延迟队列获取，降低对数据库的更新频次，不要产生竞争】
25-07-07.23:39:40.003 [scheduling-1    ] INFO  UpdateAwardStockJob    - 定时任务，更新奖品消耗库存【延迟队列获取，降低对数据库的更新频次，不要产生竞争】
25-07-07.23:39:45.003 [scheduling-1    ] INFO  UpdateAwardStockJob    - 定时任务，更新奖品消耗库存【延迟队列获取，降低对数据库的更新频次，不要产生竞争】
25-07-07.23:39:50.002 [scheduling-1    ] INFO  UpdateAwardStockJob    - 定时任务，更新奖品消耗库存【延迟队列获取，降低对数据库的更新频次，不要产生竞争】
25-07-07.23:39:55.002 [scheduling-1    ] INFO  UpdateAwardStockJob    - 定时任务，更新奖品消耗库存【延迟队列获取，降低对数据库的更新频次，不要产生竞争】
25-07-07.23:40:00.006 [scheduling-1    ] INFO  UpdateAwardStockJob    - 定时任务，更新奖品消耗库存【延迟队列获取，降低对数据库的更新频次，不要产生竞争】
25-07-07.23:40:05.002 [scheduling-1    ] INFO  UpdateAwardStockJob    - 定时任务，更新奖品消耗库存【延迟队列获取，降低对数据库的更新频次，不要产生竞争】
25-07-07.23:40:10.005 [scheduling-1    ] INFO  UpdateAwardStockJob    - 定时任务，更新奖品消耗库存【延迟队列获取，降低对数据库的更新频次，不要产生竞争】
25-07-07.23:40:15.003 [scheduling-1    ] INFO  UpdateAwardStockJob    - 定时任务，更新奖品消耗库存【延迟队列获取，降低对数据库的更新频次，不要产生竞争】
25-07-07.23:40:20.004 [scheduling-1    ] INFO  UpdateAwardStockJob    - 定时任务，更新奖品消耗库存【延迟队列获取，降低对数据库的更新频次，不要产生竞争】
25-07-07.23:40:25.001 [scheduling-1    ] INFO  UpdateAwardStockJob    - 定时任务，更新奖品消耗库存【延迟队列获取，降低对数据库的更新频次，不要产生竞争】
25-07-07.23:40:30.004 [scheduling-1    ] INFO  UpdateAwardStockJob    - 定时任务，更新奖品消耗库存【延迟队列获取，降低对数据库的更新频次，不要产生竞争】
25-07-07.23:40:35.004 [scheduling-1    ] INFO  UpdateAwardStockJob    - 定时任务，更新奖品消耗库存【延迟队列获取，降低对数据库的更新频次，不要产生竞争】
25-07-07.23:40:40.005 [scheduling-1    ] INFO  UpdateAwardStockJob    - 定时任务，更新奖品消耗库存【延迟队列获取，降低对数据库的更新频次，不要产生竞争】
25-07-07.23:40:45.005 [scheduling-1    ] INFO  UpdateAwardStockJob    - 定时任务，更新奖品消耗库存【延迟队列获取，降低对数据库的更新频次，不要产生竞争】
25-07-07.23:40:50.000 [scheduling-1    ] INFO  UpdateAwardStockJob    - 定时任务，更新奖品消耗库存【延迟队列获取，降低对数据库的更新频次，不要产生竞争】
25-07-07.23:40:55.002 [scheduling-1    ] INFO  UpdateAwardStockJob    - 定时任务，更新奖品消耗库存【延迟队列获取，降低对数据库的更新频次，不要产生竞争】
25-07-07.23:41:00.003 [scheduling-1    ] INFO  UpdateAwardStockJob    - 定时任务，更新奖品消耗库存【延迟队列获取，降低对数据库的更新频次，不要产生竞争】
25-07-07.23:41:05.002 [scheduling-1    ] INFO  UpdateAwardStockJob    - 定时任务，更新奖品消耗库存【延迟队列获取，降低对数据库的更新频次，不要产生竞争】
25-07-07.23:41:10.003 [scheduling-1    ] INFO  UpdateAwardStockJob    - 定时任务，更新奖品消耗库存【延迟队列获取，降低对数据库的更新频次，不要产生竞争】
25-07-07.23:41:15.004 [scheduling-1    ] INFO  UpdateAwardStockJob    - 定时任务，更新奖品消耗库存【延迟队列获取，降低对数据库的更新频次，不要产生竞争】
25-07-07.23:41:20.005 [scheduling-1    ] INFO  UpdateAwardStockJob    - 定时任务，更新奖品消耗库存【延迟队列获取，降低对数据库的更新频次，不要产生竞争】
25-07-07.23:41:25.004 [scheduling-1    ] INFO  UpdateAwardStockJob    - 定时任务，更新奖品消耗库存【延迟队列获取，降低对数据库的更新频次，不要产生竞争】
25-07-07.23:41:30.004 [scheduling-1    ] INFO  UpdateAwardStockJob    - 定时任务，更新奖品消耗库存【延迟队列获取，降低对数据库的更新频次，不要产生竞争】
25-07-07.23:41:31.073 [http-nio-8091-exec-23] INFO  RaffleController       - 查询抽奖奖品列表配开始 strategyId：100006
25-07-07.23:41:31.089 [http-nio-8091-exec-23] INFO  RaffleController       - 查询抽奖奖品列表配置完成 strategyId：100006 response: {"code":"0000","data":[{"awardId":101,"awardTitle":"随机积分","sort":1},{"awardId":102,"awardTitle":"随机积分","sort":1}],"info":"成功"}
25-07-07.23:41:35.003 [scheduling-1    ] INFO  UpdateAwardStockJob    - 定时任务，更新奖品消耗库存【延迟队列获取，降低对数据库的更新频次，不要产生竞争】
25-07-07.23:41:40.002 [scheduling-1    ] INFO  UpdateAwardStockJob    - 定时任务，更新奖品消耗库存【延迟队列获取，降低对数据库的更新频次，不要产生竞争】
25-07-07.23:41:45.005 [scheduling-1    ] INFO  UpdateAwardStockJob    - 定时任务，更新奖品消耗库存【延迟队列获取，降低对数据库的更新频次，不要产生竞争】
25-07-07.23:41:50.004 [scheduling-1    ] INFO  UpdateAwardStockJob    - 定时任务，更新奖品消耗库存【延迟队列获取，降低对数据库的更新频次，不要产生竞争】
25-07-07.23:41:55.003 [scheduling-1    ] INFO  UpdateAwardStockJob    - 定时任务，更新奖品消耗库存【延迟队列获取，降低对数据库的更新频次，不要产生竞争】
25-07-07.23:42:00.005 [scheduling-1    ] INFO  UpdateAwardStockJob    - 定时任务，更新奖品消耗库存【延迟队列获取，降低对数据库的更新频次，不要产生竞争】
25-07-07.23:42:05.005 [scheduling-1    ] INFO  UpdateAwardStockJob    - 定时任务，更新奖品消耗库存【延迟队列获取，降低对数据库的更新频次，不要产生竞争】
25-07-07.23:42:10.003 [scheduling-1    ] INFO  UpdateAwardStockJob    - 定时任务，更新奖品消耗库存【延迟队列获取，降低对数据库的更新频次，不要产生竞争】
25-07-07.23:42:15.003 [scheduling-1    ] INFO  UpdateAwardStockJob    - 定时任务，更新奖品消耗库存【延迟队列获取，降低对数据库的更新频次，不要产生竞争】
25-07-07.23:42:20.004 [scheduling-1    ] INFO  UpdateAwardStockJob    - 定时任务，更新奖品消耗库存【延迟队列获取，降低对数据库的更新频次，不要产生竞争】
25-07-07.23:42:25.005 [scheduling-1    ] INFO  UpdateAwardStockJob    - 定时任务，更新奖品消耗库存【延迟队列获取，降低对数据库的更新频次，不要产生竞争】
25-07-07.23:42:30.002 [scheduling-1    ] INFO  UpdateAwardStockJob    - 定时任务，更新奖品消耗库存【延迟队列获取，降低对数据库的更新频次，不要产生竞争】
25-07-07.23:42:35.005 [scheduling-1    ] INFO  UpdateAwardStockJob    - 定时任务，更新奖品消耗库存【延迟队列获取，降低对数据库的更新频次，不要产生竞争】
25-07-07.23:42:40.001 [scheduling-1    ] INFO  UpdateAwardStockJob    - 定时任务，更新奖品消耗库存【延迟队列获取，降低对数据库的更新频次，不要产生竞争】
25-07-07.23:42:45.002 [scheduling-1    ] INFO  UpdateAwardStockJob    - 定时任务，更新奖品消耗库存【延迟队列获取，降低对数据库的更新频次，不要产生竞争】
25-07-07.23:42:50.005 [scheduling-1    ] INFO  UpdateAwardStockJob    - 定时任务，更新奖品消耗库存【延迟队列获取，降低对数据库的更新频次，不要产生竞争】
25-07-07.23:42:55.005 [scheduling-1    ] INFO  UpdateAwardStockJob    - 定时任务，更新奖品消耗库存【延迟队列获取，降低对数据库的更新频次，不要产生竞争】
25-07-07.23:43:00.003 [scheduling-1    ] INFO  UpdateAwardStockJob    - 定时任务，更新奖品消耗库存【延迟队列获取，降低对数据库的更新频次，不要产生竞争】
25-07-07.23:43:05.002 [scheduling-1    ] INFO  UpdateAwardStockJob    - 定时任务，更新奖品消耗库存【延迟队列获取，降低对数据库的更新频次，不要产生竞争】
25-07-07.23:43:10.002 [scheduling-1    ] INFO  UpdateAwardStockJob    - 定时任务，更新奖品消耗库存【延迟队列获取，降低对数据库的更新频次，不要产生竞争】
25-07-07.23:43:15.003 [scheduling-1    ] INFO  UpdateAwardStockJob    - 定时任务，更新奖品消耗库存【延迟队列获取，降低对数据库的更新频次，不要产生竞争】
25-07-07.23:43:20.005 [scheduling-1    ] INFO  UpdateAwardStockJob    - 定时任务，更新奖品消耗库存【延迟队列获取，降低对数据库的更新频次，不要产生竞争】
25-07-07.23:43:25.002 [scheduling-1    ] INFO  UpdateAwardStockJob    - 定时任务，更新奖品消耗库存【延迟队列获取，降低对数据库的更新频次，不要产生竞争】
25-07-07.23:43:26.212 [http-nio-8091-exec-26] INFO  RaffleController       - 随机抽奖开始 strategyId: 100006
25-07-07.23:43:26.238 [http-nio-8091-exec-26] INFO  BackListLogicChain     - 抽奖责任链—黑名单, userId=system, strategyId=100006, ruleModel=rule_blacklist
25-07-07.23:43:26.246 [http-nio-8091-exec-26] INFO  BackListLogicChain     - 抽奖责任链：黑名单放行 userId=system, strategyId=100006, ruleModel=rule_blacklist
25-07-07.23:43:26.260 [http-nio-8091-exec-26] INFO  DefaultLogChain        - 抽奖责任链—默认处理, userId=system, strategyId=100006, ruleModel=rule_default, awardId=102
25-07-07.23:43:26.260 [http-nio-8091-exec-26] INFO  AbstractRaffleStrategy - 抽奖策略计算-责任链 system 100006 102 rule_default
25-07-07.23:43:26.278 [http-nio-8091-exec-26] INFO  RuleStockLogicTreeNode - 规则过滤，库存过滤，userid:system,strategyId:100006,awardId:102
25-07-07.23:43:26.298 [http-nio-8091-exec-26] INFO  AbstractRaffleStrategy - 抽奖策略计算-规则树 system 100006 102 
25-07-07.23:43:26.309 [http-nio-8091-exec-26] INFO  RaffleController       - 随机抽奖完成 strategyId: 100006 response: {"code":"0000","data":{"awardId":102,"awardIndex":1},"info":"成功"}
25-07-07.23:43:30.002 [scheduling-1    ] INFO  UpdateAwardStockJob    - 定时任务，更新奖品消耗库存【延迟队列获取，降低对数据库的更新频次，不要产生竞争】
25-07-07.23:43:30.012 [scheduling-1    ] INFO  UpdateAwardStockJob    - 定时任务，更新奖品消耗库存 strategyId:100006 awardId:102
25-07-07.23:43:35.004 [scheduling-1    ] INFO  UpdateAwardStockJob    - 定时任务，更新奖品消耗库存【延迟队列获取，降低对数据库的更新频次，不要产生竞争】
25-07-07.23:43:40.005 [scheduling-1    ] INFO  UpdateAwardStockJob    - 定时任务，更新奖品消耗库存【延迟队列获取，降低对数据库的更新频次，不要产生竞争】
25-07-07.23:43:45.005 [scheduling-1    ] INFO  UpdateAwardStockJob    - 定时任务，更新奖品消耗库存【延迟队列获取，降低对数据库的更新频次，不要产生竞争】
25-07-07.23:43:50.001 [scheduling-1    ] INFO  UpdateAwardStockJob    - 定时任务，更新奖品消耗库存【延迟队列获取，降低对数据库的更新频次，不要产生竞争】
25-07-07.23:43:50.001 [http-nio-8091-exec-27] INFO  RaffleController       - 随机抽奖开始 strategyId: 100006
25-07-07.23:43:50.026 [http-nio-8091-exec-27] INFO  BackListLogicChain     - 抽奖责任链—黑名单, userId=system, strategyId=100006, ruleModel=rule_blacklist
25-07-07.23:43:50.036 [http-nio-8091-exec-27] INFO  BackListLogicChain     - 抽奖责任链：黑名单放行 userId=system, strategyId=100006, ruleModel=rule_blacklist
25-07-07.23:43:50.050 [http-nio-8091-exec-27] INFO  DefaultLogChain        - 抽奖责任链—默认处理, userId=system, strategyId=100006, ruleModel=rule_default, awardId=101
25-07-07.23:43:50.050 [http-nio-8091-exec-27] INFO  AbstractRaffleStrategy - 抽奖策略计算-责任链 system 100006 101 rule_default
25-07-07.23:43:50.070 [http-nio-8091-exec-27] INFO  RuleStockLogicTreeNode - 规则过滤，库存过滤，userid:system,strategyId:100006,awardId:101
25-07-07.23:43:50.091 [http-nio-8091-exec-27] INFO  AbstractRaffleStrategy - 抽奖策略计算-规则树 system 100006 101 
25-07-07.23:43:50.098 [http-nio-8091-exec-27] INFO  RaffleController       - 随机抽奖完成 strategyId: 100006 response: {"code":"0000","data":{"awardId":101,"awardIndex":1},"info":"成功"}
25-07-07.23:43:55.003 [scheduling-1    ] INFO  UpdateAwardStockJob    - 定时任务，更新奖品消耗库存【延迟队列获取，降低对数据库的更新频次，不要产生竞争】
25-07-07.23:43:55.016 [scheduling-1    ] INFO  UpdateAwardStockJob    - 定时任务，更新奖品消耗库存 strategyId:100006 awardId:101
25-07-07.23:44:00.003 [scheduling-1    ] INFO  UpdateAwardStockJob    - 定时任务，更新奖品消耗库存【延迟队列获取，降低对数据库的更新频次，不要产生竞争】
25-07-07.23:44:05.005 [scheduling-1    ] INFO  UpdateAwardStockJob    - 定时任务，更新奖品消耗库存【延迟队列获取，降低对数据库的更新频次，不要产生竞争】
25-07-07.23:44:10.002 [scheduling-1    ] INFO  UpdateAwardStockJob    - 定时任务，更新奖品消耗库存【延迟队列获取，降低对数据库的更新频次，不要产生竞争】
25-07-07.23:44:15.002 [scheduling-1    ] INFO  UpdateAwardStockJob    - 定时任务，更新奖品消耗库存【延迟队列获取，降低对数据库的更新频次，不要产生竞争】
25-07-07.23:44:19.268 [http-nio-8091-exec-29] INFO  RaffleController       - 查询抽奖奖品列表配开始 strategyId：100006
25-07-07.23:44:19.275 [http-nio-8091-exec-29] INFO  RaffleController       - 查询抽奖奖品列表配置完成 strategyId：100006 response: {"code":"0000","data":[{"awardId":101,"awardTitle":"随机积分","sort":1},{"awardId":102,"awardTitle":"随机积分","sort":1}],"info":"成功"}
25-07-07.23:44:20.004 [scheduling-1    ] INFO  UpdateAwardStockJob    - 定时任务，更新奖品消耗库存【延迟队列获取，降低对数据库的更新频次，不要产生竞争】
25-07-07.23:44:25.001 [scheduling-1    ] INFO  UpdateAwardStockJob    - 定时任务，更新奖品消耗库存【延迟队列获取，降低对数据库的更新频次，不要产生竞争】
25-07-07.23:44:30.003 [scheduling-1    ] INFO  UpdateAwardStockJob    - 定时任务，更新奖品消耗库存【延迟队列获取，降低对数据库的更新频次，不要产生竞争】
25-07-07.23:44:35.004 [scheduling-1    ] INFO  UpdateAwardStockJob    - 定时任务，更新奖品消耗库存【延迟队列获取，降低对数据库的更新频次，不要产生竞争】
25-07-07.23:44:36.387 [http-nio-8091-exec-30] INFO  RaffleController       - 随机抽奖开始 strategyId: 100006
25-07-07.23:44:36.410 [http-nio-8091-exec-30] INFO  BackListLogicChain     - 抽奖责任链—黑名单, userId=system, strategyId=100006, ruleModel=rule_blacklist
25-07-07.23:44:36.418 [http-nio-8091-exec-30] INFO  BackListLogicChain     - 抽奖责任链：黑名单放行 userId=system, strategyId=100006, ruleModel=rule_blacklist
25-07-07.23:44:36.433 [http-nio-8091-exec-30] INFO  DefaultLogChain        - 抽奖责任链—默认处理, userId=system, strategyId=100006, ruleModel=rule_default, awardId=101
25-07-07.23:44:36.433 [http-nio-8091-exec-30] INFO  AbstractRaffleStrategy - 抽奖策略计算-责任链 system 100006 101 rule_default
25-07-07.23:44:36.447 [http-nio-8091-exec-30] INFO  RuleStockLogicTreeNode - 规则过滤，库存过滤，userid:system,strategyId:100006,awardId:101
25-07-07.23:44:36.467 [http-nio-8091-exec-30] INFO  AbstractRaffleStrategy - 抽奖策略计算-规则树 system 100006 101 
25-07-07.23:44:36.475 [http-nio-8091-exec-30] INFO  RaffleController       - 随机抽奖完成 strategyId: 100006 response: {"code":"0000","data":{"awardId":101,"awardIndex":1},"info":"成功"}
25-07-07.23:44:40.005 [scheduling-1    ] INFO  UpdateAwardStockJob    - 定时任务，更新奖品消耗库存【延迟队列获取，降低对数据库的更新频次，不要产生竞争】
25-07-07.23:44:40.011 [scheduling-1    ] INFO  UpdateAwardStockJob    - 定时任务，更新奖品消耗库存 strategyId:100006 awardId:101
25-07-07.23:44:45.003 [scheduling-1    ] INFO  UpdateAwardStockJob    - 定时任务，更新奖品消耗库存【延迟队列获取，降低对数据库的更新频次，不要产生竞争】
25-07-07.23:44:50.003 [scheduling-1    ] INFO  UpdateAwardStockJob    - 定时任务，更新奖品消耗库存【延迟队列获取，降低对数据库的更新频次，不要产生竞争】
25-07-07.23:44:55.003 [scheduling-1    ] INFO  UpdateAwardStockJob    - 定时任务，更新奖品消耗库存【延迟队列获取，降低对数据库的更新频次，不要产生竞争】
25-07-07.23:45:00.005 [scheduling-1    ] INFO  UpdateAwardStockJob    - 定时任务，更新奖品消耗库存【延迟队列获取，降低对数据库的更新频次，不要产生竞争】
25-07-07.23:45:05.001 [scheduling-1    ] INFO  UpdateAwardStockJob    - 定时任务，更新奖品消耗库存【延迟队列获取，降低对数据库的更新频次，不要产生竞争】
25-07-07.23:45:10.005 [scheduling-1    ] INFO  UpdateAwardStockJob    - 定时任务，更新奖品消耗库存【延迟队列获取，降低对数据库的更新频次，不要产生竞争】
25-07-07.23:45:15.003 [scheduling-1    ] INFO  UpdateAwardStockJob    - 定时任务，更新奖品消耗库存【延迟队列获取，降低对数据库的更新频次，不要产生竞争】
25-07-07.23:45:20.002 [scheduling-1    ] INFO  UpdateAwardStockJob    - 定时任务，更新奖品消耗库存【延迟队列获取，降低对数据库的更新频次，不要产生竞争】
25-07-07.23:45:25.002 [scheduling-1    ] INFO  UpdateAwardStockJob    - 定时任务，更新奖品消耗库存【延迟队列获取，降低对数据库的更新频次，不要产生竞争】
25-07-07.23:45:30.005 [scheduling-1    ] INFO  UpdateAwardStockJob    - 定时任务，更新奖品消耗库存【延迟队列获取，降低对数据库的更新频次，不要产生竞争】
25-07-07.23:45:35.004 [scheduling-1    ] INFO  UpdateAwardStockJob    - 定时任务，更新奖品消耗库存【延迟队列获取，降低对数据库的更新频次，不要产生竞争】
25-07-07.23:45:40.002 [scheduling-1    ] INFO  UpdateAwardStockJob    - 定时任务，更新奖品消耗库存【延迟队列获取，降低对数据库的更新频次，不要产生竞争】
25-07-07.23:45:45.002 [scheduling-1    ] INFO  UpdateAwardStockJob    - 定时任务，更新奖品消耗库存【延迟队列获取，降低对数据库的更新频次，不要产生竞争】
25-07-07.23:45:50.002 [scheduling-1    ] INFO  UpdateAwardStockJob    - 定时任务，更新奖品消耗库存【延迟队列获取，降低对数据库的更新频次，不要产生竞争】
25-07-07.23:45:55.000 [scheduling-1    ] INFO  UpdateAwardStockJob    - 定时任务，更新奖品消耗库存【延迟队列获取，降低对数据库的更新频次，不要产生竞争】
25-07-07.23:46:00.005 [scheduling-1    ] INFO  UpdateAwardStockJob    - 定时任务，更新奖品消耗库存【延迟队列获取，降低对数据库的更新频次，不要产生竞争】
25-07-07.23:46:05.002 [scheduling-1    ] INFO  UpdateAwardStockJob    - 定时任务，更新奖品消耗库存【延迟队列获取，降低对数据库的更新频次，不要产生竞争】
25-07-07.23:46:10.001 [scheduling-1    ] INFO  UpdateAwardStockJob    - 定时任务，更新奖品消耗库存【延迟队列获取，降低对数据库的更新频次，不要产生竞争】
25-07-07.23:46:15.005 [scheduling-1    ] INFO  UpdateAwardStockJob    - 定时任务，更新奖品消耗库存【延迟队列获取，降低对数据库的更新频次，不要产生竞争】
25-07-07.23:46:20.002 [scheduling-1    ] INFO  UpdateAwardStockJob    - 定时任务，更新奖品消耗库存【延迟队列获取，降低对数据库的更新频次，不要产生竞争】
25-07-07.23:46:25.001 [scheduling-1    ] INFO  UpdateAwardStockJob    - 定时任务，更新奖品消耗库存【延迟队列获取，降低对数据库的更新频次，不要产生竞争】
25-07-07.23:46:30.003 [scheduling-1    ] INFO  UpdateAwardStockJob    - 定时任务，更新奖品消耗库存【延迟队列获取，降低对数据库的更新频次，不要产生竞争】
25-07-07.23:46:35.004 [scheduling-1    ] INFO  UpdateAwardStockJob    - 定时任务，更新奖品消耗库存【延迟队列获取，降低对数据库的更新频次，不要产生竞争】
25-07-07.23:46:40.002 [scheduling-1    ] INFO  UpdateAwardStockJob    - 定时任务，更新奖品消耗库存【延迟队列获取，降低对数据库的更新频次，不要产生竞争】
25-07-07.23:46:45.000 [scheduling-1    ] INFO  UpdateAwardStockJob    - 定时任务，更新奖品消耗库存【延迟队列获取，降低对数据库的更新频次，不要产生竞争】
25-07-07.23:46:50.005 [scheduling-1    ] INFO  UpdateAwardStockJob    - 定时任务，更新奖品消耗库存【延迟队列获取，降低对数据库的更新频次，不要产生竞争】
25-07-07.23:46:55.001 [scheduling-1    ] INFO  UpdateAwardStockJob    - 定时任务，更新奖品消耗库存【延迟队列获取，降低对数据库的更新频次，不要产生竞争】
25-07-07.23:47:00.001 [scheduling-1    ] INFO  UpdateAwardStockJob    - 定时任务，更新奖品消耗库存【延迟队列获取，降低对数据库的更新频次，不要产生竞争】
25-07-07.23:47:05.005 [scheduling-1    ] INFO  UpdateAwardStockJob    - 定时任务，更新奖品消耗库存【延迟队列获取，降低对数据库的更新频次，不要产生竞争】
25-07-07.23:47:09.912 [http-nio-8091-exec-32] INFO  RaffleController       - 查询抽奖奖品列表配开始 strategyId：100006
25-07-07.23:47:09.926 [http-nio-8091-exec-32] INFO  RaffleController       - 查询抽奖奖品列表配置完成 strategyId：100006 response: {"code":"0000","data":[{"awardId":101,"awardTitle":"随机积分","sort":1},{"awardId":102,"awardTitle":"随机积分","sort":1}],"info":"成功"}
25-07-07.23:47:10.001 [scheduling-1    ] INFO  UpdateAwardStockJob    - 定时任务，更新奖品消耗库存【延迟队列获取，降低对数据库的更新频次，不要产生竞争】
25-07-07.23:47:13.234 [http-nio-8091-exec-33] INFO  RaffleController       - 随机抽奖开始 strategyId: 100006
25-07-07.23:47:13.268 [http-nio-8091-exec-33] INFO  BackListLogicChain     - 抽奖责任链—黑名单, userId=system, strategyId=100006, ruleModel=rule_blacklist
25-07-07.23:47:13.280 [http-nio-8091-exec-33] INFO  BackListLogicChain     - 抽奖责任链：黑名单放行 userId=system, strategyId=100006, ruleModel=rule_blacklist
25-07-07.23:47:13.296 [http-nio-8091-exec-33] INFO  DefaultLogChain        - 抽奖责任链—默认处理, userId=system, strategyId=100006, ruleModel=rule_default, awardId=102
25-07-07.23:47:13.296 [http-nio-8091-exec-33] INFO  AbstractRaffleStrategy - 抽奖策略计算-责任链 system 100006 102 rule_default
25-07-07.23:47:13.313 [http-nio-8091-exec-33] INFO  RuleStockLogicTreeNode - 规则过滤，库存过滤，userid:system,strategyId:100006,awardId:102
25-07-07.23:47:13.343 [http-nio-8091-exec-33] INFO  AbstractRaffleStrategy - 抽奖策略计算-规则树 system 100006 102 
25-07-07.23:47:13.352 [http-nio-8091-exec-33] INFO  RaffleController       - 随机抽奖完成 strategyId: 100006 response: {"code":"0000","data":{"awardId":102,"awardIndex":1},"info":"成功"}
25-07-07.23:47:15.003 [scheduling-1    ] INFO  UpdateAwardStockJob    - 定时任务，更新奖品消耗库存【延迟队列获取，降低对数据库的更新频次，不要产生竞争】
25-07-07.23:47:20.018 [scheduling-1    ] INFO  UpdateAwardStockJob    - 定时任务，更新奖品消耗库存【延迟队列获取，降低对数据库的更新频次，不要产生竞争】
25-07-07.23:47:20.038 [scheduling-1    ] INFO  UpdateAwardStockJob    - 定时任务，更新奖品消耗库存 strategyId:100006 awardId:102
25-07-07.23:47:20.322 [http-nio-8091-exec-34] INFO  RaffleController       - 随机抽奖开始 strategyId: 100006
25-07-07.23:47:20.338 [http-nio-8091-exec-34] INFO  BackListLogicChain     - 抽奖责任链—黑名单, userId=system, strategyId=100006, ruleModel=rule_blacklist
25-07-07.23:47:20.344 [http-nio-8091-exec-34] INFO  BackListLogicChain     - 抽奖责任链：黑名单放行 userId=system, strategyId=100006, ruleModel=rule_blacklist
25-07-07.23:47:20.355 [http-nio-8091-exec-34] INFO  DefaultLogChain        - 抽奖责任链—默认处理, userId=system, strategyId=100006, ruleModel=rule_default, awardId=102
25-07-07.23:47:20.356 [http-nio-8091-exec-34] INFO  AbstractRaffleStrategy - 抽奖策略计算-责任链 system 100006 102 rule_default
25-07-07.23:47:20.369 [http-nio-8091-exec-34] INFO  RuleStockLogicTreeNode - 规则过滤，库存过滤，userid:system,strategyId:100006,awardId:102
25-07-07.23:47:20.386 [http-nio-8091-exec-34] INFO  AbstractRaffleStrategy - 抽奖策略计算-规则树 system 100006 102 
25-07-07.23:47:20.392 [http-nio-8091-exec-34] INFO  RaffleController       - 随机抽奖完成 strategyId: 100006 response: {"code":"0000","data":{"awardId":102,"awardIndex":1},"info":"成功"}
25-07-07.23:47:25.004 [scheduling-1    ] INFO  UpdateAwardStockJob    - 定时任务，更新奖品消耗库存【延迟队列获取，降低对数据库的更新频次，不要产生竞争】
25-07-07.23:47:25.015 [scheduling-1    ] INFO  UpdateAwardStockJob    - 定时任务，更新奖品消耗库存 strategyId:100006 awardId:102
25-07-07.23:47:30.005 [scheduling-1    ] INFO  UpdateAwardStockJob    - 定时任务，更新奖品消耗库存【延迟队列获取，降低对数据库的更新频次，不要产生竞争】
25-07-07.23:47:35.004 [scheduling-1    ] INFO  UpdateAwardStockJob    - 定时任务，更新奖品消耗库存【延迟队列获取，降低对数据库的更新频次，不要产生竞争】
25-07-07.23:47:40.003 [scheduling-1    ] INFO  UpdateAwardStockJob    - 定时任务，更新奖品消耗库存【延迟队列获取，降低对数据库的更新频次，不要产生竞争】
25-07-07.23:47:42.179 [http-nio-8091-exec-35] INFO  RaffleController       - 随机抽奖开始 strategyId: 100006
25-07-07.23:47:42.200 [http-nio-8091-exec-35] INFO  BackListLogicChain     - 抽奖责任链—黑名单, userId=system, strategyId=100006, ruleModel=rule_blacklist
25-07-07.23:47:42.208 [http-nio-8091-exec-35] INFO  BackListLogicChain     - 抽奖责任链：黑名单放行 userId=system, strategyId=100006, ruleModel=rule_blacklist
25-07-07.23:47:42.220 [http-nio-8091-exec-35] INFO  DefaultLogChain        - 抽奖责任链—默认处理, userId=system, strategyId=100006, ruleModel=rule_default, awardId=102
25-07-07.23:47:42.220 [http-nio-8091-exec-35] INFO  AbstractRaffleStrategy - 抽奖策略计算-责任链 system 100006 102 rule_default
25-07-07.23:47:42.233 [http-nio-8091-exec-35] INFO  RuleStockLogicTreeNode - 规则过滤，库存过滤，userid:system,strategyId:100006,awardId:102
25-07-07.23:47:42.253 [http-nio-8091-exec-35] INFO  AbstractRaffleStrategy - 抽奖策略计算-规则树 system 100006 102 
25-07-07.23:47:42.261 [http-nio-8091-exec-35] INFO  RaffleController       - 随机抽奖完成 strategyId: 100006 response: {"code":"0000","data":{"awardId":102,"awardIndex":1},"info":"成功"}
25-07-07.23:47:45.004 [scheduling-1    ] INFO  UpdateAwardStockJob    - 定时任务，更新奖品消耗库存【延迟队列获取，降低对数据库的更新频次，不要产生竞争】
25-07-07.23:47:50.002 [scheduling-1    ] INFO  UpdateAwardStockJob    - 定时任务，更新奖品消耗库存【延迟队列获取，降低对数据库的更新频次，不要产生竞争】
25-07-07.23:47:50.012 [scheduling-1    ] INFO  UpdateAwardStockJob    - 定时任务，更新奖品消耗库存 strategyId:100006 awardId:102
25-07-07.23:47:55.001 [scheduling-1    ] INFO  UpdateAwardStockJob    - 定时任务，更新奖品消耗库存【延迟队列获取，降低对数据库的更新频次，不要产生竞争】
25-07-07.23:48:00.002 [scheduling-1    ] INFO  UpdateAwardStockJob    - 定时任务，更新奖品消耗库存【延迟队列获取，降低对数据库的更新频次，不要产生竞争】
25-07-07.23:48:05.005 [scheduling-1    ] INFO  UpdateAwardStockJob    - 定时任务，更新奖品消耗库存【延迟队列获取，降低对数据库的更新频次，不要产生竞争】
25-07-07.23:48:10.004 [scheduling-1    ] INFO  UpdateAwardStockJob    - 定时任务，更新奖品消耗库存【延迟队列获取，降低对数据库的更新频次，不要产生竞争】
25-07-07.23:48:15.004 [scheduling-1    ] INFO  UpdateAwardStockJob    - 定时任务，更新奖品消耗库存【延迟队列获取，降低对数据库的更新频次，不要产生竞争】
25-07-07.23:48:20.005 [scheduling-1    ] INFO  UpdateAwardStockJob    - 定时任务，更新奖品消耗库存【延迟队列获取，降低对数据库的更新频次，不要产生竞争】
25-07-07.23:48:25.001 [scheduling-1    ] INFO  UpdateAwardStockJob    - 定时任务，更新奖品消耗库存【延迟队列获取，降低对数据库的更新频次，不要产生竞争】
25-07-07.23:48:30.002 [scheduling-1    ] INFO  UpdateAwardStockJob    - 定时任务，更新奖品消耗库存【延迟队列获取，降低对数据库的更新频次，不要产生竞争】
25-07-07.23:48:35.001 [scheduling-1    ] INFO  UpdateAwardStockJob    - 定时任务，更新奖品消耗库存【延迟队列获取，降低对数据库的更新频次，不要产生竞争】
25-07-07.23:48:40.003 [scheduling-1    ] INFO  UpdateAwardStockJob    - 定时任务，更新奖品消耗库存【延迟队列获取，降低对数据库的更新频次，不要产生竞争】
25-07-07.23:48:45.001 [scheduling-1    ] INFO  UpdateAwardStockJob    - 定时任务，更新奖品消耗库存【延迟队列获取，降低对数据库的更新频次，不要产生竞争】
25-07-07.23:48:50.003 [scheduling-1    ] INFO  UpdateAwardStockJob    - 定时任务，更新奖品消耗库存【延迟队列获取，降低对数据库的更新频次，不要产生竞争】
25-07-07.23:48:55.004 [scheduling-1    ] INFO  UpdateAwardStockJob    - 定时任务，更新奖品消耗库存【延迟队列获取，降低对数据库的更新频次，不要产生竞争】
25-07-07.23:49:00.003 [scheduling-1    ] INFO  UpdateAwardStockJob    - 定时任务，更新奖品消耗库存【延迟队列获取，降低对数据库的更新频次，不要产生竞争】
25-07-07.23:49:05.004 [scheduling-1    ] INFO  UpdateAwardStockJob    - 定时任务，更新奖品消耗库存【延迟队列获取，降低对数据库的更新频次，不要产生竞争】
25-07-07.23:49:10.000 [scheduling-1    ] INFO  UpdateAwardStockJob    - 定时任务，更新奖品消耗库存【延迟队列获取，降低对数据库的更新频次，不要产生竞争】
25-07-07.23:49:15.000 [scheduling-1    ] INFO  UpdateAwardStockJob    - 定时任务，更新奖品消耗库存【延迟队列获取，降低对数据库的更新频次，不要产生竞争】
25-07-07.23:49:20.005 [scheduling-1    ] INFO  UpdateAwardStockJob    - 定时任务，更新奖品消耗库存【延迟队列获取，降低对数据库的更新频次，不要产生竞争】
25-07-07.23:49:25.006 [scheduling-1    ] INFO  UpdateAwardStockJob    - 定时任务，更新奖品消耗库存【延迟队列获取，降低对数据库的更新频次，不要产生竞争】
25-07-07.23:49:30.005 [scheduling-1    ] INFO  UpdateAwardStockJob    - 定时任务，更新奖品消耗库存【延迟队列获取，降低对数据库的更新频次，不要产生竞争】
25-07-07.23:49:35.002 [scheduling-1    ] INFO  UpdateAwardStockJob    - 定时任务，更新奖品消耗库存【延迟队列获取，降低对数据库的更新频次，不要产生竞争】
25-07-07.23:49:40.005 [scheduling-1    ] INFO  UpdateAwardStockJob    - 定时任务，更新奖品消耗库存【延迟队列获取，降低对数据库的更新频次，不要产生竞争】
25-07-07.23:49:45.005 [scheduling-1    ] INFO  UpdateAwardStockJob    - 定时任务，更新奖品消耗库存【延迟队列获取，降低对数据库的更新频次，不要产生竞争】
25-07-07.23:49:50.005 [scheduling-1    ] INFO  UpdateAwardStockJob    - 定时任务，更新奖品消耗库存【延迟队列获取，降低对数据库的更新频次，不要产生竞争】
25-07-07.23:49:55.005 [scheduling-1    ] INFO  UpdateAwardStockJob    - 定时任务，更新奖品消耗库存【延迟队列获取，降低对数据库的更新频次，不要产生竞争】
25-07-07.23:50:00.003 [scheduling-1    ] INFO  UpdateAwardStockJob    - 定时任务，更新奖品消耗库存【延迟队列获取，降低对数据库的更新频次，不要产生竞争】
25-07-07.23:50:05.004 [scheduling-1    ] INFO  UpdateAwardStockJob    - 定时任务，更新奖品消耗库存【延迟队列获取，降低对数据库的更新频次，不要产生竞争】
25-07-07.23:50:10.003 [scheduling-1    ] INFO  UpdateAwardStockJob    - 定时任务，更新奖品消耗库存【延迟队列获取，降低对数据库的更新频次，不要产生竞争】
25-07-07.23:50:15.006 [scheduling-1    ] INFO  UpdateAwardStockJob    - 定时任务，更新奖品消耗库存【延迟队列获取，降低对数据库的更新频次，不要产生竞争】
25-07-07.23:50:20.005 [scheduling-1    ] INFO  UpdateAwardStockJob    - 定时任务，更新奖品消耗库存【延迟队列获取，降低对数据库的更新频次，不要产生竞争】
25-07-07.23:50:25.005 [scheduling-1    ] INFO  UpdateAwardStockJob    - 定时任务，更新奖品消耗库存【延迟队列获取，降低对数据库的更新频次，不要产生竞争】
25-07-07.23:50:30.001 [scheduling-1    ] INFO  UpdateAwardStockJob    - 定时任务，更新奖品消耗库存【延迟队列获取，降低对数据库的更新频次，不要产生竞争】
25-07-07.23:50:35.005 [scheduling-1    ] INFO  UpdateAwardStockJob    - 定时任务，更新奖品消耗库存【延迟队列获取，降低对数据库的更新频次，不要产生竞争】
25-07-07.23:50:40.003 [scheduling-1    ] INFO  UpdateAwardStockJob    - 定时任务，更新奖品消耗库存【延迟队列获取，降低对数据库的更新频次，不要产生竞争】
25-07-07.23:50:45.004 [scheduling-1    ] INFO  UpdateAwardStockJob    - 定时任务，更新奖品消耗库存【延迟队列获取，降低对数据库的更新频次，不要产生竞争】
25-07-07.23:50:50.005 [scheduling-1    ] INFO  UpdateAwardStockJob    - 定时任务，更新奖品消耗库存【延迟队列获取，降低对数据库的更新频次，不要产生竞争】
25-07-07.23:50:55.005 [scheduling-1    ] INFO  UpdateAwardStockJob    - 定时任务，更新奖品消耗库存【延迟队列获取，降低对数据库的更新频次，不要产生竞争】
25-07-07.23:51:00.004 [scheduling-1    ] INFO  UpdateAwardStockJob    - 定时任务，更新奖品消耗库存【延迟队列获取，降低对数据库的更新频次，不要产生竞争】
25-07-07.23:51:05.005 [scheduling-1    ] INFO  UpdateAwardStockJob    - 定时任务，更新奖品消耗库存【延迟队列获取，降低对数据库的更新频次，不要产生竞争】
25-07-07.23:51:10.005 [scheduling-1    ] INFO  UpdateAwardStockJob    - 定时任务，更新奖品消耗库存【延迟队列获取，降低对数据库的更新频次，不要产生竞争】
25-07-07.23:51:15.002 [scheduling-1    ] INFO  UpdateAwardStockJob    - 定时任务，更新奖品消耗库存【延迟队列获取，降低对数据库的更新频次，不要产生竞争】
25-07-07.23:51:20.001 [scheduling-1    ] INFO  UpdateAwardStockJob    - 定时任务，更新奖品消耗库存【延迟队列获取，降低对数据库的更新频次，不要产生竞争】
25-07-07.23:51:25.005 [scheduling-1    ] INFO  UpdateAwardStockJob    - 定时任务，更新奖品消耗库存【延迟队列获取，降低对数据库的更新频次，不要产生竞争】
25-07-07.23:51:30.005 [scheduling-1    ] INFO  UpdateAwardStockJob    - 定时任务，更新奖品消耗库存【延迟队列获取，降低对数据库的更新频次，不要产生竞争】
25-07-07.23:51:35.004 [scheduling-1    ] INFO  UpdateAwardStockJob    - 定时任务，更新奖品消耗库存【延迟队列获取，降低对数据库的更新频次，不要产生竞争】
25-07-07.23:51:40.002 [scheduling-1    ] INFO  UpdateAwardStockJob    - 定时任务，更新奖品消耗库存【延迟队列获取，降低对数据库的更新频次，不要产生竞争】
25-07-07.23:51:45.000 [scheduling-1    ] INFO  UpdateAwardStockJob    - 定时任务，更新奖品消耗库存【延迟队列获取，降低对数据库的更新频次，不要产生竞争】
25-07-07.23:51:50.005 [scheduling-1    ] INFO  UpdateAwardStockJob    - 定时任务，更新奖品消耗库存【延迟队列获取，降低对数据库的更新频次，不要产生竞争】
25-07-07.23:51:55.001 [scheduling-1    ] INFO  UpdateAwardStockJob    - 定时任务，更新奖品消耗库存【延迟队列获取，降低对数据库的更新频次，不要产生竞争】
25-07-07.23:52:00.001 [scheduling-1    ] INFO  UpdateAwardStockJob    - 定时任务，更新奖品消耗库存【延迟队列获取，降低对数据库的更新频次，不要产生竞争】
25-07-07.23:52:02.866 [http-nio-8091-exec-37] INFO  RaffleController       - 随机抽奖开始 strategyId: 100006
25-07-07.23:52:02.887 [http-nio-8091-exec-37] INFO  BackListLogicChain     - 抽奖责任链—黑名单, userId=system, strategyId=100006, ruleModel=rule_blacklist
25-07-07.23:52:02.895 [http-nio-8091-exec-37] INFO  BackListLogicChain     - 抽奖责任链：黑名单放行 userId=system, strategyId=100006, ruleModel=rule_blacklist
25-07-07.23:52:02.908 [http-nio-8091-exec-37] INFO  DefaultLogChain        - 抽奖责任链—默认处理, userId=system, strategyId=100006, ruleModel=rule_default, awardId=101
25-07-07.23:52:02.908 [http-nio-8091-exec-37] INFO  AbstractRaffleStrategy - 抽奖策略计算-责任链 system 100006 101 rule_default
25-07-07.23:52:02.926 [http-nio-8091-exec-37] INFO  RuleStockLogicTreeNode - 规则过滤，库存过滤，userid:system,strategyId:100006,awardId:101
25-07-07.23:52:02.946 [http-nio-8091-exec-37] INFO  AbstractRaffleStrategy - 抽奖策略计算-规则树 system 100006 101 
25-07-07.23:52:02.954 [http-nio-8091-exec-37] INFO  RaffleController       - 随机抽奖完成 strategyId: 100006 response: {"code":"0000","data":{"awardId":101,"awardIndex":1},"info":"成功"}
25-07-07.23:52:05.006 [scheduling-1    ] INFO  UpdateAwardStockJob    - 定时任务，更新奖品消耗库存【延迟队列获取，降低对数据库的更新频次，不要产生竞争】
25-07-07.23:52:10.002 [scheduling-1    ] INFO  UpdateAwardStockJob    - 定时任务，更新奖品消耗库存【延迟队列获取，降低对数据库的更新频次，不要产生竞争】
25-07-07.23:52:10.008 [scheduling-1    ] INFO  UpdateAwardStockJob    - 定时任务，更新奖品消耗库存 strategyId:100006 awardId:101
25-07-07.23:52:15.003 [scheduling-1    ] INFO  UpdateAwardStockJob    - 定时任务，更新奖品消耗库存【延迟队列获取，降低对数据库的更新频次，不要产生竞争】
25-07-07.23:52:20.001 [scheduling-1    ] INFO  UpdateAwardStockJob    - 定时任务，更新奖品消耗库存【延迟队列获取，降低对数据库的更新频次，不要产生竞争】
25-07-07.23:52:25.007 [scheduling-1    ] INFO  UpdateAwardStockJob    - 定时任务，更新奖品消耗库存【延迟队列获取，降低对数据库的更新频次，不要产生竞争】
25-07-07.23:52:30.003 [scheduling-1    ] INFO  UpdateAwardStockJob    - 定时任务，更新奖品消耗库存【延迟队列获取，降低对数据库的更新频次，不要产生竞争】
25-07-07.23:52:35.002 [scheduling-1    ] INFO  UpdateAwardStockJob    - 定时任务，更新奖品消耗库存【延迟队列获取，降低对数据库的更新频次，不要产生竞争】
25-07-07.23:52:40.005 [scheduling-1    ] INFO  UpdateAwardStockJob    - 定时任务，更新奖品消耗库存【延迟队列获取，降低对数据库的更新频次，不要产生竞争】
25-07-07.23:52:45.002 [scheduling-1    ] INFO  UpdateAwardStockJob    - 定时任务，更新奖品消耗库存【延迟队列获取，降低对数据库的更新频次，不要产生竞争】
25-07-07.23:52:50.005 [scheduling-1    ] INFO  UpdateAwardStockJob    - 定时任务，更新奖品消耗库存【延迟队列获取，降低对数据库的更新频次，不要产生竞争】
25-07-07.23:52:55.004 [scheduling-1    ] INFO  UpdateAwardStockJob    - 定时任务，更新奖品消耗库存【延迟队列获取，降低对数据库的更新频次，不要产生竞争】
25-07-07.23:53:00.003 [scheduling-1    ] INFO  UpdateAwardStockJob    - 定时任务，更新奖品消耗库存【延迟队列获取，降低对数据库的更新频次，不要产生竞争】
25-07-07.23:53:05.001 [scheduling-1    ] INFO  UpdateAwardStockJob    - 定时任务，更新奖品消耗库存【延迟队列获取，降低对数据库的更新频次，不要产生竞争】
25-07-07.23:53:10.005 [scheduling-1    ] INFO  UpdateAwardStockJob    - 定时任务，更新奖品消耗库存【延迟队列获取，降低对数据库的更新频次，不要产生竞争】
25-07-07.23:53:15.001 [scheduling-1    ] INFO  UpdateAwardStockJob    - 定时任务，更新奖品消耗库存【延迟队列获取，降低对数据库的更新频次，不要产生竞争】
25-07-07.23:53:20.005 [scheduling-1    ] INFO  UpdateAwardStockJob    - 定时任务，更新奖品消耗库存【延迟队列获取，降低对数据库的更新频次，不要产生竞争】
25-07-07.23:53:25.004 [scheduling-1    ] INFO  UpdateAwardStockJob    - 定时任务，更新奖品消耗库存【延迟队列获取，降低对数据库的更新频次，不要产生竞争】
25-07-07.23:53:30.004 [scheduling-1    ] INFO  UpdateAwardStockJob    - 定时任务，更新奖品消耗库存【延迟队列获取，降低对数据库的更新频次，不要产生竞争】
25-07-07.23:53:35.005 [scheduling-1    ] INFO  UpdateAwardStockJob    - 定时任务，更新奖品消耗库存【延迟队列获取，降低对数据库的更新频次，不要产生竞争】
25-07-07.23:53:40.001 [scheduling-1    ] INFO  UpdateAwardStockJob    - 定时任务，更新奖品消耗库存【延迟队列获取，降低对数据库的更新频次，不要产生竞争】
25-07-07.23:53:45.002 [scheduling-1    ] INFO  UpdateAwardStockJob    - 定时任务，更新奖品消耗库存【延迟队列获取，降低对数据库的更新频次，不要产生竞争】
25-07-07.23:53:50.006 [scheduling-1    ] INFO  UpdateAwardStockJob    - 定时任务，更新奖品消耗库存【延迟队列获取，降低对数据库的更新频次，不要产生竞争】
25-07-07.23:53:55.002 [scheduling-1    ] INFO  UpdateAwardStockJob    - 定时任务，更新奖品消耗库存【延迟队列获取，降低对数据库的更新频次，不要产生竞争】
25-07-07.23:54:00.004 [scheduling-1    ] INFO  UpdateAwardStockJob    - 定时任务，更新奖品消耗库存【延迟队列获取，降低对数据库的更新频次，不要产生竞争】
25-07-07.23:54:05.005 [scheduling-1    ] INFO  UpdateAwardStockJob    - 定时任务，更新奖品消耗库存【延迟队列获取，降低对数据库的更新频次，不要产生竞争】
25-07-07.23:54:10.003 [scheduling-1    ] INFO  UpdateAwardStockJob    - 定时任务，更新奖品消耗库存【延迟队列获取，降低对数据库的更新频次，不要产生竞争】
25-07-07.23:54:15.002 [scheduling-1    ] INFO  UpdateAwardStockJob    - 定时任务，更新奖品消耗库存【延迟队列获取，降低对数据库的更新频次，不要产生竞争】
25-07-07.23:54:20.005 [scheduling-1    ] INFO  UpdateAwardStockJob    - 定时任务，更新奖品消耗库存【延迟队列获取，降低对数据库的更新频次，不要产生竞争】
25-07-07.23:54:25.005 [scheduling-1    ] INFO  UpdateAwardStockJob    - 定时任务，更新奖品消耗库存【延迟队列获取，降低对数据库的更新频次，不要产生竞争】
25-07-07.23:54:30.003 [scheduling-1    ] INFO  UpdateAwardStockJob    - 定时任务，更新奖品消耗库存【延迟队列获取，降低对数据库的更新频次，不要产生竞争】
25-07-07.23:54:35.000 [scheduling-1    ] INFO  UpdateAwardStockJob    - 定时任务，更新奖品消耗库存【延迟队列获取，降低对数据库的更新频次，不要产生竞争】
25-07-07.23:54:40.003 [scheduling-1    ] INFO  UpdateAwardStockJob    - 定时任务，更新奖品消耗库存【延迟队列获取，降低对数据库的更新频次，不要产生竞争】
25-07-07.23:54:45.004 [scheduling-1    ] INFO  UpdateAwardStockJob    - 定时任务，更新奖品消耗库存【延迟队列获取，降低对数据库的更新频次，不要产生竞争】
25-07-07.23:54:50.005 [scheduling-1    ] INFO  UpdateAwardStockJob    - 定时任务，更新奖品消耗库存【延迟队列获取，降低对数据库的更新频次，不要产生竞争】
25-07-07.23:54:55.004 [scheduling-1    ] INFO  UpdateAwardStockJob    - 定时任务，更新奖品消耗库存【延迟队列获取，降低对数据库的更新频次，不要产生竞争】
25-07-07.23:55:00.003 [scheduling-1    ] INFO  UpdateAwardStockJob    - 定时任务，更新奖品消耗库存【延迟队列获取，降低对数据库的更新频次，不要产生竞争】
25-07-07.23:55:05.005 [scheduling-1    ] INFO  UpdateAwardStockJob    - 定时任务，更新奖品消耗库存【延迟队列获取，降低对数据库的更新频次，不要产生竞争】
25-07-07.23:55:10.004 [scheduling-1    ] INFO  UpdateAwardStockJob    - 定时任务，更新奖品消耗库存【延迟队列获取，降低对数据库的更新频次，不要产生竞争】
25-07-07.23:55:15.005 [scheduling-1    ] INFO  UpdateAwardStockJob    - 定时任务，更新奖品消耗库存【延迟队列获取，降低对数据库的更新频次，不要产生竞争】
25-07-07.23:55:20.005 [scheduling-1    ] INFO  UpdateAwardStockJob    - 定时任务，更新奖品消耗库存【延迟队列获取，降低对数据库的更新频次，不要产生竞争】
25-07-07.23:55:25.005 [scheduling-1    ] INFO  UpdateAwardStockJob    - 定时任务，更新奖品消耗库存【延迟队列获取，降低对数据库的更新频次，不要产生竞争】
25-07-07.23:55:30.002 [scheduling-1    ] INFO  UpdateAwardStockJob    - 定时任务，更新奖品消耗库存【延迟队列获取，降低对数据库的更新频次，不要产生竞争】
25-07-07.23:55:35.005 [scheduling-1    ] INFO  UpdateAwardStockJob    - 定时任务，更新奖品消耗库存【延迟队列获取，降低对数据库的更新频次，不要产生竞争】
25-07-07.23:55:40.003 [scheduling-1    ] INFO  UpdateAwardStockJob    - 定时任务，更新奖品消耗库存【延迟队列获取，降低对数据库的更新频次，不要产生竞争】
25-07-07.23:55:45.005 [scheduling-1    ] INFO  UpdateAwardStockJob    - 定时任务，更新奖品消耗库存【延迟队列获取，降低对数据库的更新频次，不要产生竞争】
25-07-07.23:55:50.004 [scheduling-1    ] INFO  UpdateAwardStockJob    - 定时任务，更新奖品消耗库存【延迟队列获取，降低对数据库的更新频次，不要产生竞争】
25-07-07.23:55:55.004 [scheduling-1    ] INFO  UpdateAwardStockJob    - 定时任务，更新奖品消耗库存【延迟队列获取，降低对数据库的更新频次，不要产生竞争】
25-07-07.23:56:00.002 [scheduling-1    ] INFO  UpdateAwardStockJob    - 定时任务，更新奖品消耗库存【延迟队列获取，降低对数据库的更新频次，不要产生竞争】
25-07-07.23:56:05.003 [scheduling-1    ] INFO  UpdateAwardStockJob    - 定时任务，更新奖品消耗库存【延迟队列获取，降低对数据库的更新频次，不要产生竞争】
25-07-07.23:56:10.005 [scheduling-1    ] INFO  UpdateAwardStockJob    - 定时任务，更新奖品消耗库存【延迟队列获取，降低对数据库的更新频次，不要产生竞争】
25-07-07.23:56:15.003 [scheduling-1    ] INFO  UpdateAwardStockJob    - 定时任务，更新奖品消耗库存【延迟队列获取，降低对数据库的更新频次，不要产生竞争】
25-07-07.23:56:20.005 [scheduling-1    ] INFO  UpdateAwardStockJob    - 定时任务，更新奖品消耗库存【延迟队列获取，降低对数据库的更新频次，不要产生竞争】
25-07-07.23:56:25.004 [scheduling-1    ] INFO  UpdateAwardStockJob    - 定时任务，更新奖品消耗库存【延迟队列获取，降低对数据库的更新频次，不要产生竞争】
25-07-07.23:56:30.002 [scheduling-1    ] INFO  UpdateAwardStockJob    - 定时任务，更新奖品消耗库存【延迟队列获取，降低对数据库的更新频次，不要产生竞争】
25-07-07.23:56:35.002 [scheduling-1    ] INFO  UpdateAwardStockJob    - 定时任务，更新奖品消耗库存【延迟队列获取，降低对数据库的更新频次，不要产生竞争】
25-07-07.23:56:40.002 [scheduling-1    ] INFO  UpdateAwardStockJob    - 定时任务，更新奖品消耗库存【延迟队列获取，降低对数据库的更新频次，不要产生竞争】
25-07-07.23:56:45.001 [scheduling-1    ] INFO  UpdateAwardStockJob    - 定时任务，更新奖品消耗库存【延迟队列获取，降低对数据库的更新频次，不要产生竞争】
25-07-07.23:56:50.002 [scheduling-1    ] INFO  UpdateAwardStockJob    - 定时任务，更新奖品消耗库存【延迟队列获取，降低对数据库的更新频次，不要产生竞争】
25-07-07.23:56:55.000 [scheduling-1    ] INFO  UpdateAwardStockJob    - 定时任务，更新奖品消耗库存【延迟队列获取，降低对数据库的更新频次，不要产生竞争】
25-07-07.23:57:00.005 [scheduling-1    ] INFO  UpdateAwardStockJob    - 定时任务，更新奖品消耗库存【延迟队列获取，降低对数据库的更新频次，不要产生竞争】
25-07-07.23:57:05.002 [scheduling-1    ] INFO  UpdateAwardStockJob    - 定时任务，更新奖品消耗库存【延迟队列获取，降低对数据库的更新频次，不要产生竞争】
25-07-07.23:57:10.002 [scheduling-1    ] INFO  UpdateAwardStockJob    - 定时任务，更新奖品消耗库存【延迟队列获取，降低对数据库的更新频次，不要产生竞争】
25-07-07.23:57:15.005 [scheduling-1    ] INFO  UpdateAwardStockJob    - 定时任务，更新奖品消耗库存【延迟队列获取，降低对数据库的更新频次，不要产生竞争】
25-07-07.23:57:20.010 [scheduling-1    ] INFO  UpdateAwardStockJob    - 定时任务，更新奖品消耗库存【延迟队列获取，降低对数据库的更新频次，不要产生竞争】
25-07-07.23:57:25.005 [scheduling-1    ] INFO  UpdateAwardStockJob    - 定时任务，更新奖品消耗库存【延迟队列获取，降低对数据库的更新频次，不要产生竞争】
25-07-07.23:57:30.002 [scheduling-1    ] INFO  UpdateAwardStockJob    - 定时任务，更新奖品消耗库存【延迟队列获取，降低对数据库的更新频次，不要产生竞争】
25-07-07.23:57:35.004 [scheduling-1    ] INFO  UpdateAwardStockJob    - 定时任务，更新奖品消耗库存【延迟队列获取，降低对数据库的更新频次，不要产生竞争】
25-07-07.23:57:40.004 [scheduling-1    ] INFO  UpdateAwardStockJob    - 定时任务，更新奖品消耗库存【延迟队列获取，降低对数据库的更新频次，不要产生竞争】
25-07-07.23:57:45.002 [scheduling-1    ] INFO  UpdateAwardStockJob    - 定时任务，更新奖品消耗库存【延迟队列获取，降低对数据库的更新频次，不要产生竞争】
25-07-07.23:57:50.000 [scheduling-1    ] INFO  UpdateAwardStockJob    - 定时任务，更新奖品消耗库存【延迟队列获取，降低对数据库的更新频次，不要产生竞争】
25-07-07.23:57:55.002 [scheduling-1    ] INFO  UpdateAwardStockJob    - 定时任务，更新奖品消耗库存【延迟队列获取，降低对数据库的更新频次，不要产生竞争】
25-07-07.23:58:00.005 [scheduling-1    ] INFO  UpdateAwardStockJob    - 定时任务，更新奖品消耗库存【延迟队列获取，降低对数据库的更新频次，不要产生竞争】
25-07-07.23:58:05.005 [scheduling-1    ] INFO  UpdateAwardStockJob    - 定时任务，更新奖品消耗库存【延迟队列获取，降低对数据库的更新频次，不要产生竞争】
25-07-07.23:58:10.004 [scheduling-1    ] INFO  UpdateAwardStockJob    - 定时任务，更新奖品消耗库存【延迟队列获取，降低对数据库的更新频次，不要产生竞争】
25-07-07.23:58:15.000 [scheduling-1    ] INFO  UpdateAwardStockJob    - 定时任务，更新奖品消耗库存【延迟队列获取，降低对数据库的更新频次，不要产生竞争】
25-07-07.23:58:20.002 [scheduling-1    ] INFO  UpdateAwardStockJob    - 定时任务，更新奖品消耗库存【延迟队列获取，降低对数据库的更新频次，不要产生竞争】
25-07-07.23:58:25.004 [scheduling-1    ] INFO  UpdateAwardStockJob    - 定时任务，更新奖品消耗库存【延迟队列获取，降低对数据库的更新频次，不要产生竞争】
25-07-07.23:58:30.002 [scheduling-1    ] INFO  UpdateAwardStockJob    - 定时任务，更新奖品消耗库存【延迟队列获取，降低对数据库的更新频次，不要产生竞争】
25-07-07.23:58:35.005 [scheduling-1    ] INFO  UpdateAwardStockJob    - 定时任务，更新奖品消耗库存【延迟队列获取，降低对数据库的更新频次，不要产生竞争】
25-07-07.23:58:40.003 [scheduling-1    ] INFO  UpdateAwardStockJob    - 定时任务，更新奖品消耗库存【延迟队列获取，降低对数据库的更新频次，不要产生竞争】
25-07-07.23:58:45.002 [scheduling-1    ] INFO  UpdateAwardStockJob    - 定时任务，更新奖品消耗库存【延迟队列获取，降低对数据库的更新频次，不要产生竞争】
25-07-07.23:58:50.005 [scheduling-1    ] INFO  UpdateAwardStockJob    - 定时任务，更新奖品消耗库存【延迟队列获取，降低对数据库的更新频次，不要产生竞争】
25-07-07.23:58:55.005 [scheduling-1    ] INFO  UpdateAwardStockJob    - 定时任务，更新奖品消耗库存【延迟队列获取，降低对数据库的更新频次，不要产生竞争】
25-07-07.23:59:00.005 [scheduling-1    ] INFO  UpdateAwardStockJob    - 定时任务，更新奖品消耗库存【延迟队列获取，降低对数据库的更新频次，不要产生竞争】
25-07-07.23:59:05.004 [scheduling-1    ] INFO  UpdateAwardStockJob    - 定时任务，更新奖品消耗库存【延迟队列获取，降低对数据库的更新频次，不要产生竞争】
25-07-07.23:59:10.004 [scheduling-1    ] INFO  UpdateAwardStockJob    - 定时任务，更新奖品消耗库存【延迟队列获取，降低对数据库的更新频次，不要产生竞争】
25-07-07.23:59:15.002 [scheduling-1    ] INFO  UpdateAwardStockJob    - 定时任务，更新奖品消耗库存【延迟队列获取，降低对数据库的更新频次，不要产生竞争】
25-07-07.23:59:20.004 [scheduling-1    ] INFO  UpdateAwardStockJob    - 定时任务，更新奖品消耗库存【延迟队列获取，降低对数据库的更新频次，不要产生竞争】
25-07-07.23:59:25.005 [scheduling-1    ] INFO  UpdateAwardStockJob    - 定时任务，更新奖品消耗库存【延迟队列获取，降低对数据库的更新频次，不要产生竞争】
25-07-07.23:59:30.005 [scheduling-1    ] INFO  UpdateAwardStockJob    - 定时任务，更新奖品消耗库存【延迟队列获取，降低对数据库的更新频次，不要产生竞争】
25-07-07.23:59:35.005 [scheduling-1    ] INFO  UpdateAwardStockJob    - 定时任务，更新奖品消耗库存【延迟队列获取，降低对数据库的更新频次，不要产生竞争】
25-07-07.23:59:40.005 [scheduling-1    ] INFO  UpdateAwardStockJob    - 定时任务，更新奖品消耗库存【延迟队列获取，降低对数据库的更新频次，不要产生竞争】
25-07-07.23:59:45.004 [scheduling-1    ] INFO  UpdateAwardStockJob    - 定时任务，更新奖品消耗库存【延迟队列获取，降低对数据库的更新频次，不要产生竞争】
25-07-07.23:59:50.004 [scheduling-1    ] INFO  UpdateAwardStockJob    - 定时任务，更新奖品消耗库存【延迟队列获取，降低对数据库的更新频次，不要产生竞争】
25-07-07.23:59:55.001 [scheduling-1    ] INFO  UpdateAwardStockJob    - 定时任务，更新奖品消耗库存【延迟队列获取，降低对数据库的更新频次，不要产生竞争】
