25-07-16.14:06:35.079 [main            ] INFO  RaffleActivityOrderDaoTest - Starting RaffleActivityOrderDaoTest using Java 1.8.0_452 on xingedeMacBook-Air.local with PID 78130 (started by xingeqi in /Users/xingeqi/Downloads/untitled1/untitled1-app)
25-07-16.14:06:35.079 [main            ] INFO  RaffleActivityOrderDaoTest - The following 1 profile is active: "dev"
25-07-16.14:06:35.568 [main            ] INFO  RepositoryConfigurationDelegate - Multiple Spring Data modules found, entering strict repository configuration mode
25-07-16.14:06:35.570 [main            ] INFO  RepositoryConfigurationDelegate - Bootstrapping Spring Data Redis repositories in DEFAULT mode.
25-07-16.14:06:35.588 [main            ] INFO  RepositoryConfigurationDelegate - Finished Spring Data repository scanning in 11 ms. Found 0 Redis repository interfaces.
25-07-16.14:06:36.363 [main            ] INFO  Version                - Redisson 3.24.3
25-07-16.14:06:36.376 [main            ] WARN  DnsServerAddressStreamProviders - Can not find io.netty.resolver.dns.macos.MacOSDnsServerAddressStreamProvider in the classpath, fallback to system defaults. This may result in incorrect DNS resolutions on MacOS. Check whether you have a dependency on 'io.netty:netty-resolver-dns-native-macos'
25-07-16.14:06:36.469 [redisson-netty-2-6] INFO  MasterPubSubConnectionPool - 1 connections initialized for 192.168.12.230/192.168.12.230:6399
25-07-16.14:06:36.508 [redisson-netty-2-13] INFO  MasterConnectionPool   - 5 connections initialized for 192.168.12.230/192.168.12.230:6399
25-07-16.14:06:37.601 [main            ] INFO  EndpointLinksResolver  - Exposing 1 endpoint(s) beneath base path '/actuator'
25-07-16.14:06:37.637 [main            ] INFO  CachingConnectionFactory - Attempting to connect to: [192.168.12.230:5672]
25-07-16.14:06:37.680 [main            ] INFO  CachingConnectionFactory - Created new connection: rabbitConnectionFactory#b3857e2:0/SimpleConnection@16ef1160 [delegate=amqp://admin@192.168.12.230:5672/, localPort= 63450]
25-07-16.14:06:37.742 [main            ] INFO  RaffleActivityOrderDaoTest - Started RaffleActivityOrderDaoTest in 2.867 seconds (JVM running for 3.326)
25-07-16.14:06:37.874 [main            ] INFO  HikariDataSource       - Retail_HikariCP - Starting...
25-07-16.14:06:38.073 [main            ] INFO  HikariDataSource       - Retail_HikariCP - Start completed.
25-07-16.14:06:38.103 [org.springframework.amqp.rabbit.RabbitListenerEndpointContainer#0-2] INFO  SimpleMessageListenerContainer - Waiting for workers to finish.
25-07-16.14:06:38.740 [org.springframework.amqp.rabbit.RabbitListenerEndpointContainer#0-2] INFO  SimpleMessageListenerContainer - Successfully waited for workers to finish.
25-07-16.14:06:38.741 [SpringApplicationShutdownHook] INFO  SimpleMessageListenerContainer - Shutdown ignored - container is already stopped
25-07-16.14:07:04.202 [main            ] INFO  RaffleActivityOrderDaoTest - Starting RaffleActivityOrderDaoTest using Java 1.8.0_452 on xingedeMacBook-Air.local with PID 78181 (started by xingeqi in /Users/xingeqi/Downloads/untitled1/untitled1-app)
25-07-16.14:07:04.203 [main            ] INFO  RaffleActivityOrderDaoTest - The following 1 profile is active: "dev"
25-07-16.14:07:04.661 [main            ] INFO  RepositoryConfigurationDelegate - Multiple Spring Data modules found, entering strict repository configuration mode
25-07-16.14:07:04.663 [main            ] INFO  RepositoryConfigurationDelegate - Bootstrapping Spring Data Redis repositories in DEFAULT mode.
25-07-16.14:07:04.680 [main            ] INFO  RepositoryConfigurationDelegate - Finished Spring Data repository scanning in 10 ms. Found 0 Redis repository interfaces.
25-07-16.14:07:05.469 [main            ] INFO  Version                - Redisson 3.24.3
25-07-16.14:07:05.480 [main            ] WARN  DnsServerAddressStreamProviders - Can not find io.netty.resolver.dns.macos.MacOSDnsServerAddressStreamProvider in the classpath, fallback to system defaults. This may result in incorrect DNS resolutions on MacOS. Check whether you have a dependency on 'io.netty:netty-resolver-dns-native-macos'
25-07-16.14:07:05.590 [redisson-netty-2-6] INFO  MasterPubSubConnectionPool - 1 connections initialized for 192.168.12.230/192.168.12.230:6399
25-07-16.14:07:05.632 [redisson-netty-2-13] INFO  MasterConnectionPool   - 5 connections initialized for 192.168.12.230/192.168.12.230:6399
25-07-16.14:07:06.698 [main            ] INFO  EndpointLinksResolver  - Exposing 1 endpoint(s) beneath base path '/actuator'
25-07-16.14:07:06.741 [main            ] INFO  CachingConnectionFactory - Attempting to connect to: [192.168.12.230:5672]
25-07-16.14:07:06.786 [main            ] INFO  CachingConnectionFactory - Created new connection: rabbitConnectionFactory#42aa1324:0/SimpleConnection@49d979c4 [delegate=amqp://admin@192.168.12.230:5672/, localPort= 63590]
25-07-16.14:07:06.858 [main            ] INFO  RaffleActivityOrderDaoTest - Started RaffleActivityOrderDaoTest in 2.837 seconds (JVM running for 3.224)
25-07-16.14:07:07.006 [main            ] INFO  HikariDataSource       - Retail_HikariCP - Starting...
25-07-16.14:07:07.196 [main            ] INFO  HikariDataSource       - Retail_HikariCP - Start completed.
25-07-16.14:07:07.227 [org.springframework.amqp.rabbit.RabbitListenerEndpointContainer#0-2] INFO  SimpleMessageListenerContainer - Waiting for workers to finish.
25-07-16.14:07:07.861 [org.springframework.amqp.rabbit.RabbitListenerEndpointContainer#0-2] INFO  SimpleMessageListenerContainer - Successfully waited for workers to finish.
25-07-16.14:07:07.863 [SpringApplicationShutdownHook] INFO  SimpleMessageListenerContainer - Shutdown ignored - container is already stopped
25-07-16.14:22:21.468 [main            ] INFO  RaffleActivityOrderDaoTest - Starting RaffleActivityOrderDaoTest using Java 1.8.0_452 on xingedeMacBook-Air.local with PID 79481 (started by xingeqi in /Users/xingeqi/Downloads/untitled1/untitled1-app)
25-07-16.14:22:21.469 [main            ] INFO  RaffleActivityOrderDaoTest - The following 1 profile is active: "dev"
25-07-16.14:22:21.950 [main            ] INFO  RepositoryConfigurationDelegate - Multiple Spring Data modules found, entering strict repository configuration mode
25-07-16.14:22:21.952 [main            ] INFO  RepositoryConfigurationDelegate - Bootstrapping Spring Data Redis repositories in DEFAULT mode.
25-07-16.14:22:21.970 [main            ] INFO  RepositoryConfigurationDelegate - Finished Spring Data repository scanning in 11 ms. Found 0 Redis repository interfaces.
25-07-16.14:22:22.783 [main            ] INFO  Version                - Redisson 3.24.3
25-07-16.14:22:22.797 [main            ] WARN  DnsServerAddressStreamProviders - Can not find io.netty.resolver.dns.macos.MacOSDnsServerAddressStreamProvider in the classpath, fallback to system defaults. This may result in incorrect DNS resolutions on MacOS. Check whether you have a dependency on 'io.netty:netty-resolver-dns-native-macos'
25-07-16.14:22:22.911 [redisson-netty-2-6] INFO  MasterPubSubConnectionPool - 1 connections initialized for 192.168.12.230/192.168.12.230:6399
25-07-16.14:22:22.956 [redisson-netty-2-13] INFO  MasterConnectionPool   - 5 connections initialized for 192.168.12.230/192.168.12.230:6399
25-07-16.14:22:24.036 [main            ] INFO  EndpointLinksResolver  - Exposing 1 endpoint(s) beneath base path '/actuator'
25-07-16.14:22:24.081 [main            ] INFO  CachingConnectionFactory - Attempting to connect to: [192.168.12.230:5672]
25-07-16.14:22:24.137 [main            ] INFO  CachingConnectionFactory - Created new connection: rabbitConnectionFactory#42aa1324:0/SimpleConnection@49d979c4 [delegate=amqp://admin@192.168.12.230:5672/, localPort= 51459]
25-07-16.14:22:24.198 [main            ] INFO  RaffleActivityOrderDaoTest - Started RaffleActivityOrderDaoTest in 2.939 seconds (JVM running for 3.344)
25-07-16.14:22:24.337 [main            ] INFO  HikariDataSource       - Retail_HikariCP - Starting...
25-07-16.14:22:24.539 [main            ] INFO  HikariDataSource       - Retail_HikariCP - Start completed.
25-07-16.14:22:24.571 [org.springframework.amqp.rabbit.RabbitListenerEndpointContainer#0-2] INFO  SimpleMessageListenerContainer - Waiting for workers to finish.
25-07-16.14:22:25.003 [scheduling-1    ] INFO  UpdateActivitySkuStockJob - 定时任务，更新活动sku库存【延迟队列获取，降低对数据库的更新频次，不要产生竞争】
25-07-16.14:22:25.049 [scheduling-1    ] INFO  UpdateActivitySkuStockJob - 定时任务，更新活动sku库存 sku:9011 activityId:100301
25-07-16.14:22:25.049 [scheduling-1    ] INFO  HikariDataSource       - Retail_HikariCP - Starting...
25-07-16.14:22:25.125 [scheduling-1    ] INFO  HikariDataSource       - Retail_HikariCP - Start completed.
25-07-16.14:22:25.138 [scheduling-1    ] INFO  UpdateAwardStockJob    - 定时任务，更新奖品消耗库存【延迟队列获取，降低对数据库的更新频次，不要产生竞争】
25-07-16.14:22:25.200 [org.springframework.amqp.rabbit.RabbitListenerEndpointContainer#0-2] INFO  SimpleMessageListenerContainer - Successfully waited for workers to finish.
25-07-16.14:22:25.201 [SpringApplicationShutdownHook] INFO  SimpleMessageListenerContainer - Shutdown ignored - container is already stopped
25-07-16.15:41:56.673 [main            ] INFO  RaffleActivityAccountDao - Starting RaffleActivityAccountDao using Java 1.8.0_452 on xingedeMacBook-Air.local with PID 86050 (started by xingeqi in /Users/xingeqi/Downloads/untitled1/untitled1-app)
25-07-16.15:41:56.674 [main            ] INFO  RaffleActivityAccountDao - The following 1 profile is active: "dev"
25-07-16.15:41:57.175 [main            ] INFO  RepositoryConfigurationDelegate - Multiple Spring Data modules found, entering strict repository configuration mode
25-07-16.15:41:57.177 [main            ] INFO  RepositoryConfigurationDelegate - Bootstrapping Spring Data Redis repositories in DEFAULT mode.
25-07-16.15:41:57.194 [main            ] INFO  RepositoryConfigurationDelegate - Finished Spring Data repository scanning in 10 ms. Found 0 Redis repository interfaces.
25-07-16.15:41:58.009 [main            ] INFO  Version                - Redisson 3.24.3
25-07-16.15:41:58.020 [main            ] WARN  DnsServerAddressStreamProviders - Can not find io.netty.resolver.dns.macos.MacOSDnsServerAddressStreamProvider in the classpath, fallback to system defaults. This may result in incorrect DNS resolutions on MacOS. Check whether you have a dependency on 'io.netty:netty-resolver-dns-native-macos'
25-07-16.15:41:58.127 [redisson-netty-2-6] INFO  MasterPubSubConnectionPool - 1 connections initialized for 192.168.12.230/192.168.12.230:6399
25-07-16.15:41:58.168 [redisson-netty-2-13] INFO  MasterConnectionPool   - 5 connections initialized for 192.168.12.230/192.168.12.230:6399
25-07-16.15:41:59.423 [main            ] INFO  EndpointLinksResolver  - Exposing 1 endpoint(s) beneath base path '/actuator'
25-07-16.15:41:59.466 [main            ] INFO  CachingConnectionFactory - Attempting to connect to: [192.168.12.230:5672]
25-07-16.15:41:59.521 [main            ] INFO  CachingConnectionFactory - Created new connection: rabbitConnectionFactory#6987a133:0/SimpleConnection@11978f52 [delegate=amqp://admin@192.168.12.230:5672/, localPort= 54593]
25-07-16.15:41:59.584 [main            ] INFO  RaffleActivityAccountDao - Started RaffleActivityAccountDao in 3.093 seconds (JVM running for 3.504)
25-07-16.15:41:59.719 [main            ] INFO  HikariDataSource       - Retail_HikariCP - Starting...
25-07-16.15:41:59.914 [main            ] INFO  HikariDataSource       - Retail_HikariCP - Start completed.
25-07-16.15:41:59.972 [org.springframework.amqp.rabbit.RabbitListenerEndpointContainer#0-2] INFO  SimpleMessageListenerContainer - Waiting for workers to finish.
25-07-16.15:42:00.000 [scheduling-1    ] INFO  UpdateActivitySkuStockJob - 定时任务，更新活动sku库存【延迟队列获取，降低对数据库的更新频次，不要产生竞争】
25-07-16.15:42:00.022 [redisson-netty-2-2] ERROR CommandDecoder         - Unable to decode data. channel: [id: 0xb3410a16, L:/192.168.12.160:54584 - R:192.168.12.230/192.168.12.230:6399], reply: ReplayingDecoderByteBuf(ridx=149, widx=149), command: (LPOP), promise: java.util.concurrent.CompletableFuture@6385c66b[Not completed, 1 dependents], params: [activity_stock_sku_query_key_]
com.fasterxml.jackson.databind.exc.InvalidTypeIdException: Could not resolve type id 'org.example.domain.activity.model.entity.ActivitySkuStockVO' as a subtype of `java.lang.Object`: no such class found
 at [Source: (io.netty.buffer.ByteBufInputStream); line: 1, column: 11]
	at com.fasterxml.jackson.databind.exc.InvalidTypeIdException.from(InvalidTypeIdException.java:43)
	at com.fasterxml.jackson.databind.DeserializationContext.invalidTypeIdException(DeserializationContext.java:2073)
	at com.fasterxml.jackson.databind.DeserializationContext.handleUnknownTypeId(DeserializationContext.java:1564)
	at com.fasterxml.jackson.databind.jsontype.impl.ClassNameIdResolver._typeFromId(ClassNameIdResolver.java:76)
	at com.fasterxml.jackson.databind.jsontype.impl.ClassNameIdResolver.typeFromId(ClassNameIdResolver.java:66)
	at com.fasterxml.jackson.databind.jsontype.impl.TypeDeserializerBase._findDeserializer(TypeDeserializerBase.java:159)
	at com.fasterxml.jackson.databind.jsontype.impl.AsPropertyTypeDeserializer._deserializeTypedForId(AsPropertyTypeDeserializer.java:125)
	at com.fasterxml.jackson.databind.jsontype.impl.AsPropertyTypeDeserializer.deserializeTypedFromObject(AsPropertyTypeDeserializer.java:110)
	at com.fasterxml.jackson.databind.jsontype.impl.AsPropertyTypeDeserializer.deserializeTypedFromAny(AsPropertyTypeDeserializer.java:213)
	at com.fasterxml.jackson.databind.deser.std.UntypedObjectDeserializer$Vanilla.deserializeWithType(UntypedObjectDeserializer.java:781)
	at com.fasterxml.jackson.databind.deser.impl.TypeWrappedDeserializer.deserialize(TypeWrappedDeserializer.java:74)
	at com.fasterxml.jackson.databind.deser.DefaultDeserializationContext.readRootValue(DefaultDeserializationContext.java:323)
	at com.fasterxml.jackson.databind.ObjectMapper._readMapAndClose(ObjectMapper.java:4674)
	at com.fasterxml.jackson.databind.ObjectMapper.readValue(ObjectMapper.java:3666)
	at org.redisson.codec.JsonJacksonCodec$2.decode(JsonJacksonCodec.java:99)
	at org.redisson.client.handler.CommandDecoder.decode(CommandDecoder.java:394)
	at org.redisson.client.handler.CommandDecoder.decodeCommand(CommandDecoder.java:205)
	at org.redisson.client.handler.CommandDecoder.decode(CommandDecoder.java:144)
	at org.redisson.client.handler.CommandDecoder.decode(CommandDecoder.java:120)
	at io.netty.handler.codec.ByteToMessageDecoder.decodeRemovalReentryProtection(ByteToMessageDecoder.java:529)
	at io.netty.handler.codec.ReplayingDecoder.callDecode(ReplayingDecoder.java:366)
	at io.netty.handler.codec.ByteToMessageDecoder.channelRead(ByteToMessageDecoder.java:290)
	at io.netty.channel.AbstractChannelHandlerContext.invokeChannelRead(AbstractChannelHandlerContext.java:444)
	at io.netty.channel.AbstractChannelHandlerContext.invokeChannelRead(AbstractChannelHandlerContext.java:420)
	at io.netty.channel.AbstractChannelHandlerContext.fireChannelRead(AbstractChannelHandlerContext.java:412)
	at io.netty.channel.DefaultChannelPipeline$HeadContext.channelRead(DefaultChannelPipeline.java:1410)
	at io.netty.channel.AbstractChannelHandlerContext.invokeChannelRead(AbstractChannelHandlerContext.java:440)
	at io.netty.channel.AbstractChannelHandlerContext.invokeChannelRead(AbstractChannelHandlerContext.java:420)
	at io.netty.channel.DefaultChannelPipeline.fireChannelRead(DefaultChannelPipeline.java:919)
	at io.netty.channel.nio.AbstractNioByteChannel$NioByteUnsafe.read(AbstractNioByteChannel.java:166)
	at io.netty.channel.nio.NioEventLoop.processSelectedKey(NioEventLoop.java:788)
	at io.netty.channel.nio.NioEventLoop.processSelectedKeysOptimized(NioEventLoop.java:724)
	at io.netty.channel.nio.NioEventLoop.processSelectedKeys(NioEventLoop.java:650)
	at io.netty.channel.nio.NioEventLoop.run(NioEventLoop.java:562)
	at io.netty.util.concurrent.SingleThreadEventExecutor$4.run(SingleThreadEventExecutor.java:997)
	at io.netty.util.internal.ThreadExecutorMap$2.run(ThreadExecutorMap.java:74)
	at io.netty.util.concurrent.FastThreadLocalRunnable.run(FastThreadLocalRunnable.java:30)
	at java.lang.Thread.run(Thread.java:750)
25-07-16.15:42:00.026 [redisson-netty-2-2] ERROR ErrorsLoggingHandler   - Exception occured. Channel: [id: 0xb3410a16, L:/192.168.12.160:54584 - R:192.168.12.230/192.168.12.230:6399]
io.netty.handler.codec.DecoderException: com.fasterxml.jackson.databind.exc.InvalidTypeIdException: Could not resolve type id 'org.example.domain.activity.model.entity.ActivitySkuStockVO' as a subtype of `java.lang.Object`: no such class found
 at [Source: (io.netty.buffer.ByteBufInputStream); line: 1, column: 11]
	at io.netty.handler.codec.ReplayingDecoder.callDecode(ReplayingDecoder.java:421)
	at io.netty.handler.codec.ByteToMessageDecoder.channelRead(ByteToMessageDecoder.java:290)
	at io.netty.channel.AbstractChannelHandlerContext.invokeChannelRead(AbstractChannelHandlerContext.java:444)
	at io.netty.channel.AbstractChannelHandlerContext.invokeChannelRead(AbstractChannelHandlerContext.java:420)
	at io.netty.channel.AbstractChannelHandlerContext.fireChannelRead(AbstractChannelHandlerContext.java:412)
	at io.netty.channel.DefaultChannelPipeline$HeadContext.channelRead(DefaultChannelPipeline.java:1410)
	at io.netty.channel.AbstractChannelHandlerContext.invokeChannelRead(AbstractChannelHandlerContext.java:440)
	at io.netty.channel.AbstractChannelHandlerContext.invokeChannelRead(AbstractChannelHandlerContext.java:420)
	at io.netty.channel.DefaultChannelPipeline.fireChannelRead(DefaultChannelPipeline.java:919)
	at io.netty.channel.nio.AbstractNioByteChannel$NioByteUnsafe.read(AbstractNioByteChannel.java:166)
	at io.netty.channel.nio.NioEventLoop.processSelectedKey(NioEventLoop.java:788)
	at io.netty.channel.nio.NioEventLoop.processSelectedKeysOptimized(NioEventLoop.java:724)
	at io.netty.channel.nio.NioEventLoop.processSelectedKeys(NioEventLoop.java:650)
	at io.netty.channel.nio.NioEventLoop.run(NioEventLoop.java:562)
	at io.netty.util.concurrent.SingleThreadEventExecutor$4.run(SingleThreadEventExecutor.java:997)
	at io.netty.util.internal.ThreadExecutorMap$2.run(ThreadExecutorMap.java:74)
	at io.netty.util.concurrent.FastThreadLocalRunnable.run(FastThreadLocalRunnable.java:30)
	at java.lang.Thread.run(Thread.java:750)
Caused by: com.fasterxml.jackson.databind.exc.InvalidTypeIdException: Could not resolve type id 'org.example.domain.activity.model.entity.ActivitySkuStockVO' as a subtype of `java.lang.Object`: no such class found
 at [Source: (io.netty.buffer.ByteBufInputStream); line: 1, column: 11]
	at com.fasterxml.jackson.databind.exc.InvalidTypeIdException.from(InvalidTypeIdException.java:43)
	at com.fasterxml.jackson.databind.DeserializationContext.invalidTypeIdException(DeserializationContext.java:2073)
	at com.fasterxml.jackson.databind.DeserializationContext.handleUnknownTypeId(DeserializationContext.java:1564)
	at com.fasterxml.jackson.databind.jsontype.impl.ClassNameIdResolver._typeFromId(ClassNameIdResolver.java:76)
	at com.fasterxml.jackson.databind.jsontype.impl.ClassNameIdResolver.typeFromId(ClassNameIdResolver.java:66)
	at com.fasterxml.jackson.databind.jsontype.impl.TypeDeserializerBase._findDeserializer(TypeDeserializerBase.java:159)
	at com.fasterxml.jackson.databind.jsontype.impl.AsPropertyTypeDeserializer._deserializeTypedForId(AsPropertyTypeDeserializer.java:125)
	at com.fasterxml.jackson.databind.jsontype.impl.AsPropertyTypeDeserializer.deserializeTypedFromObject(AsPropertyTypeDeserializer.java:110)
	at com.fasterxml.jackson.databind.jsontype.impl.AsPropertyTypeDeserializer.deserializeTypedFromAny(AsPropertyTypeDeserializer.java:213)
	at com.fasterxml.jackson.databind.deser.std.UntypedObjectDeserializer$Vanilla.deserializeWithType(UntypedObjectDeserializer.java:781)
	at com.fasterxml.jackson.databind.deser.impl.TypeWrappedDeserializer.deserialize(TypeWrappedDeserializer.java:74)
	at com.fasterxml.jackson.databind.deser.DefaultDeserializationContext.readRootValue(DefaultDeserializationContext.java:323)
	at com.fasterxml.jackson.databind.ObjectMapper._readMapAndClose(ObjectMapper.java:4674)
	at com.fasterxml.jackson.databind.ObjectMapper.readValue(ObjectMapper.java:3666)
	at org.redisson.codec.JsonJacksonCodec$2.decode(JsonJacksonCodec.java:99)
	at org.redisson.client.handler.CommandDecoder.decode(CommandDecoder.java:394)
	at org.redisson.client.handler.CommandDecoder.decodeCommand(CommandDecoder.java:205)
	at org.redisson.client.handler.CommandDecoder.decode(CommandDecoder.java:144)
	at org.redisson.client.handler.CommandDecoder.decode(CommandDecoder.java:120)
	at io.netty.handler.codec.ByteToMessageDecoder.decodeRemovalReentryProtection(ByteToMessageDecoder.java:529)
	at io.netty.handler.codec.ReplayingDecoder.callDecode(ReplayingDecoder.java:366)
	... 17 common frames omitted
25-07-16.15:42:00.028 [scheduling-1    ] ERROR UpdateActivitySkuStockJob - 定时任务，更新活动sku库存失败
org.springframework.dao.InvalidDataAccessApiUsageException: Unexpected exception while processing command; nested exception is org.redisson.client.RedisException: Unexpected exception while processing command
	at org.redisson.spring.data.connection.RedissonExceptionConverter.convert(RedissonExceptionConverter.java:52)
	at org.redisson.spring.data.connection.RedissonExceptionConverter.convert(RedissonExceptionConverter.java:35)
	at org.springframework.data.redis.PassThroughExceptionTranslationStrategy.translate(PassThroughExceptionTranslationStrategy.java:44)
	at org.redisson.spring.data.connection.RedissonConnectionFactory.translateExceptionIfPossible(RedissonConnectionFactory.java:91)
	at org.springframework.dao.support.ChainedPersistenceExceptionTranslator.translateExceptionIfPossible(ChainedPersistenceExceptionTranslator.java:61)
	at org.springframework.dao.support.DataAccessUtils.translateIfNecessary(DataAccessUtils.java:242)
	at org.springframework.dao.support.PersistenceExceptionTranslationInterceptor.invoke(PersistenceExceptionTranslationInterceptor.java:152)
	at org.springframework.aop.framework.ReflectiveMethodInvocation.proceed(ReflectiveMethodInvocation.java:186)
	at org.springframework.aop.framework.CglibAopProxy$CglibMethodInvocation.proceed(CglibAopProxy.java:763)
	at org.springframework.aop.framework.CglibAopProxy$DynamicAdvisedInterceptor.intercept(CglibAopProxy.java:708)
	at org.example.infrastructure.persistent.repository.ActivityRepository$$EnhancerBySpringCGLIB$$f2176e67.takeQueueValue(<generated>)
	at org.example.domain.activity.service.quota.RaffleActivityService.takeQueueValue(RaffleActivityService.java:59)
	at org.example.trigger.job.UpdateActivitySkuStockJob.exec(UpdateActivitySkuStockJob.java:27)
	at sun.reflect.NativeMethodAccessorImpl.invoke0(Native Method)
	at sun.reflect.NativeMethodAccessorImpl.invoke(NativeMethodAccessorImpl.java:62)
	at sun.reflect.DelegatingMethodAccessorImpl.invoke(DelegatingMethodAccessorImpl.java:43)
	at java.lang.reflect.Method.invoke(Method.java:498)
	at org.springframework.scheduling.support.ScheduledMethodRunnable.run(ScheduledMethodRunnable.java:84)
	at org.springframework.scheduling.support.DelegatingErrorHandlingRunnable.run(DelegatingErrorHandlingRunnable.java:54)
	at org.springframework.scheduling.concurrent.ReschedulingRunnable.run(ReschedulingRunnable.java:95)
	at java.util.concurrent.Executors$RunnableAdapter.call(Executors.java:511)
	at java.util.concurrent.FutureTask.run(FutureTask.java:266)
	at java.util.concurrent.ScheduledThreadPoolExecutor$ScheduledFutureTask.access$201(ScheduledThreadPoolExecutor.java:180)
	at java.util.concurrent.ScheduledThreadPoolExecutor$ScheduledFutureTask.run(ScheduledThreadPoolExecutor.java:293)
	at java.util.concurrent.ThreadPoolExecutor.runWorker(ThreadPoolExecutor.java:1149)
	at java.util.concurrent.ThreadPoolExecutor$Worker.run(ThreadPoolExecutor.java:624)
	at java.lang.Thread.run(Thread.java:750)
Caused by: org.redisson.client.RedisException: Unexpected exception while processing command
	at org.redisson.command.CommandAsyncService.convertException(CommandAsyncService.java:299)
	at org.redisson.command.CommandAsyncService.get(CommandAsyncService.java:116)
	at org.redisson.RedissonObject.get(RedissonObject.java:90)
	at org.redisson.RedissonQueue.poll(RedissonQueue.java:105)
	at org.example.infrastructure.persistent.repository.ActivityRepository.takeQueueValue(ActivityRepository.java:202)
	at org.example.infrastructure.persistent.repository.ActivityRepository$$FastClassBySpringCGLIB$$5fd30843.invoke(<generated>)
	at org.springframework.cglib.proxy.MethodProxy.invoke(MethodProxy.java:218)
	at org.springframework.aop.framework.CglibAopProxy$CglibMethodInvocation.invokeJoinpoint(CglibAopProxy.java:793)
	at org.springframework.aop.framework.ReflectiveMethodInvocation.proceed(ReflectiveMethodInvocation.java:163)
	at org.springframework.aop.framework.CglibAopProxy$CglibMethodInvocation.proceed(CglibAopProxy.java:763)
	at org.springframework.dao.support.PersistenceExceptionTranslationInterceptor.invoke(PersistenceExceptionTranslationInterceptor.java:137)
	... 20 common frames omitted
Caused by: com.fasterxml.jackson.databind.exc.InvalidTypeIdException: Could not resolve type id 'org.example.domain.activity.model.entity.ActivitySkuStockVO' as a subtype of `java.lang.Object`: no such class found
 at [Source: (io.netty.buffer.ByteBufInputStream); line: 1, column: 11]
	at com.fasterxml.jackson.databind.exc.InvalidTypeIdException.from(InvalidTypeIdException.java:43)
	at com.fasterxml.jackson.databind.DeserializationContext.invalidTypeIdException(DeserializationContext.java:2073)
	at com.fasterxml.jackson.databind.DeserializationContext.handleUnknownTypeId(DeserializationContext.java:1564)
	at com.fasterxml.jackson.databind.jsontype.impl.ClassNameIdResolver._typeFromId(ClassNameIdResolver.java:76)
	at com.fasterxml.jackson.databind.jsontype.impl.ClassNameIdResolver.typeFromId(ClassNameIdResolver.java:66)
	at com.fasterxml.jackson.databind.jsontype.impl.TypeDeserializerBase._findDeserializer(TypeDeserializerBase.java:159)
	at com.fasterxml.jackson.databind.jsontype.impl.AsPropertyTypeDeserializer._deserializeTypedForId(AsPropertyTypeDeserializer.java:125)
	at com.fasterxml.jackson.databind.jsontype.impl.AsPropertyTypeDeserializer.deserializeTypedFromObject(AsPropertyTypeDeserializer.java:110)
	at com.fasterxml.jackson.databind.jsontype.impl.AsPropertyTypeDeserializer.deserializeTypedFromAny(AsPropertyTypeDeserializer.java:213)
	at com.fasterxml.jackson.databind.deser.std.UntypedObjectDeserializer$Vanilla.deserializeWithType(UntypedObjectDeserializer.java:781)
	at com.fasterxml.jackson.databind.deser.impl.TypeWrappedDeserializer.deserialize(TypeWrappedDeserializer.java:74)
	at com.fasterxml.jackson.databind.deser.DefaultDeserializationContext.readRootValue(DefaultDeserializationContext.java:323)
	at com.fasterxml.jackson.databind.ObjectMapper._readMapAndClose(ObjectMapper.java:4674)
	at com.fasterxml.jackson.databind.ObjectMapper.readValue(ObjectMapper.java:3666)
	at org.redisson.codec.JsonJacksonCodec$2.decode(JsonJacksonCodec.java:99)
	at org.redisson.client.handler.CommandDecoder.decode(CommandDecoder.java:394)
	at org.redisson.client.handler.CommandDecoder.decodeCommand(CommandDecoder.java:205)
	at org.redisson.client.handler.CommandDecoder.decode(CommandDecoder.java:144)
	at org.redisson.client.handler.CommandDecoder.decode(CommandDecoder.java:120)
	at io.netty.handler.codec.ByteToMessageDecoder.decodeRemovalReentryProtection(ByteToMessageDecoder.java:529)
	at io.netty.handler.codec.ReplayingDecoder.callDecode(ReplayingDecoder.java:366)
	at io.netty.handler.codec.ByteToMessageDecoder.channelRead(ByteToMessageDecoder.java:290)
	at io.netty.channel.AbstractChannelHandlerContext.invokeChannelRead(AbstractChannelHandlerContext.java:444)
	at io.netty.channel.AbstractChannelHandlerContext.invokeChannelRead(AbstractChannelHandlerContext.java:420)
	at io.netty.channel.AbstractChannelHandlerContext.fireChannelRead(AbstractChannelHandlerContext.java:412)
	at io.netty.channel.DefaultChannelPipeline$HeadContext.channelRead(DefaultChannelPipeline.java:1410)
	at io.netty.channel.AbstractChannelHandlerContext.invokeChannelRead(AbstractChannelHandlerContext.java:440)
	at io.netty.channel.AbstractChannelHandlerContext.invokeChannelRead(AbstractChannelHandlerContext.java:420)
	at io.netty.channel.DefaultChannelPipeline.fireChannelRead(DefaultChannelPipeline.java:919)
	at io.netty.channel.nio.AbstractNioByteChannel$NioByteUnsafe.read(AbstractNioByteChannel.java:166)
	at io.netty.channel.nio.NioEventLoop.processSelectedKey(NioEventLoop.java:788)
	at io.netty.channel.nio.NioEventLoop.processSelectedKeysOptimized(NioEventLoop.java:724)
	at io.netty.channel.nio.NioEventLoop.processSelectedKeys(NioEventLoop.java:650)
	at io.netty.channel.nio.NioEventLoop.run(NioEventLoop.java:562)
	at io.netty.util.concurrent.SingleThreadEventExecutor$4.run(SingleThreadEventExecutor.java:997)
	at io.netty.util.internal.ThreadExecutorMap$2.run(ThreadExecutorMap.java:74)
	at io.netty.util.concurrent.FastThreadLocalRunnable.run(FastThreadLocalRunnable.java:30)
	... 1 common frames omitted
25-07-16.15:42:00.028 [scheduling-1    ] INFO  UpdateAwardStockJob    - 定时任务，更新奖品消耗库存【延迟队列获取，降低对数据库的更新频次，不要产生竞争】
25-07-16.15:42:00.586 [org.springframework.amqp.rabbit.RabbitListenerEndpointContainer#0-2] INFO  SimpleMessageListenerContainer - Successfully waited for workers to finish.
25-07-16.15:42:00.588 [SpringApplicationShutdownHook] INFO  SimpleMessageListenerContainer - Shutdown ignored - container is already stopped
25-07-16.15:44:46.417 [main            ] INFO  RaffleActivityAccountDao - Starting RaffleActivityAccountDao using Java 1.8.0_452 on xingedeMacBook-Air.local with PID 86269 (started by xingeqi in /Users/xingeqi/Downloads/untitled1/untitled1-app)
25-07-16.15:44:46.418 [main            ] INFO  RaffleActivityAccountDao - The following 1 profile is active: "dev"
25-07-16.15:44:46.896 [main            ] INFO  RepositoryConfigurationDelegate - Multiple Spring Data modules found, entering strict repository configuration mode
25-07-16.15:44:46.897 [main            ] INFO  RepositoryConfigurationDelegate - Bootstrapping Spring Data Redis repositories in DEFAULT mode.
25-07-16.15:44:46.915 [main            ] INFO  RepositoryConfigurationDelegate - Finished Spring Data repository scanning in 11 ms. Found 0 Redis repository interfaces.
25-07-16.15:44:47.729 [main            ] INFO  Version                - Redisson 3.24.3
25-07-16.15:44:47.743 [main            ] WARN  DnsServerAddressStreamProviders - Can not find io.netty.resolver.dns.macos.MacOSDnsServerAddressStreamProvider in the classpath, fallback to system defaults. This may result in incorrect DNS resolutions on MacOS. Check whether you have a dependency on 'io.netty:netty-resolver-dns-native-macos'
25-07-16.15:44:47.840 [redisson-netty-2-6] INFO  MasterPubSubConnectionPool - 1 connections initialized for 192.168.12.230/192.168.12.230:6399
25-07-16.15:44:47.883 [redisson-netty-2-13] INFO  MasterConnectionPool   - 5 connections initialized for 192.168.12.230/192.168.12.230:6399
25-07-16.15:44:49.035 [main            ] INFO  EndpointLinksResolver  - Exposing 1 endpoint(s) beneath base path '/actuator'
25-07-16.15:44:49.075 [main            ] INFO  CachingConnectionFactory - Attempting to connect to: [192.168.12.230:5672]
25-07-16.15:44:49.118 [main            ] INFO  CachingConnectionFactory - Created new connection: rabbitConnectionFactory#1934339:0/SimpleConnection@484b5a21 [delegate=amqp://admin@192.168.12.230:5672/, localPort= 55252]
25-07-16.15:44:49.180 [main            ] INFO  RaffleActivityAccountDao - Started RaffleActivityAccountDao in 2.945 seconds (JVM running for 3.349)
25-07-16.15:44:49.317 [main            ] INFO  HikariDataSource       - Retail_HikariCP - Starting...
25-07-16.15:44:49.510 [main            ] INFO  HikariDataSource       - Retail_HikariCP - Start completed.
25-07-16.15:44:49.570 [org.springframework.amqp.rabbit.RabbitListenerEndpointContainer#0-2] INFO  SimpleMessageListenerContainer - Waiting for workers to finish.
25-07-16.15:44:50.004 [scheduling-1    ] INFO  UpdateActivitySkuStockJob - 定时任务，更新活动sku库存【延迟队列获取，降低对数据库的更新频次，不要产生竞争】
25-07-16.15:44:50.021 [scheduling-1    ] INFO  UpdateAwardStockJob    - 定时任务，更新奖品消耗库存【延迟队列获取，降低对数据库的更新频次，不要产生竞争】
25-07-16.15:44:50.182 [org.springframework.amqp.rabbit.RabbitListenerEndpointContainer#0-2] INFO  SimpleMessageListenerContainer - Successfully waited for workers to finish.
25-07-16.15:44:50.184 [SpringApplicationShutdownHook] INFO  SimpleMessageListenerContainer - Shutdown ignored - container is already stopped
25-07-16.15:45:06.440 [main            ] INFO  RaffleActivityAccountDao - Starting RaffleActivityAccountDao using Java 1.8.0_452 on xingedeMacBook-Air.local with PID 86309 (started by xingeqi in /Users/xingeqi/Downloads/untitled1/untitled1-app)
25-07-16.15:45:06.441 [main            ] INFO  RaffleActivityAccountDao - The following 1 profile is active: "dev"
25-07-16.15:45:06.937 [main            ] INFO  RepositoryConfigurationDelegate - Multiple Spring Data modules found, entering strict repository configuration mode
25-07-16.15:45:06.938 [main            ] INFO  RepositoryConfigurationDelegate - Bootstrapping Spring Data Redis repositories in DEFAULT mode.
25-07-16.15:45:06.956 [main            ] INFO  RepositoryConfigurationDelegate - Finished Spring Data repository scanning in 11 ms. Found 0 Redis repository interfaces.
25-07-16.15:45:07.741 [main            ] INFO  Version                - Redisson 3.24.3
25-07-16.15:45:07.751 [main            ] WARN  DnsServerAddressStreamProviders - Can not find io.netty.resolver.dns.macos.MacOSDnsServerAddressStreamProvider in the classpath, fallback to system defaults. This may result in incorrect DNS resolutions on MacOS. Check whether you have a dependency on 'io.netty:netty-resolver-dns-native-macos'
25-07-16.15:45:07.847 [redisson-netty-2-6] INFO  MasterPubSubConnectionPool - 1 connections initialized for 192.168.12.230/192.168.12.230:6399
25-07-16.15:45:07.886 [redisson-netty-2-13] INFO  MasterConnectionPool   - 5 connections initialized for 192.168.12.230/192.168.12.230:6399
25-07-16.15:45:09.013 [main            ] INFO  EndpointLinksResolver  - Exposing 1 endpoint(s) beneath base path '/actuator'
25-07-16.15:45:09.062 [main            ] INFO  CachingConnectionFactory - Attempting to connect to: [192.168.12.230:5672]
25-07-16.15:45:09.117 [main            ] INFO  CachingConnectionFactory - Created new connection: rabbitConnectionFactory#5f61e002:0/SimpleConnection@5bccaedb [delegate=amqp://admin@192.168.12.230:5672/, localPort= 55356]
25-07-16.15:45:09.183 [main            ] INFO  RaffleActivityAccountDao - Started RaffleActivityAccountDao in 2.914 seconds (JVM running for 3.292)
25-07-16.15:45:09.312 [main            ] INFO  HikariDataSource       - Retail_HikariCP - Starting...
25-07-16.15:45:09.508 [main            ] INFO  HikariDataSource       - Retail_HikariCP - Start completed.
25-07-16.15:45:09.539 [org.springframework.amqp.rabbit.RabbitListenerEndpointContainer#0-2] INFO  SimpleMessageListenerContainer - Waiting for workers to finish.
25-07-16.15:45:10.003 [scheduling-1    ] INFO  UpdateActivitySkuStockJob - 定时任务，更新活动sku库存【延迟队列获取，降低对数据库的更新频次，不要产生竞争】
25-07-16.15:45:10.025 [scheduling-1    ] INFO  UpdateAwardStockJob    - 定时任务，更新奖品消耗库存【延迟队列获取，降低对数据库的更新频次，不要产生竞争】
25-07-16.15:45:10.185 [org.springframework.amqp.rabbit.RabbitListenerEndpointContainer#0-2] INFO  SimpleMessageListenerContainer - Successfully waited for workers to finish.
25-07-16.15:45:10.187 [SpringApplicationShutdownHook] INFO  SimpleMessageListenerContainer - Shutdown ignored - container is already stopped
25-07-16.15:46:09.241 [main            ] INFO  RaffleActivityAccountDao - Starting RaffleActivityAccountDao using Java 1.8.0_452 on xingedeMacBook-Air.local with PID 86394 (started by xingeqi in /Users/xingeqi/Downloads/untitled1/untitled1-app)
25-07-16.15:46:09.241 [main            ] INFO  RaffleActivityAccountDao - The following 1 profile is active: "dev"
25-07-16.15:46:09.712 [main            ] INFO  RepositoryConfigurationDelegate - Multiple Spring Data modules found, entering strict repository configuration mode
25-07-16.15:46:09.713 [main            ] INFO  RepositoryConfigurationDelegate - Bootstrapping Spring Data Redis repositories in DEFAULT mode.
25-07-16.15:46:09.733 [main            ] INFO  RepositoryConfigurationDelegate - Finished Spring Data repository scanning in 10 ms. Found 0 Redis repository interfaces.
25-07-16.15:46:10.541 [main            ] INFO  Version                - Redisson 3.24.3
25-07-16.15:46:10.552 [main            ] WARN  DnsServerAddressStreamProviders - Can not find io.netty.resolver.dns.macos.MacOSDnsServerAddressStreamProvider in the classpath, fallback to system defaults. This may result in incorrect DNS resolutions on MacOS. Check whether you have a dependency on 'io.netty:netty-resolver-dns-native-macos'
25-07-16.15:46:10.652 [redisson-netty-2-6] INFO  MasterPubSubConnectionPool - 1 connections initialized for 192.168.12.230/192.168.12.230:6399
25-07-16.15:46:10.693 [redisson-netty-2-13] INFO  MasterConnectionPool   - 5 connections initialized for 192.168.12.230/192.168.12.230:6399
25-07-16.15:46:11.756 [main            ] INFO  EndpointLinksResolver  - Exposing 1 endpoint(s) beneath base path '/actuator'
25-07-16.15:46:11.794 [main            ] INFO  CachingConnectionFactory - Attempting to connect to: [192.168.12.230:5672]
25-07-16.15:46:11.846 [main            ] INFO  CachingConnectionFactory - Created new connection: rabbitConnectionFactory#1934339:0/SimpleConnection@484b5a21 [delegate=amqp://admin@192.168.12.230:5672/, localPort= 55644]
25-07-16.15:46:11.909 [main            ] INFO  RaffleActivityAccountDao - Started RaffleActivityAccountDao in 2.853 seconds (JVM running for 3.305)
25-07-16.15:46:12.063 [main            ] INFO  HikariDataSource       - Retail_HikariCP - Starting...
25-07-16.15:46:12.264 [main            ] INFO  HikariDataSource       - Retail_HikariCP - Start completed.
25-07-16.15:46:12.298 [org.springframework.amqp.rabbit.RabbitListenerEndpointContainer#0-2] INFO  SimpleMessageListenerContainer - Waiting for workers to finish.
25-07-16.15:46:12.909 [org.springframework.amqp.rabbit.RabbitListenerEndpointContainer#0-2] INFO  SimpleMessageListenerContainer - Successfully waited for workers to finish.
25-07-16.15:46:12.911 [SpringApplicationShutdownHook] INFO  SimpleMessageListenerContainer - Shutdown ignored - container is already stopped
25-07-16.15:46:31.622 [main            ] INFO  RaffleActivityAccountDao - Starting RaffleActivityAccountDao using Java 1.8.0_452 on xingedeMacBook-Air.local with PID 86426 (started by xingeqi in /Users/xingeqi/Downloads/untitled1/untitled1-app)
25-07-16.15:46:31.623 [main            ] INFO  RaffleActivityAccountDao - The following 1 profile is active: "dev"
25-07-16.15:46:32.066 [main            ] INFO  RepositoryConfigurationDelegate - Multiple Spring Data modules found, entering strict repository configuration mode
25-07-16.15:46:32.067 [main            ] INFO  RepositoryConfigurationDelegate - Bootstrapping Spring Data Redis repositories in DEFAULT mode.
25-07-16.15:46:32.088 [main            ] INFO  RepositoryConfigurationDelegate - Finished Spring Data repository scanning in 10 ms. Found 0 Redis repository interfaces.
25-07-16.15:46:32.851 [main            ] INFO  Version                - Redisson 3.24.3
25-07-16.15:46:32.861 [main            ] WARN  DnsServerAddressStreamProviders - Can not find io.netty.resolver.dns.macos.MacOSDnsServerAddressStreamProvider in the classpath, fallback to system defaults. This may result in incorrect DNS resolutions on MacOS. Check whether you have a dependency on 'io.netty:netty-resolver-dns-native-macos'
25-07-16.15:46:32.945 [redisson-netty-2-6] INFO  MasterPubSubConnectionPool - 1 connections initialized for 192.168.12.230/192.168.12.230:6399
25-07-16.15:46:32.987 [redisson-netty-2-13] INFO  MasterConnectionPool   - 5 connections initialized for 192.168.12.230/192.168.12.230:6399
25-07-16.15:46:34.114 [main            ] INFO  EndpointLinksResolver  - Exposing 1 endpoint(s) beneath base path '/actuator'
25-07-16.15:46:34.158 [main            ] INFO  CachingConnectionFactory - Attempting to connect to: [192.168.12.230:5672]
25-07-16.15:46:34.202 [main            ] INFO  CachingConnectionFactory - Created new connection: rabbitConnectionFactory#1934339:0/SimpleConnection@484b5a21 [delegate=amqp://admin@192.168.12.230:5672/, localPort= 55758]
25-07-16.15:46:34.272 [main            ] INFO  RaffleActivityAccountDao - Started RaffleActivityAccountDao in 2.824 seconds (JVM running for 3.186)
25-07-16.15:46:34.402 [main            ] INFO  HikariDataSource       - Retail_HikariCP - Starting...
25-07-16.15:46:34.580 [main            ] INFO  HikariDataSource       - Retail_HikariCP - Start completed.
25-07-16.15:46:34.613 [org.springframework.amqp.rabbit.RabbitListenerEndpointContainer#0-2] INFO  SimpleMessageListenerContainer - Waiting for workers to finish.
25-07-16.15:46:35.004 [scheduling-1    ] INFO  UpdateActivitySkuStockJob - 定时任务，更新活动sku库存【延迟队列获取，降低对数据库的更新频次，不要产生竞争】
25-07-16.15:46:35.030 [scheduling-1    ] INFO  UpdateAwardStockJob    - 定时任务，更新奖品消耗库存【延迟队列获取，降低对数据库的更新频次，不要产生竞争】
25-07-16.15:46:35.274 [org.springframework.amqp.rabbit.RabbitListenerEndpointContainer#0-2] INFO  SimpleMessageListenerContainer - Successfully waited for workers to finish.
25-07-16.15:46:35.276 [SpringApplicationShutdownHook] INFO  SimpleMessageListenerContainer - Shutdown ignored - container is already stopped
25-07-16.15:46:41.671 [main            ] INFO  RaffleActivityAccountDao - Starting RaffleActivityAccountDao using Java 1.8.0_452 on xingedeMacBook-Air.local with PID 86442 (started by xingeqi in /Users/xingeqi/Downloads/untitled1/untitled1-app)
25-07-16.15:46:41.671 [main            ] INFO  RaffleActivityAccountDao - The following 1 profile is active: "dev"
25-07-16.15:46:42.118 [main            ] INFO  RepositoryConfigurationDelegate - Multiple Spring Data modules found, entering strict repository configuration mode
25-07-16.15:46:42.122 [main            ] INFO  RepositoryConfigurationDelegate - Bootstrapping Spring Data Redis repositories in DEFAULT mode.
25-07-16.15:46:42.138 [main            ] INFO  RepositoryConfigurationDelegate - Finished Spring Data repository scanning in 9 ms. Found 0 Redis repository interfaces.
25-07-16.15:46:43.000 [main            ] INFO  Version                - Redisson 3.24.3
25-07-16.15:46:43.011 [main            ] WARN  DnsServerAddressStreamProviders - Can not find io.netty.resolver.dns.macos.MacOSDnsServerAddressStreamProvider in the classpath, fallback to system defaults. This may result in incorrect DNS resolutions on MacOS. Check whether you have a dependency on 'io.netty:netty-resolver-dns-native-macos'
25-07-16.15:46:43.111 [redisson-netty-2-6] INFO  MasterPubSubConnectionPool - 1 connections initialized for 192.168.12.230/192.168.12.230:6399
25-07-16.15:46:43.154 [redisson-netty-2-13] INFO  MasterConnectionPool   - 5 connections initialized for 192.168.12.230/192.168.12.230:6399
25-07-16.15:46:44.359 [main            ] INFO  EndpointLinksResolver  - Exposing 1 endpoint(s) beneath base path '/actuator'
25-07-16.15:46:44.409 [main            ] INFO  CachingConnectionFactory - Attempting to connect to: [192.168.12.230:5672]
25-07-16.15:46:44.460 [main            ] INFO  CachingConnectionFactory - Created new connection: rabbitConnectionFactory#3ea48c37:0/SimpleConnection@5e80d5 [delegate=amqp://admin@192.168.12.230:5672/, localPort= 55826]
25-07-16.15:46:44.524 [main            ] INFO  RaffleActivityAccountDao - Started RaffleActivityAccountDao in 3.068 seconds (JVM running for 3.759)
25-07-16.15:46:44.664 [main            ] INFO  HikariDataSource       - Retail_HikariCP - Starting...
25-07-16.15:46:44.870 [main            ] INFO  HikariDataSource       - Retail_HikariCP - Start completed.
25-07-16.15:46:44.902 [org.springframework.amqp.rabbit.RabbitListenerEndpointContainer#0-2] INFO  SimpleMessageListenerContainer - Waiting for workers to finish.
25-07-16.15:46:45.003 [scheduling-1    ] INFO  UpdateActivitySkuStockJob - 定时任务，更新活动sku库存【延迟队列获取，降低对数据库的更新频次，不要产生竞争】
25-07-16.15:46:45.024 [scheduling-1    ] INFO  UpdateAwardStockJob    - 定时任务，更新奖品消耗库存【延迟队列获取，降低对数据库的更新频次，不要产生竞争】
25-07-16.15:46:45.523 [org.springframework.amqp.rabbit.RabbitListenerEndpointContainer#0-2] INFO  SimpleMessageListenerContainer - Successfully waited for workers to finish.
25-07-16.15:46:45.524 [SpringApplicationShutdownHook] INFO  SimpleMessageListenerContainer - Shutdown ignored - container is already stopped
25-07-16.15:50:53.244 [main            ] INFO  RaffleActivityAccountDao - Starting RaffleActivityAccountDao using Java 1.8.0_452 on xingedeMacBook-Air.local with PID 86779 (started by xingeqi in /Users/xingeqi/Downloads/untitled1/untitled1-app)
25-07-16.15:50:53.244 [main            ] INFO  RaffleActivityAccountDao - The following 1 profile is active: "dev"
25-07-16.15:50:53.705 [main            ] INFO  RepositoryConfigurationDelegate - Multiple Spring Data modules found, entering strict repository configuration mode
25-07-16.15:50:53.706 [main            ] INFO  RepositoryConfigurationDelegate - Bootstrapping Spring Data Redis repositories in DEFAULT mode.
25-07-16.15:50:53.724 [main            ] INFO  RepositoryConfigurationDelegate - Finished Spring Data repository scanning in 9 ms. Found 0 Redis repository interfaces.
25-07-16.15:50:54.521 [main            ] INFO  Version                - Redisson 3.24.3
25-07-16.15:50:54.533 [main            ] WARN  DnsServerAddressStreamProviders - Can not find io.netty.resolver.dns.macos.MacOSDnsServerAddressStreamProvider in the classpath, fallback to system defaults. This may result in incorrect DNS resolutions on MacOS. Check whether you have a dependency on 'io.netty:netty-resolver-dns-native-macos'
25-07-16.15:50:54.624 [redisson-netty-2-6] INFO  MasterPubSubConnectionPool - 1 connections initialized for 192.168.12.230/192.168.12.230:6399
25-07-16.15:50:54.664 [redisson-netty-2-13] INFO  MasterConnectionPool   - 5 connections initialized for 192.168.12.230/192.168.12.230:6399
25-07-16.15:50:55.820 [main            ] INFO  EndpointLinksResolver  - Exposing 1 endpoint(s) beneath base path '/actuator'
25-07-16.15:50:55.863 [main            ] INFO  CachingConnectionFactory - Attempting to connect to: [192.168.12.230:5672]
25-07-16.15:50:55.906 [main            ] INFO  CachingConnectionFactory - Created new connection: rabbitConnectionFactory#1934339:0/SimpleConnection@484b5a21 [delegate=amqp://admin@192.168.12.230:5672/, localPort= 56874]
25-07-16.15:50:55.975 [main            ] INFO  RaffleActivityAccountDao - Started RaffleActivityAccountDao in 2.912 seconds (JVM running for 3.282)
25-07-16.15:50:56.151 [main            ] INFO  HikariDataSource       - Retail_HikariCP - Starting...
25-07-16.15:50:56.348 [main            ] INFO  HikariDataSource       - Retail_HikariCP - Start completed.
25-07-16.15:50:56.380 [org.springframework.amqp.rabbit.RabbitListenerEndpointContainer#0-2] INFO  SimpleMessageListenerContainer - Waiting for workers to finish.
25-07-16.15:50:56.978 [org.springframework.amqp.rabbit.RabbitListenerEndpointContainer#0-2] INFO  SimpleMessageListenerContainer - Successfully waited for workers to finish.
25-07-16.15:50:56.979 [SpringApplicationShutdownHook] INFO  SimpleMessageListenerContainer - Shutdown ignored - container is already stopped
25-07-16.15:52:11.659 [main            ] INFO  RaffleActivityAccountDao - Starting RaffleActivityAccountDao using Java 1.8.0_452 on xingedeMacBook-Air.local with PID 86909 (started by xingeqi in /Users/xingeqi/Downloads/untitled1/untitled1-app)
25-07-16.15:52:11.660 [main            ] INFO  RaffleActivityAccountDao - The following 1 profile is active: "dev"
25-07-16.15:52:12.152 [main            ] INFO  RepositoryConfigurationDelegate - Multiple Spring Data modules found, entering strict repository configuration mode
25-07-16.15:52:12.153 [main            ] INFO  RepositoryConfigurationDelegate - Bootstrapping Spring Data Redis repositories in DEFAULT mode.
25-07-16.15:52:12.168 [main            ] INFO  RepositoryConfigurationDelegate - Finished Spring Data repository scanning in 9 ms. Found 0 Redis repository interfaces.
25-07-16.15:52:12.965 [main            ] INFO  Version                - Redisson 3.24.3
25-07-16.15:52:12.978 [main            ] WARN  DnsServerAddressStreamProviders - Can not find io.netty.resolver.dns.macos.MacOSDnsServerAddressStreamProvider in the classpath, fallback to system defaults. This may result in incorrect DNS resolutions on MacOS. Check whether you have a dependency on 'io.netty:netty-resolver-dns-native-macos'
25-07-16.15:52:13.082 [redisson-netty-2-6] INFO  MasterPubSubConnectionPool - 1 connections initialized for 192.168.12.230/192.168.12.230:6399
25-07-16.15:52:13.123 [redisson-netty-2-13] INFO  MasterConnectionPool   - 5 connections initialized for 192.168.12.230/192.168.12.230:6399
25-07-16.15:52:14.420 [main            ] INFO  EndpointLinksResolver  - Exposing 1 endpoint(s) beneath base path '/actuator'
25-07-16.15:52:14.468 [main            ] INFO  CachingConnectionFactory - Attempting to connect to: [192.168.12.230:5672]
25-07-16.15:52:14.511 [main            ] INFO  CachingConnectionFactory - Created new connection: rabbitConnectionFactory#1934339:0/SimpleConnection@484b5a21 [delegate=amqp://admin@192.168.12.230:5672/, localPort= 57256]
25-07-16.15:52:14.577 [main            ] INFO  RaffleActivityAccountDao - Started RaffleActivityAccountDao in 3.105 seconds (JVM running for 3.56)
25-07-16.15:52:14.721 [main            ] INFO  HikariDataSource       - Retail_HikariCP - Starting...
25-07-16.15:52:14.924 [main            ] INFO  HikariDataSource       - Retail_HikariCP - Start completed.
25-07-16.15:52:14.957 [org.springframework.amqp.rabbit.RabbitListenerEndpointContainer#0-2] INFO  SimpleMessageListenerContainer - Waiting for workers to finish.
25-07-16.15:52:15.004 [scheduling-1    ] INFO  UpdateActivitySkuStockJob - 定时任务，更新活动sku库存【延迟队列获取，降低对数据库的更新频次，不要产生竞争】
25-07-16.15:52:15.020 [scheduling-1    ] INFO  UpdateAwardStockJob    - 定时任务，更新奖品消耗库存【延迟队列获取，降低对数据库的更新频次，不要产生竞争】
25-07-16.15:52:15.581 [org.springframework.amqp.rabbit.RabbitListenerEndpointContainer#0-2] INFO  SimpleMessageListenerContainer - Successfully waited for workers to finish.
25-07-16.15:52:15.583 [SpringApplicationShutdownHook] INFO  SimpleMessageListenerContainer - Shutdown ignored - container is already stopped
25-07-16.15:53:52.331 [main            ] INFO  RaffleActivityAccountDao - Starting RaffleActivityAccountDao using Java 1.8.0_452 on xingedeMacBook-Air.local with PID 87043 (started by xingeqi in /Users/xingeqi/Downloads/untitled1/untitled1-app)
25-07-16.15:53:52.332 [main            ] INFO  RaffleActivityAccountDao - The following 1 profile is active: "dev"
25-07-16.15:53:52.840 [main            ] INFO  RepositoryConfigurationDelegate - Multiple Spring Data modules found, entering strict repository configuration mode
25-07-16.15:53:52.842 [main            ] INFO  RepositoryConfigurationDelegate - Bootstrapping Spring Data Redis repositories in DEFAULT mode.
25-07-16.15:53:52.863 [main            ] INFO  RepositoryConfigurationDelegate - Finished Spring Data repository scanning in 11 ms. Found 0 Redis repository interfaces.
25-07-16.15:53:53.676 [main            ] INFO  Version                - Redisson 3.24.3
25-07-16.15:53:53.688 [main            ] WARN  DnsServerAddressStreamProviders - Can not find io.netty.resolver.dns.macos.MacOSDnsServerAddressStreamProvider in the classpath, fallback to system defaults. This may result in incorrect DNS resolutions on MacOS. Check whether you have a dependency on 'io.netty:netty-resolver-dns-native-macos'
25-07-16.15:53:53.789 [redisson-netty-2-6] INFO  MasterPubSubConnectionPool - 1 connections initialized for 192.168.12.230/192.168.12.230:6399
25-07-16.15:53:53.835 [redisson-netty-2-13] INFO  MasterConnectionPool   - 5 connections initialized for 192.168.12.230/192.168.12.230:6399
25-07-16.15:53:54.947 [main            ] INFO  EndpointLinksResolver  - Exposing 1 endpoint(s) beneath base path '/actuator'
25-07-16.15:53:54.990 [main            ] INFO  CachingConnectionFactory - Attempting to connect to: [192.168.12.230:5672]
25-07-16.15:53:55.039 [main            ] INFO  CachingConnectionFactory - Created new connection: rabbitConnectionFactory#1934339:0/SimpleConnection@484b5a21 [delegate=amqp://admin@192.168.12.230:5672/, localPort= 57758]
25-07-16.15:53:55.114 [main            ] INFO  RaffleActivityAccountDao - Started RaffleActivityAccountDao in 2.968 seconds (JVM running for 3.439)
25-07-16.15:53:55.255 [main            ] INFO  HikariDataSource       - Retail_HikariCP - Starting...
25-07-16.15:53:55.441 [main            ] INFO  HikariDataSource       - Retail_HikariCP - Start completed.
25-07-16.15:53:55.475 [org.springframework.amqp.rabbit.RabbitListenerEndpointContainer#0-2] INFO  SimpleMessageListenerContainer - Waiting for workers to finish.
25-07-16.15:53:56.111 [org.springframework.amqp.rabbit.RabbitListenerEndpointContainer#0-2] INFO  SimpleMessageListenerContainer - Successfully waited for workers to finish.
25-07-16.15:53:56.113 [SpringApplicationShutdownHook] INFO  SimpleMessageListenerContainer - Shutdown ignored - container is already stopped
25-07-16.15:54:59.246 [main            ] INFO  RaffleActivityAccountDao - Starting RaffleActivityAccountDao using Java 1.8.0_452 on xingedeMacBook-Air.local with PID 87128 (started by xingeqi in /Users/xingeqi/Downloads/untitled1/untitled1-app)
25-07-16.15:54:59.246 [main            ] INFO  RaffleActivityAccountDao - The following 1 profile is active: "dev"
25-07-16.15:54:59.721 [main            ] INFO  RepositoryConfigurationDelegate - Multiple Spring Data modules found, entering strict repository configuration mode
25-07-16.15:54:59.723 [main            ] INFO  RepositoryConfigurationDelegate - Bootstrapping Spring Data Redis repositories in DEFAULT mode.
25-07-16.15:54:59.739 [main            ] INFO  RepositoryConfigurationDelegate - Finished Spring Data repository scanning in 10 ms. Found 0 Redis repository interfaces.
25-07-16.15:55:00.559 [main            ] INFO  Version                - Redisson 3.24.3
25-07-16.15:55:00.570 [main            ] WARN  DnsServerAddressStreamProviders - Can not find io.netty.resolver.dns.macos.MacOSDnsServerAddressStreamProvider in the classpath, fallback to system defaults. This may result in incorrect DNS resolutions on MacOS. Check whether you have a dependency on 'io.netty:netty-resolver-dns-native-macos'
25-07-16.15:55:00.662 [redisson-netty-2-6] INFO  MasterPubSubConnectionPool - 1 connections initialized for 192.168.12.230/192.168.12.230:6399
25-07-16.15:55:00.703 [redisson-netty-2-13] INFO  MasterConnectionPool   - 5 connections initialized for 192.168.12.230/192.168.12.230:6399
25-07-16.15:55:01.883 [main            ] INFO  EndpointLinksResolver  - Exposing 1 endpoint(s) beneath base path '/actuator'
25-07-16.15:55:01.936 [main            ] INFO  CachingConnectionFactory - Attempting to connect to: [192.168.12.230:5672]
25-07-16.15:55:01.986 [main            ] INFO  CachingConnectionFactory - Created new connection: rabbitConnectionFactory#1934339:0/SimpleConnection@484b5a21 [delegate=amqp://admin@192.168.12.230:5672/, localPort= 58073]
25-07-16.15:55:02.050 [main            ] INFO  RaffleActivityAccountDao - Started RaffleActivityAccountDao in 2.992 seconds (JVM running for 3.449)
25-07-16.15:55:02.201 [main            ] INFO  HikariDataSource       - Retail_HikariCP - Starting...
25-07-16.15:55:02.406 [main            ] INFO  HikariDataSource       - Retail_HikariCP - Start completed.
25-07-16.15:55:02.439 [org.springframework.amqp.rabbit.RabbitListenerEndpointContainer#0-2] INFO  SimpleMessageListenerContainer - Waiting for workers to finish.
25-07-16.15:55:03.052 [org.springframework.amqp.rabbit.RabbitListenerEndpointContainer#0-2] INFO  SimpleMessageListenerContainer - Successfully waited for workers to finish.
25-07-16.15:55:03.054 [SpringApplicationShutdownHook] INFO  SimpleMessageListenerContainer - Shutdown ignored - container is already stopped
25-07-16.15:55:27.231 [main            ] INFO  RaffleActivityAccountDao - Starting RaffleActivityAccountDao using Java 1.8.0_452 on xingedeMacBook-Air.local with PID 87198 (started by xingeqi in /Users/xingeqi/Downloads/untitled1/untitled1-app)
25-07-16.15:55:27.232 [main            ] INFO  RaffleActivityAccountDao - The following 1 profile is active: "dev"
25-07-16.15:55:27.720 [main            ] INFO  RepositoryConfigurationDelegate - Multiple Spring Data modules found, entering strict repository configuration mode
25-07-16.15:55:27.721 [main            ] INFO  RepositoryConfigurationDelegate - Bootstrapping Spring Data Redis repositories in DEFAULT mode.
25-07-16.15:55:27.737 [main            ] INFO  RepositoryConfigurationDelegate - Finished Spring Data repository scanning in 10 ms. Found 0 Redis repository interfaces.
25-07-16.15:55:28.560 [main            ] INFO  Version                - Redisson 3.24.3
25-07-16.15:55:28.571 [main            ] WARN  DnsServerAddressStreamProviders - Can not find io.netty.resolver.dns.macos.MacOSDnsServerAddressStreamProvider in the classpath, fallback to system defaults. This may result in incorrect DNS resolutions on MacOS. Check whether you have a dependency on 'io.netty:netty-resolver-dns-native-macos'
25-07-16.15:55:28.670 [redisson-netty-2-6] INFO  MasterPubSubConnectionPool - 1 connections initialized for 192.168.12.230/192.168.12.230:6399
25-07-16.15:55:28.712 [redisson-netty-2-13] INFO  MasterConnectionPool   - 5 connections initialized for 192.168.12.230/192.168.12.230:6399
25-07-16.15:55:29.804 [main            ] INFO  EndpointLinksResolver  - Exposing 1 endpoint(s) beneath base path '/actuator'
25-07-16.15:55:29.857 [main            ] INFO  CachingConnectionFactory - Attempting to connect to: [192.168.12.230:5672]
25-07-16.15:55:29.910 [main            ] INFO  CachingConnectionFactory - Created new connection: rabbitConnectionFactory#1934339:0/SimpleConnection@484b5a21 [delegate=amqp://admin@192.168.12.230:5672/, localPort= 58232]
25-07-16.15:55:29.979 [main            ] INFO  RaffleActivityAccountDao - Started RaffleActivityAccountDao in 2.928 seconds (JVM running for 3.363)
25-07-16.15:55:30.004 [scheduling-1    ] INFO  UpdateActivitySkuStockJob - 定时任务，更新活动sku库存【延迟队列获取，降低对数据库的更新频次，不要产生竞争】
25-07-16.15:55:30.033 [scheduling-1    ] INFO  UpdateAwardStockJob    - 定时任务，更新奖品消耗库存【延迟队列获取，降低对数据库的更新频次，不要产生竞争】
25-07-16.15:55:30.159 [main            ] INFO  HikariDataSource       - Retail_HikariCP - Starting...
25-07-16.15:55:30.346 [main            ] INFO  HikariDataSource       - Retail_HikariCP - Start completed.
25-07-16.15:55:30.374 [org.springframework.amqp.rabbit.RabbitListenerEndpointContainer#0-2] INFO  SimpleMessageListenerContainer - Waiting for workers to finish.
25-07-16.15:55:30.976 [org.springframework.amqp.rabbit.RabbitListenerEndpointContainer#0-2] INFO  SimpleMessageListenerContainer - Successfully waited for workers to finish.
25-07-16.15:55:30.978 [SpringApplicationShutdownHook] INFO  SimpleMessageListenerContainer - Shutdown ignored - container is already stopped
25-07-16.15:55:35.417 [main            ] INFO  RaffleActivityAccountDao - Starting RaffleActivityAccountDao using Java 1.8.0_452 on xingedeMacBook-Air.local with PID 87220 (started by xingeqi in /Users/xingeqi/Downloads/untitled1/untitled1-app)
25-07-16.15:55:35.417 [main            ] INFO  RaffleActivityAccountDao - The following 1 profile is active: "dev"
25-07-16.15:55:35.889 [main            ] INFO  RepositoryConfigurationDelegate - Multiple Spring Data modules found, entering strict repository configuration mode
25-07-16.15:55:35.894 [main            ] INFO  RepositoryConfigurationDelegate - Bootstrapping Spring Data Redis repositories in DEFAULT mode.
25-07-16.15:55:35.909 [main            ] INFO  RepositoryConfigurationDelegate - Finished Spring Data repository scanning in 9 ms. Found 0 Redis repository interfaces.
25-07-16.15:55:36.712 [main            ] INFO  Version                - Redisson 3.24.3
25-07-16.15:55:36.722 [main            ] WARN  DnsServerAddressStreamProviders - Can not find io.netty.resolver.dns.macos.MacOSDnsServerAddressStreamProvider in the classpath, fallback to system defaults. This may result in incorrect DNS resolutions on MacOS. Check whether you have a dependency on 'io.netty:netty-resolver-dns-native-macos'
25-07-16.15:55:36.812 [redisson-netty-2-6] INFO  MasterPubSubConnectionPool - 1 connections initialized for 192.168.12.230/192.168.12.230:6399
25-07-16.15:55:36.859 [redisson-netty-2-13] INFO  MasterConnectionPool   - 5 connections initialized for 192.168.12.230/192.168.12.230:6399
25-07-16.15:55:37.936 [main            ] INFO  EndpointLinksResolver  - Exposing 1 endpoint(s) beneath base path '/actuator'
25-07-16.15:55:37.986 [main            ] INFO  CachingConnectionFactory - Attempting to connect to: [192.168.12.230:5672]
25-07-16.15:55:38.030 [main            ] INFO  CachingConnectionFactory - Created new connection: rabbitConnectionFactory#1934339:0/SimpleConnection@484b5a21 [delegate=amqp://admin@192.168.12.230:5672/, localPort= 58287]
25-07-16.15:55:38.090 [main            ] INFO  RaffleActivityAccountDao - Started RaffleActivityAccountDao in 2.836 seconds (JVM running for 3.196)
25-07-16.15:55:38.217 [main            ] INFO  HikariDataSource       - Retail_HikariCP - Starting...
25-07-16.15:55:38.415 [main            ] INFO  HikariDataSource       - Retail_HikariCP - Start completed.
25-07-16.15:55:38.445 [org.springframework.amqp.rabbit.RabbitListenerEndpointContainer#0-2] INFO  SimpleMessageListenerContainer - Waiting for workers to finish.
25-07-16.15:55:39.114 [org.springframework.amqp.rabbit.RabbitListenerEndpointContainer#0-2] INFO  SimpleMessageListenerContainer - Successfully waited for workers to finish.
25-07-16.15:55:39.117 [SpringApplicationShutdownHook] INFO  SimpleMessageListenerContainer - Shutdown ignored - container is already stopped
25-07-16.16:01:54.340 [main            ] INFO  RaffleActivityAccountDao - Starting RaffleActivityAccountDao using Java 1.8.0_452 on xingedeMacBook-Air.local with PID 87717 (started by xingeqi in /Users/xingeqi/Downloads/untitled1/untitled1-app)
25-07-16.16:01:54.341 [main            ] INFO  RaffleActivityAccountDao - The following 1 profile is active: "dev"
25-07-16.16:01:54.833 [main            ] INFO  RepositoryConfigurationDelegate - Multiple Spring Data modules found, entering strict repository configuration mode
25-07-16.16:01:54.835 [main            ] INFO  RepositoryConfigurationDelegate - Bootstrapping Spring Data Redis repositories in DEFAULT mode.
25-07-16.16:01:54.884 [main            ] INFO  RepositoryConfigurationDelegate - Finished Spring Data repository scanning in 28 ms. Found 0 Redis repository interfaces.
25-07-16.16:01:55.801 [main            ] INFO  Version                - Redisson 3.24.3
25-07-16.16:01:55.812 [main            ] WARN  DnsServerAddressStreamProviders - Can not find io.netty.resolver.dns.macos.MacOSDnsServerAddressStreamProvider in the classpath, fallback to system defaults. This may result in incorrect DNS resolutions on MacOS. Check whether you have a dependency on 'io.netty:netty-resolver-dns-native-macos'
25-07-16.16:01:55.904 [redisson-netty-2-6] INFO  MasterPubSubConnectionPool - 1 connections initialized for 192.168.12.230/192.168.12.230:6399
25-07-16.16:01:55.947 [redisson-netty-2-13] INFO  MasterConnectionPool   - 5 connections initialized for 192.168.12.230/192.168.12.230:6399
25-07-16.16:01:57.136 [main            ] INFO  EndpointLinksResolver  - Exposing 1 endpoint(s) beneath base path '/actuator'
25-07-16.16:01:57.200 [main            ] INFO  CachingConnectionFactory - Attempting to connect to: [192.168.12.230:5672]
25-07-16.16:01:57.243 [main            ] INFO  CachingConnectionFactory - Created new connection: rabbitConnectionFactory#1934339:0/SimpleConnection@484b5a21 [delegate=amqp://admin@192.168.12.230:5672/, localPort= 60109]
25-07-16.16:01:57.307 [main            ] INFO  RaffleActivityAccountDao - Started RaffleActivityAccountDao in 3.144 seconds (JVM running for 3.604)
25-07-16.16:01:57.477 [main            ] INFO  HikariDataSource       - Retail_HikariCP - Starting...
25-07-16.16:01:57.665 [main            ] INFO  HikariDataSource       - Retail_HikariCP - Start completed.
25-07-16.16:01:57.704 [org.springframework.amqp.rabbit.RabbitListenerEndpointContainer#0-2] INFO  SimpleMessageListenerContainer - Waiting for workers to finish.
25-07-16.16:01:58.306 [org.springframework.amqp.rabbit.RabbitListenerEndpointContainer#0-2] INFO  SimpleMessageListenerContainer - Successfully waited for workers to finish.
25-07-16.16:01:58.307 [SpringApplicationShutdownHook] INFO  SimpleMessageListenerContainer - Shutdown ignored - container is already stopped
25-07-16.16:09:23.948 [main            ] INFO  IActivityRepositoryTest - Starting IActivityRepositoryTest using Java 1.8.0_452 on xingedeMacBook-Air.local with PID 88340 (started by xingeqi in /Users/xingeqi/Downloads/untitled1/untitled1-app)
25-07-16.16:09:23.948 [main            ] INFO  IActivityRepositoryTest - The following 1 profile is active: "dev"
25-07-16.16:09:24.417 [main            ] INFO  RepositoryConfigurationDelegate - Multiple Spring Data modules found, entering strict repository configuration mode
25-07-16.16:09:24.418 [main            ] INFO  RepositoryConfigurationDelegate - Bootstrapping Spring Data Redis repositories in DEFAULT mode.
25-07-16.16:09:24.434 [main            ] INFO  RepositoryConfigurationDelegate - Finished Spring Data repository scanning in 9 ms. Found 0 Redis repository interfaces.
25-07-16.16:09:25.288 [main            ] INFO  Version                - Redisson 3.24.3
25-07-16.16:09:25.300 [main            ] WARN  DnsServerAddressStreamProviders - Can not find io.netty.resolver.dns.macos.MacOSDnsServerAddressStreamProvider in the classpath, fallback to system defaults. This may result in incorrect DNS resolutions on MacOS. Check whether you have a dependency on 'io.netty:netty-resolver-dns-native-macos'
25-07-16.16:09:25.395 [redisson-netty-2-6] INFO  MasterPubSubConnectionPool - 1 connections initialized for 192.168.12.230/192.168.12.230:6399
25-07-16.16:09:25.433 [redisson-netty-2-13] INFO  MasterConnectionPool   - 5 connections initialized for 192.168.12.230/192.168.12.230:6399
25-07-16.16:09:26.610 [main            ] INFO  EndpointLinksResolver  - Exposing 1 endpoint(s) beneath base path '/actuator'
25-07-16.16:09:26.652 [main            ] INFO  CachingConnectionFactory - Attempting to connect to: [192.168.12.230:5672]
25-07-16.16:09:26.693 [main            ] INFO  CachingConnectionFactory - Created new connection: rabbitConnectionFactory#1934339:0/SimpleConnection@16e5344c [delegate=amqp://admin@192.168.12.230:5672/, localPort= 61873]
25-07-16.16:09:26.751 [main            ] INFO  IActivityRepositoryTest - Started IActivityRepositoryTest in 2.972 seconds (JVM running for 3.352)
25-07-16.16:09:26.902 [main            ] INFO  HikariDataSource       - Retail_HikariCP - Starting...
25-07-16.16:09:27.101 [main            ] INFO  HikariDataSource       - Retail_HikariCP - Start completed.
25-07-16.16:09:27.133 [org.springframework.amqp.rabbit.RabbitListenerEndpointContainer#0-2] INFO  SimpleMessageListenerContainer - Waiting for workers to finish.
25-07-16.16:09:27.749 [org.springframework.amqp.rabbit.RabbitListenerEndpointContainer#0-2] INFO  SimpleMessageListenerContainer - Successfully waited for workers to finish.
25-07-16.16:09:27.751 [SpringApplicationShutdownHook] INFO  SimpleMessageListenerContainer - Shutdown ignored - container is already stopped
25-07-16.17:18:09.610 [main            ] INFO  IActivityRepositoryTest - Starting IActivityRepositoryTest using Java 1.8.0_452 on xingedeMacBook-Air.local with PID 93878 (started by xingeqi in /Users/xingeqi/Downloads/untitled1/untitled1-app)
25-07-16.17:18:09.610 [main            ] INFO  IActivityRepositoryTest - The following 1 profile is active: "dev"
25-07-16.17:18:10.146 [main            ] INFO  RepositoryConfigurationDelegate - Multiple Spring Data modules found, entering strict repository configuration mode
25-07-16.17:18:10.148 [main            ] INFO  RepositoryConfigurationDelegate - Bootstrapping Spring Data Redis repositories in DEFAULT mode.
25-07-16.17:18:10.167 [main            ] INFO  RepositoryConfigurationDelegate - Finished Spring Data repository scanning in 11 ms. Found 0 Redis repository interfaces.
25-07-16.17:18:10.989 [main            ] INFO  Version                - Redisson 3.24.3
25-07-16.17:18:11.001 [main            ] WARN  DnsServerAddressStreamProviders - Can not find io.netty.resolver.dns.macos.MacOSDnsServerAddressStreamProvider in the classpath, fallback to system defaults. This may result in incorrect DNS resolutions on MacOS. Check whether you have a dependency on 'io.netty:netty-resolver-dns-native-macos'
25-07-16.17:18:11.121 [redisson-netty-2-6] INFO  MasterPubSubConnectionPool - 1 connections initialized for 192.168.12.230/192.168.12.230:6399
25-07-16.17:18:11.167 [redisson-netty-2-13] INFO  MasterConnectionPool   - 5 connections initialized for 192.168.12.230/192.168.12.230:6399
25-07-16.17:18:12.391 [main            ] INFO  EndpointLinksResolver  - Exposing 1 endpoint(s) beneath base path '/actuator'
25-07-16.17:18:12.448 [main            ] INFO  CachingConnectionFactory - Attempting to connect to: [192.168.12.230:5672]
25-07-16.17:18:12.493 [main            ] INFO  CachingConnectionFactory - Created new connection: rabbitConnectionFactory#1934339:0/SimpleConnection@be1c08a [delegate=amqp://admin@192.168.12.230:5672/, localPort= 63593]
25-07-16.17:18:12.565 [main            ] INFO  IActivityRepositoryTest - Started IActivityRepositoryTest in 3.143 seconds (JVM running for 3.592)
25-07-16.17:18:12.729 [main            ] INFO  HikariDataSource       - Retail_HikariCP - Starting...
25-07-16.17:18:12.933 [main            ] INFO  HikariDataSource       - Retail_HikariCP - Start completed.
25-07-16.17:18:12.962 [org.springframework.amqp.rabbit.RabbitListenerEndpointContainer#0-2] INFO  SimpleMessageListenerContainer - Waiting for workers to finish.
25-07-16.17:18:13.560 [org.springframework.amqp.rabbit.RabbitListenerEndpointContainer#0-2] INFO  SimpleMessageListenerContainer - Successfully waited for workers to finish.
25-07-16.17:18:13.562 [SpringApplicationShutdownHook] INFO  SimpleMessageListenerContainer - Shutdown ignored - container is already stopped
25-07-16.17:23:38.617 [main            ] INFO  IActivityRepositoryTest - Starting IActivityRepositoryTest using Java 1.8.0_452 on xingedeMacBook-Air.local with PID 94341 (started by xingeqi in /Users/xingeqi/Downloads/untitled1/untitled1-app)
25-07-16.17:23:38.617 [main            ] INFO  IActivityRepositoryTest - The following 1 profile is active: "dev"
25-07-16.17:23:39.102 [main            ] INFO  RepositoryConfigurationDelegate - Multiple Spring Data modules found, entering strict repository configuration mode
25-07-16.17:23:39.103 [main            ] INFO  RepositoryConfigurationDelegate - Bootstrapping Spring Data Redis repositories in DEFAULT mode.
25-07-16.17:23:39.124 [main            ] INFO  RepositoryConfigurationDelegate - Finished Spring Data repository scanning in 10 ms. Found 0 Redis repository interfaces.
25-07-16.17:23:40.032 [main            ] INFO  Version                - Redisson 3.24.3
25-07-16.17:23:40.043 [main            ] WARN  DnsServerAddressStreamProviders - Can not find io.netty.resolver.dns.macos.MacOSDnsServerAddressStreamProvider in the classpath, fallback to system defaults. This may result in incorrect DNS resolutions on MacOS. Check whether you have a dependency on 'io.netty:netty-resolver-dns-native-macos'
25-07-16.17:23:40.138 [redisson-netty-2-6] INFO  MasterPubSubConnectionPool - 1 connections initialized for 192.168.12.230/192.168.12.230:6399
25-07-16.17:23:40.181 [redisson-netty-2-13] INFO  MasterConnectionPool   - 5 connections initialized for 192.168.12.230/192.168.12.230:6399
25-07-16.17:23:41.365 [main            ] INFO  EndpointLinksResolver  - Exposing 1 endpoint(s) beneath base path '/actuator'
25-07-16.17:23:41.413 [main            ] INFO  CachingConnectionFactory - Attempting to connect to: [192.168.12.230:5672]
25-07-16.17:23:41.468 [main            ] INFO  CachingConnectionFactory - Created new connection: rabbitConnectionFactory#1934339:0/SimpleConnection@be1c08a [delegate=amqp://admin@192.168.12.230:5672/, localPort= 64905]
25-07-16.17:23:41.537 [main            ] INFO  IActivityRepositoryTest - Started IActivityRepositoryTest in 3.108 seconds (JVM running for 3.58)
25-07-16.17:23:41.686 [main            ] INFO  HikariDataSource       - Retail_HikariCP - Starting...
25-07-16.17:23:41.893 [main            ] INFO  HikariDataSource       - Retail_HikariCP - Start completed.
25-07-16.17:23:41.934 [org.springframework.amqp.rabbit.RabbitListenerEndpointContainer#0-2] INFO  SimpleMessageListenerContainer - Waiting for workers to finish.
25-07-16.17:23:42.534 [org.springframework.amqp.rabbit.RabbitListenerEndpointContainer#0-2] INFO  SimpleMessageListenerContainer - Successfully waited for workers to finish.
25-07-16.17:23:42.536 [SpringApplicationShutdownHook] INFO  SimpleMessageListenerContainer - Shutdown ignored - container is already stopped
25-07-16.17:25:45.612 [main            ] INFO  IActivityRepositoryTest - Starting IActivityRepositoryTest using Java 1.8.0_452 on xingedeMacBook-Air.local with PID 94513 (started by xingeqi in /Users/xingeqi/Downloads/untitled1/untitled1-app)
25-07-16.17:25:45.613 [main            ] INFO  IActivityRepositoryTest - The following 1 profile is active: "dev"
25-07-16.17:25:46.073 [main            ] INFO  RepositoryConfigurationDelegate - Multiple Spring Data modules found, entering strict repository configuration mode
25-07-16.17:25:46.079 [main            ] INFO  RepositoryConfigurationDelegate - Bootstrapping Spring Data Redis repositories in DEFAULT mode.
25-07-16.17:25:46.094 [main            ] INFO  RepositoryConfigurationDelegate - Finished Spring Data repository scanning in 9 ms. Found 0 Redis repository interfaces.
25-07-16.17:25:46.894 [main            ] INFO  Version                - Redisson 3.24.3
25-07-16.17:25:46.906 [main            ] WARN  DnsServerAddressStreamProviders - Can not find io.netty.resolver.dns.macos.MacOSDnsServerAddressStreamProvider in the classpath, fallback to system defaults. This may result in incorrect DNS resolutions on MacOS. Check whether you have a dependency on 'io.netty:netty-resolver-dns-native-macos'
25-07-16.17:25:46.999 [redisson-netty-2-6] INFO  MasterPubSubConnectionPool - 1 connections initialized for 192.168.12.230/192.168.12.230:6399
25-07-16.17:25:47.040 [redisson-netty-2-13] INFO  MasterConnectionPool   - 5 connections initialized for 192.168.12.230/192.168.12.230:6399
25-07-16.17:25:48.104 [main            ] INFO  EndpointLinksResolver  - Exposing 1 endpoint(s) beneath base path '/actuator'
25-07-16.17:25:48.145 [main            ] INFO  CachingConnectionFactory - Attempting to connect to: [192.168.12.230:5672]
25-07-16.17:25:48.192 [main            ] INFO  CachingConnectionFactory - Created new connection: rabbitConnectionFactory#1934339:0/SimpleConnection@be1c08a [delegate=amqp://admin@192.168.12.230:5672/, localPort= 65447]
25-07-16.17:25:48.261 [main            ] INFO  IActivityRepositoryTest - Started IActivityRepositoryTest in 2.828 seconds (JVM running for 3.29)
25-07-16.17:25:48.405 [main            ] INFO  HikariDataSource       - Retail_HikariCP - Starting...
25-07-16.17:25:48.600 [main            ] INFO  HikariDataSource       - Retail_HikariCP - Start completed.
25-07-16.17:25:48.633 [org.springframework.amqp.rabbit.RabbitListenerEndpointContainer#0-2] INFO  SimpleMessageListenerContainer - Waiting for workers to finish.
25-07-16.17:25:49.263 [org.springframework.amqp.rabbit.RabbitListenerEndpointContainer#0-2] INFO  SimpleMessageListenerContainer - Successfully waited for workers to finish.
25-07-16.17:25:49.265 [SpringApplicationShutdownHook] INFO  SimpleMessageListenerContainer - Shutdown ignored - container is already stopped
25-07-16.17:26:18.416 [main            ] INFO  RaffleActivityAccountDao - Starting RaffleActivityAccountDao using Java 1.8.0_452 on xingedeMacBook-Air.local with PID 94566 (started by xingeqi in /Users/xingeqi/Downloads/untitled1/untitled1-app)
25-07-16.17:26:18.416 [main            ] INFO  RaffleActivityAccountDao - The following 1 profile is active: "dev"
25-07-16.17:26:18.898 [main            ] INFO  RepositoryConfigurationDelegate - Multiple Spring Data modules found, entering strict repository configuration mode
25-07-16.17:26:18.899 [main            ] INFO  RepositoryConfigurationDelegate - Bootstrapping Spring Data Redis repositories in DEFAULT mode.
25-07-16.17:26:18.916 [main            ] INFO  RepositoryConfigurationDelegate - Finished Spring Data repository scanning in 10 ms. Found 0 Redis repository interfaces.
25-07-16.17:26:19.705 [main            ] INFO  Version                - Redisson 3.24.3
25-07-16.17:26:19.717 [main            ] WARN  DnsServerAddressStreamProviders - Can not find io.netty.resolver.dns.macos.MacOSDnsServerAddressStreamProvider in the classpath, fallback to system defaults. This may result in incorrect DNS resolutions on MacOS. Check whether you have a dependency on 'io.netty:netty-resolver-dns-native-macos'
25-07-16.17:26:19.825 [redisson-netty-2-6] INFO  MasterPubSubConnectionPool - 1 connections initialized for 192.168.12.230/192.168.12.230:6399
25-07-16.17:26:19.866 [redisson-netty-2-13] INFO  MasterConnectionPool   - 5 connections initialized for 192.168.12.230/192.168.12.230:6399
25-07-16.17:26:20.955 [main            ] INFO  EndpointLinksResolver  - Exposing 1 endpoint(s) beneath base path '/actuator'
25-07-16.17:26:21.005 [main            ] INFO  CachingConnectionFactory - Attempting to connect to: [192.168.12.230:5672]
25-07-16.17:26:21.049 [main            ] INFO  CachingConnectionFactory - Created new connection: rabbitConnectionFactory#1934339:0/SimpleConnection@be1c08a [delegate=amqp://admin@192.168.12.230:5672/, localPort= 49232]
25-07-16.17:26:21.115 [main            ] INFO  RaffleActivityAccountDao - Started RaffleActivityAccountDao in 2.879 seconds (JVM running for 3.319)
25-07-16.17:26:21.252 [main            ] INFO  HikariDataSource       - Retail_HikariCP - Starting...
25-07-16.17:26:21.440 [main            ] INFO  HikariDataSource       - Retail_HikariCP - Start completed.
25-07-16.17:26:21.472 [org.springframework.amqp.rabbit.RabbitListenerEndpointContainer#0-2] INFO  SimpleMessageListenerContainer - Waiting for workers to finish.
25-07-16.17:26:22.116 [org.springframework.amqp.rabbit.RabbitListenerEndpointContainer#0-2] INFO  SimpleMessageListenerContainer - Successfully waited for workers to finish.
25-07-16.17:26:22.118 [SpringApplicationShutdownHook] INFO  SimpleMessageListenerContainer - Shutdown ignored - container is already stopped
25-07-16.17:28:26.129 [main            ] INFO  RaffleActivityAccountDao - Starting RaffleActivityAccountDao using Java 1.8.0_452 on xingedeMacBook-Air.local with PID 94730 (started by xingeqi in /Users/xingeqi/Downloads/untitled1/untitled1-app)
25-07-16.17:28:26.130 [main            ] INFO  RaffleActivityAccountDao - The following 1 profile is active: "dev"
25-07-16.17:28:26.592 [main            ] INFO  RepositoryConfigurationDelegate - Multiple Spring Data modules found, entering strict repository configuration mode
25-07-16.17:28:26.593 [main            ] INFO  RepositoryConfigurationDelegate - Bootstrapping Spring Data Redis repositories in DEFAULT mode.
25-07-16.17:28:26.613 [main            ] INFO  RepositoryConfigurationDelegate - Finished Spring Data repository scanning in 9 ms. Found 0 Redis repository interfaces.
25-07-16.17:28:27.394 [main            ] INFO  Version                - Redisson 3.24.3
25-07-16.17:28:27.406 [main            ] WARN  DnsServerAddressStreamProviders - Can not find io.netty.resolver.dns.macos.MacOSDnsServerAddressStreamProvider in the classpath, fallback to system defaults. This may result in incorrect DNS resolutions on MacOS. Check whether you have a dependency on 'io.netty:netty-resolver-dns-native-macos'
25-07-16.17:28:27.496 [redisson-netty-2-6] INFO  MasterPubSubConnectionPool - 1 connections initialized for 192.168.12.230/192.168.12.230:6399
25-07-16.17:28:27.539 [redisson-netty-2-13] INFO  MasterConnectionPool   - 5 connections initialized for 192.168.12.230/192.168.12.230:6399
25-07-16.17:28:28.651 [main            ] INFO  EndpointLinksResolver  - Exposing 1 endpoint(s) beneath base path '/actuator'
25-07-16.17:28:28.705 [main            ] INFO  CachingConnectionFactory - Attempting to connect to: [192.168.12.230:5672]
25-07-16.17:28:28.756 [main            ] INFO  CachingConnectionFactory - Created new connection: rabbitConnectionFactory#4af12a63:0/SimpleConnection@10408ea [delegate=amqp://admin@192.168.12.230:5672/, localPort= 49744]
25-07-16.17:28:28.814 [main            ] INFO  RaffleActivityAccountDao - Started RaffleActivityAccountDao in 2.855 seconds (JVM running for 3.242)
25-07-16.17:28:28.934 [main            ] INFO  HikariDataSource       - Retail_HikariCP - Starting...
25-07-16.17:28:29.134 [main            ] INFO  HikariDataSource       - Retail_HikariCP - Start completed.
25-07-16.17:28:29.165 [org.springframework.amqp.rabbit.RabbitListenerEndpointContainer#0-2] INFO  SimpleMessageListenerContainer - Waiting for workers to finish.
25-07-16.17:28:29.819 [org.springframework.amqp.rabbit.RabbitListenerEndpointContainer#0-2] INFO  SimpleMessageListenerContainer - Successfully waited for workers to finish.
25-07-16.17:28:29.822 [SpringApplicationShutdownHook] INFO  SimpleMessageListenerContainer - Shutdown ignored - container is already stopped
25-07-16.17:28:52.207 [main            ] INFO  RaffleActivityAccountDao - Starting RaffleActivityAccountDao using Java 1.8.0_452 on xingedeMacBook-Air.local with PID 94774 (started by xingeqi in /Users/xingeqi/Downloads/untitled1/untitled1-app)
25-07-16.17:28:52.208 [main            ] INFO  RaffleActivityAccountDao - The following 1 profile is active: "dev"
25-07-16.17:28:52.649 [main            ] INFO  RepositoryConfigurationDelegate - Multiple Spring Data modules found, entering strict repository configuration mode
25-07-16.17:28:52.655 [main            ] INFO  RepositoryConfigurationDelegate - Bootstrapping Spring Data Redis repositories in DEFAULT mode.
25-07-16.17:28:52.671 [main            ] INFO  RepositoryConfigurationDelegate - Finished Spring Data repository scanning in 10 ms. Found 0 Redis repository interfaces.
25-07-16.17:28:53.426 [main            ] INFO  Version                - Redisson 3.24.3
25-07-16.17:28:53.436 [main            ] WARN  DnsServerAddressStreamProviders - Can not find io.netty.resolver.dns.macos.MacOSDnsServerAddressStreamProvider in the classpath, fallback to system defaults. This may result in incorrect DNS resolutions on MacOS. Check whether you have a dependency on 'io.netty:netty-resolver-dns-native-macos'
25-07-16.17:28:53.516 [redisson-netty-2-6] INFO  MasterPubSubConnectionPool - 1 connections initialized for 192.168.12.230/192.168.12.230:6399
25-07-16.17:28:53.556 [redisson-netty-2-13] INFO  MasterConnectionPool   - 5 connections initialized for 192.168.12.230/192.168.12.230:6399
25-07-16.17:28:54.620 [main            ] INFO  EndpointLinksResolver  - Exposing 1 endpoint(s) beneath base path '/actuator'
25-07-16.17:28:54.654 [main            ] INFO  CachingConnectionFactory - Attempting to connect to: [192.168.12.230:5672]
25-07-16.17:28:54.706 [main            ] INFO  CachingConnectionFactory - Created new connection: rabbitConnectionFactory#4af12a63:0/SimpleConnection@10408ea [delegate=amqp://admin@192.168.12.230:5672/, localPort= 49858]
25-07-16.17:28:54.769 [main            ] INFO  RaffleActivityAccountDao - Started RaffleActivityAccountDao in 2.734 seconds (JVM running for 3.103)
25-07-16.17:28:54.903 [main            ] INFO  HikariDataSource       - Retail_HikariCP - Starting...
25-07-16.17:28:55.001 [scheduling-1    ] INFO  UpdateActivitySkuStockJob - 定时任务，更新活动sku库存【延迟队列获取，降低对数据库的更新频次，不要产生竞争】
25-07-16.17:28:55.021 [scheduling-1    ] INFO  UpdateAwardStockJob    - 定时任务，更新奖品消耗库存【延迟队列获取，降低对数据库的更新频次，不要产生竞争】
25-07-16.17:28:55.102 [main            ] INFO  HikariDataSource       - Retail_HikariCP - Start completed.
25-07-16.17:28:55.132 [org.springframework.amqp.rabbit.RabbitListenerEndpointContainer#0-2] INFO  SimpleMessageListenerContainer - Waiting for workers to finish.
25-07-16.17:28:55.769 [org.springframework.amqp.rabbit.RabbitListenerEndpointContainer#0-2] INFO  SimpleMessageListenerContainer - Successfully waited for workers to finish.
25-07-16.17:28:55.771 [SpringApplicationShutdownHook] INFO  SimpleMessageListenerContainer - Shutdown ignored - container is already stopped
25-07-16.17:29:24.236 [main            ] INFO  RaffleActivityAccountDao - Starting RaffleActivityAccountDao using Java 1.8.0_452 on xingedeMacBook-Air.local with PID 94814 (started by xingeqi in /Users/xingeqi/Downloads/untitled1/untitled1-app)
25-07-16.17:29:24.237 [main            ] INFO  RaffleActivityAccountDao - The following 1 profile is active: "dev"
25-07-16.17:29:24.701 [main            ] INFO  RepositoryConfigurationDelegate - Multiple Spring Data modules found, entering strict repository configuration mode
25-07-16.17:29:24.707 [main            ] INFO  RepositoryConfigurationDelegate - Bootstrapping Spring Data Redis repositories in DEFAULT mode.
25-07-16.17:29:24.724 [main            ] INFO  RepositoryConfigurationDelegate - Finished Spring Data repository scanning in 9 ms. Found 0 Redis repository interfaces.
25-07-16.17:29:25.509 [main            ] INFO  Version                - Redisson 3.24.3
25-07-16.17:29:25.520 [main            ] WARN  DnsServerAddressStreamProviders - Can not find io.netty.resolver.dns.macos.MacOSDnsServerAddressStreamProvider in the classpath, fallback to system defaults. This may result in incorrect DNS resolutions on MacOS. Check whether you have a dependency on 'io.netty:netty-resolver-dns-native-macos'
25-07-16.17:29:25.611 [redisson-netty-2-6] INFO  MasterPubSubConnectionPool - 1 connections initialized for 192.168.12.230/192.168.12.230:6399
25-07-16.17:29:25.650 [redisson-netty-2-13] INFO  MasterConnectionPool   - 5 connections initialized for 192.168.12.230/192.168.12.230:6399
25-07-16.17:29:26.710 [main            ] INFO  EndpointLinksResolver  - Exposing 1 endpoint(s) beneath base path '/actuator'
25-07-16.17:29:26.749 [main            ] INFO  CachingConnectionFactory - Attempting to connect to: [192.168.12.230:5672]
25-07-16.17:29:26.795 [main            ] INFO  CachingConnectionFactory - Created new connection: rabbitConnectionFactory#4af12a63:0/SimpleConnection@10408ea [delegate=amqp://admin@192.168.12.230:5672/, localPort= 50019]
25-07-16.17:29:26.859 [main            ] INFO  RaffleActivityAccountDao - Started RaffleActivityAccountDao in 2.795 seconds (JVM running for 3.167)
25-07-16.17:29:27.003 [main            ] INFO  HikariDataSource       - Retail_HikariCP - Starting...
25-07-16.17:29:27.205 [main            ] INFO  HikariDataSource       - Retail_HikariCP - Start completed.
25-07-16.17:29:27.238 [org.springframework.amqp.rabbit.RabbitListenerEndpointContainer#0-2] INFO  SimpleMessageListenerContainer - Waiting for workers to finish.
25-07-16.17:29:27.859 [org.springframework.amqp.rabbit.RabbitListenerEndpointContainer#0-2] INFO  SimpleMessageListenerContainer - Successfully waited for workers to finish.
25-07-16.17:29:27.860 [SpringApplicationShutdownHook] INFO  SimpleMessageListenerContainer - Shutdown ignored - container is already stopped
25-07-16.17:29:48.361 [main            ] INFO  RaffleActivityAccountDao - Starting RaffleActivityAccountDao using Java 1.8.0_452 on xingedeMacBook-Air.local with PID 94862 (started by xingeqi in /Users/xingeqi/Downloads/untitled1/untitled1-app)
25-07-16.17:29:48.362 [main            ] INFO  RaffleActivityAccountDao - The following 1 profile is active: "dev"
25-07-16.17:29:48.785 [main            ] INFO  RepositoryConfigurationDelegate - Multiple Spring Data modules found, entering strict repository configuration mode
25-07-16.17:29:48.787 [main            ] INFO  RepositoryConfigurationDelegate - Bootstrapping Spring Data Redis repositories in DEFAULT mode.
25-07-16.17:29:48.807 [main            ] INFO  RepositoryConfigurationDelegate - Finished Spring Data repository scanning in 10 ms. Found 0 Redis repository interfaces.
25-07-16.17:29:49.551 [main            ] INFO  Version                - Redisson 3.24.3
25-07-16.17:29:49.560 [main            ] WARN  DnsServerAddressStreamProviders - Can not find io.netty.resolver.dns.macos.MacOSDnsServerAddressStreamProvider in the classpath, fallback to system defaults. This may result in incorrect DNS resolutions on MacOS. Check whether you have a dependency on 'io.netty:netty-resolver-dns-native-macos'
25-07-16.17:29:49.655 [redisson-netty-2-6] INFO  MasterPubSubConnectionPool - 1 connections initialized for 192.168.12.230/192.168.12.230:6399
25-07-16.17:29:49.695 [redisson-netty-2-13] INFO  MasterConnectionPool   - 5 connections initialized for 192.168.12.230/192.168.12.230:6399
25-07-16.17:29:50.758 [main            ] INFO  EndpointLinksResolver  - Exposing 1 endpoint(s) beneath base path '/actuator'
25-07-16.17:29:50.804 [main            ] INFO  CachingConnectionFactory - Attempting to connect to: [192.168.12.230:5672]
25-07-16.17:29:50.848 [main            ] INFO  CachingConnectionFactory - Created new connection: rabbitConnectionFactory#4af12a63:0/SimpleConnection@10408ea [delegate=amqp://admin@192.168.12.230:5672/, localPort= 50135]
25-07-16.17:29:50.909 [main            ] INFO  RaffleActivityAccountDao - Started RaffleActivityAccountDao in 2.714 seconds (JVM running for 3.072)
25-07-16.17:29:51.038 [main            ] INFO  HikariDataSource       - Retail_HikariCP - Starting...
25-07-16.17:29:51.237 [main            ] INFO  HikariDataSource       - Retail_HikariCP - Start completed.
25-07-16.17:29:51.268 [org.springframework.amqp.rabbit.RabbitListenerEndpointContainer#0-2] INFO  SimpleMessageListenerContainer - Waiting for workers to finish.
25-07-16.17:29:51.913 [org.springframework.amqp.rabbit.RabbitListenerEndpointContainer#0-2] INFO  SimpleMessageListenerContainer - Successfully waited for workers to finish.
25-07-16.17:29:51.916 [SpringApplicationShutdownHook] INFO  SimpleMessageListenerContainer - Shutdown ignored - container is already stopped
25-07-16.19:12:15.401 [main            ] INFO  TestActivityService    - Starting TestActivityService using Java 1.8.0_452 on xingedeMacBook-Air.local with PID 1633 (started by xingeqi in /Users/xingeqi/Downloads/untitled1/untitled1-app)
25-07-16.19:12:15.402 [main            ] INFO  TestActivityService    - The following 1 profile is active: "dev"
25-07-16.19:12:15.898 [main            ] INFO  RepositoryConfigurationDelegate - Multiple Spring Data modules found, entering strict repository configuration mode
25-07-16.19:12:15.903 [main            ] INFO  RepositoryConfigurationDelegate - Bootstrapping Spring Data Redis repositories in DEFAULT mode.
25-07-16.19:12:15.920 [main            ] INFO  RepositoryConfigurationDelegate - Finished Spring Data repository scanning in 10 ms. Found 0 Redis repository interfaces.
25-07-16.19:12:16.818 [main            ] INFO  Version                - Redisson 3.24.3
25-07-16.19:12:16.831 [main            ] WARN  DnsServerAddressStreamProviders - Can not find io.netty.resolver.dns.macos.MacOSDnsServerAddressStreamProvider in the classpath, fallback to system defaults. This may result in incorrect DNS resolutions on MacOS. Check whether you have a dependency on 'io.netty:netty-resolver-dns-native-macos'
25-07-16.19:12:16.977 [redisson-netty-2-6] INFO  MasterPubSubConnectionPool - 1 connections initialized for 192.168.12.230/192.168.12.230:6399
25-07-16.19:12:17.023 [redisson-netty-2-13] INFO  MasterConnectionPool   - 5 connections initialized for 192.168.12.230/192.168.12.230:6399
25-07-16.19:12:18.264 [main            ] INFO  EndpointLinksResolver  - Exposing 1 endpoint(s) beneath base path '/actuator'
25-07-16.19:12:18.313 [main            ] INFO  CachingConnectionFactory - Attempting to connect to: [192.168.12.230:5672]
25-07-16.19:12:18.363 [main            ] INFO  CachingConnectionFactory - Created new connection: rabbitConnectionFactory#7babed9e:0/SimpleConnection@5abc5854 [delegate=amqp://admin@192.168.12.230:5672/, localPort= 52412]
25-07-16.19:12:18.512 [main            ] INFO  TestActivityService    - Started TestActivityService in 3.316 seconds (JVM running for 3.734)
25-07-16.19:12:18.666 [main            ] INFO  HikariDataSource       - Retail_HikariCP - Starting...
25-07-16.19:12:18.881 [main            ] INFO  HikariDataSource       - Retail_HikariCP - Start completed.
25-07-16.19:12:18.923 [org.springframework.amqp.rabbit.RabbitListenerEndpointContainer#0-2] INFO  SimpleMessageListenerContainer - Waiting for workers to finish.
25-07-16.19:12:19.505 [org.springframework.amqp.rabbit.RabbitListenerEndpointContainer#0-2] INFO  SimpleMessageListenerContainer - Successfully waited for workers to finish.
25-07-16.19:12:19.507 [SpringApplicationShutdownHook] INFO  SimpleMessageListenerContainer - Shutdown ignored - container is already stopped
25-07-16.19:17:39.255 [main            ] INFO  RaffleActivityAccountDao - Starting RaffleActivityAccountDao using Java 1.8.0_452 on xingedeMacBook-Air.local with PID 2052 (started by xingeqi in /Users/xingeqi/Downloads/untitled1/untitled1-app)
25-07-16.19:17:39.255 [main            ] INFO  RaffleActivityAccountDao - The following 1 profile is active: "dev"
25-07-16.19:17:39.744 [main            ] INFO  RepositoryConfigurationDelegate - Multiple Spring Data modules found, entering strict repository configuration mode
25-07-16.19:17:39.750 [main            ] INFO  RepositoryConfigurationDelegate - Bootstrapping Spring Data Redis repositories in DEFAULT mode.
25-07-16.19:17:39.767 [main            ] INFO  RepositoryConfigurationDelegate - Finished Spring Data repository scanning in 10 ms. Found 0 Redis repository interfaces.
25-07-16.19:17:40.600 [main            ] INFO  Version                - Redisson 3.24.3
25-07-16.19:17:40.612 [main            ] WARN  DnsServerAddressStreamProviders - Can not find io.netty.resolver.dns.macos.MacOSDnsServerAddressStreamProvider in the classpath, fallback to system defaults. This may result in incorrect DNS resolutions on MacOS. Check whether you have a dependency on 'io.netty:netty-resolver-dns-native-macos'
25-07-16.19:17:40.732 [redisson-netty-2-6] INFO  MasterPubSubConnectionPool - 1 connections initialized for 192.168.12.230/192.168.12.230:6399
25-07-16.19:17:40.782 [redisson-netty-2-13] INFO  MasterConnectionPool   - 5 connections initialized for 192.168.12.230/192.168.12.230:6399
25-07-16.19:17:41.990 [main            ] INFO  EndpointLinksResolver  - Exposing 1 endpoint(s) beneath base path '/actuator'
25-07-16.19:17:42.033 [main            ] INFO  CachingConnectionFactory - Attempting to connect to: [192.168.12.230:5672]
25-07-16.19:17:42.093 [main            ] INFO  CachingConnectionFactory - Created new connection: rabbitConnectionFactory#7babed9e:0/SimpleConnection@5abc5854 [delegate=amqp://admin@192.168.12.230:5672/, localPort= 53676]
25-07-16.19:17:42.164 [main            ] INFO  RaffleActivityAccountDao - Started RaffleActivityAccountDao in 3.098 seconds (JVM running for 3.532)
25-07-16.19:17:42.314 [org.springframework.amqp.rabbit.RabbitListenerEndpointContainer#0-2] INFO  SimpleMessageListenerContainer - Waiting for workers to finish.
25-07-16.19:17:43.168 [org.springframework.amqp.rabbit.RabbitListenerEndpointContainer#0-2] INFO  SimpleMessageListenerContainer - Successfully waited for workers to finish.
25-07-16.19:17:43.174 [SpringApplicationShutdownHook] INFO  SimpleMessageListenerContainer - Shutdown ignored - container is already stopped
25-07-16.19:30:28.258 [main            ] INFO  RaffleActivityAccountDao - Starting RaffleActivityAccountDao using Java 1.8.0_452 on xingedeMacBook-Air.local with PID 3038 (started by xingeqi in /Users/xingeqi/Downloads/untitled1/untitled1-app)
25-07-16.19:30:28.258 [main            ] INFO  RaffleActivityAccountDao - The following 1 profile is active: "dev"
25-07-16.19:30:28.801 [main            ] INFO  RepositoryConfigurationDelegate - Multiple Spring Data modules found, entering strict repository configuration mode
25-07-16.19:30:28.803 [main            ] INFO  RepositoryConfigurationDelegate - Bootstrapping Spring Data Redis repositories in DEFAULT mode.
25-07-16.19:30:28.829 [main            ] INFO  RepositoryConfigurationDelegate - Finished Spring Data repository scanning in 12 ms. Found 0 Redis repository interfaces.
25-07-16.19:30:29.653 [main            ] INFO  Version                - Redisson 3.24.3
25-07-16.19:30:29.665 [main            ] WARN  DnsServerAddressStreamProviders - Can not find io.netty.resolver.dns.macos.MacOSDnsServerAddressStreamProvider in the classpath, fallback to system defaults. This may result in incorrect DNS resolutions on MacOS. Check whether you have a dependency on 'io.netty:netty-resolver-dns-native-macos'
25-07-16.19:30:29.763 [redisson-netty-2-6] INFO  MasterPubSubConnectionPool - 1 connections initialized for 192.168.12.230/192.168.12.230:6399
25-07-16.19:30:29.805 [redisson-netty-2-13] INFO  MasterConnectionPool   - 5 connections initialized for 192.168.12.230/192.168.12.230:6399
25-07-16.19:30:30.957 [main            ] INFO  EndpointLinksResolver  - Exposing 1 endpoint(s) beneath base path '/actuator'
25-07-16.19:30:31.005 [main            ] INFO  CachingConnectionFactory - Attempting to connect to: [192.168.12.230:5672]
25-07-16.19:30:31.073 [main            ] INFO  CachingConnectionFactory - Created new connection: rabbitConnectionFactory#7babed9e:0/SimpleConnection@5abc5854 [delegate=amqp://admin@192.168.12.230:5672/, localPort= 56608]
25-07-16.19:30:31.144 [main            ] INFO  RaffleActivityAccountDao - Started RaffleActivityAccountDao in 3.076 seconds (JVM running for 3.587)
25-07-16.19:30:31.310 [main            ] INFO  HikariDataSource       - Retail_HikariCP - Starting...
25-07-16.19:30:31.524 [main            ] INFO  HikariDataSource       - Retail_HikariCP - Start completed.
25-07-16.19:30:31.555 [org.springframework.amqp.rabbit.RabbitListenerEndpointContainer#0-2] INFO  SimpleMessageListenerContainer - Waiting for workers to finish.
25-07-16.19:30:32.149 [org.springframework.amqp.rabbit.RabbitListenerEndpointContainer#0-2] INFO  SimpleMessageListenerContainer - Successfully waited for workers to finish.
25-07-16.19:30:32.151 [SpringApplicationShutdownHook] INFO  SimpleMessageListenerContainer - Shutdown ignored - container is already stopped
25-07-16.19:36:37.048 [main            ] INFO  TestActivityService    - Starting TestActivityService using Java 1.8.0_452 on xingedeMacBook-Air.local with PID 3231 (started by xingeqi in /Users/xingeqi/Downloads/untitled1/untitled1-app)
25-07-16.19:36:37.049 [main            ] INFO  TestActivityService    - The following 1 profile is active: "dev"
25-07-16.19:36:37.530 [main            ] INFO  RepositoryConfigurationDelegate - Multiple Spring Data modules found, entering strict repository configuration mode
25-07-16.19:36:37.535 [main            ] INFO  RepositoryConfigurationDelegate - Bootstrapping Spring Data Redis repositories in DEFAULT mode.
25-07-16.19:36:37.552 [main            ] INFO  RepositoryConfigurationDelegate - Finished Spring Data repository scanning in 10 ms. Found 0 Redis repository interfaces.
25-07-16.19:36:38.331 [main            ] INFO  Version                - Redisson 3.24.3
25-07-16.19:36:38.344 [main            ] WARN  DnsServerAddressStreamProviders - Can not find io.netty.resolver.dns.macos.MacOSDnsServerAddressStreamProvider in the classpath, fallback to system defaults. This may result in incorrect DNS resolutions on MacOS. Check whether you have a dependency on 'io.netty:netty-resolver-dns-native-macos'
25-07-16.19:36:38.441 [redisson-netty-2-6] INFO  MasterPubSubConnectionPool - 1 connections initialized for 192.168.12.230/192.168.12.230:6399
25-07-16.19:36:38.492 [redisson-netty-2-13] INFO  MasterConnectionPool   - 5 connections initialized for 192.168.12.230/192.168.12.230:6399
25-07-16.19:36:39.557 [main            ] INFO  EndpointLinksResolver  - Exposing 1 endpoint(s) beneath base path '/actuator'
25-07-16.19:36:39.593 [main            ] INFO  CachingConnectionFactory - Attempting to connect to: [192.168.12.230:5672]
25-07-16.19:36:39.640 [main            ] INFO  CachingConnectionFactory - Created new connection: rabbitConnectionFactory#7babed9e:0/SimpleConnection@5abc5854 [delegate=amqp://admin@192.168.12.230:5672/, localPort= 57437]
25-07-16.19:36:39.705 [main            ] INFO  TestActivityService    - Started TestActivityService in 2.84 seconds (JVM running for 3.303)
25-07-16.19:36:39.848 [main            ] INFO  HikariDataSource       - Retail_HikariCP - Starting...
25-07-16.19:36:40.004 [scheduling-1    ] INFO  UpdateActivitySkuStockJob - 定时任务，更新活动sku库存【延迟队列获取，降低对数据库的更新频次，不要产生竞争】
25-07-16.19:36:40.016 [scheduling-1    ] INFO  UpdateAwardStockJob    - 定时任务，更新奖品消耗库存【延迟队列获取，降低对数据库的更新频次，不要产生竞争】
25-07-16.19:36:40.053 [main            ] INFO  HikariDataSource       - Retail_HikariCP - Start completed.
25-07-16.19:36:40.096 [org.springframework.amqp.rabbit.RabbitListenerEndpointContainer#0-2] INFO  SimpleMessageListenerContainer - Waiting for workers to finish.
25-07-16.19:36:40.708 [org.springframework.amqp.rabbit.RabbitListenerEndpointContainer#0-2] INFO  SimpleMessageListenerContainer - Successfully waited for workers to finish.
25-07-16.19:36:40.709 [SpringApplicationShutdownHook] INFO  SimpleMessageListenerContainer - Shutdown ignored - container is already stopped
25-07-16.19:37:18.966 [main            ] INFO  TestActivityService    - Starting TestActivityService using Java 1.8.0_452 on xingedeMacBook-Air.local with PID 3297 (started by xingeqi in /Users/xingeqi/Downloads/untitled1/untitled1-app)
25-07-16.19:37:18.966 [main            ] INFO  TestActivityService    - The following 1 profile is active: "dev"
25-07-16.19:37:19.459 [main            ] INFO  RepositoryConfigurationDelegate - Multiple Spring Data modules found, entering strict repository configuration mode
25-07-16.19:37:19.460 [main            ] INFO  RepositoryConfigurationDelegate - Bootstrapping Spring Data Redis repositories in DEFAULT mode.
25-07-16.19:37:19.482 [main            ] INFO  RepositoryConfigurationDelegate - Finished Spring Data repository scanning in 11 ms. Found 0 Redis repository interfaces.
25-07-16.19:37:20.269 [main            ] INFO  Version                - Redisson 3.24.3
25-07-16.19:37:20.280 [main            ] WARN  DnsServerAddressStreamProviders - Can not find io.netty.resolver.dns.macos.MacOSDnsServerAddressStreamProvider in the classpath, fallback to system defaults. This may result in incorrect DNS resolutions on MacOS. Check whether you have a dependency on 'io.netty:netty-resolver-dns-native-macos'
25-07-16.19:37:20.384 [redisson-netty-2-6] INFO  MasterPubSubConnectionPool - 1 connections initialized for 192.168.12.230/192.168.12.230:6399
25-07-16.19:37:20.426 [redisson-netty-2-13] INFO  MasterConnectionPool   - 5 connections initialized for 192.168.12.230/192.168.12.230:6399
25-07-16.19:37:21.547 [main            ] INFO  EndpointLinksResolver  - Exposing 1 endpoint(s) beneath base path '/actuator'
25-07-16.19:37:21.586 [main            ] INFO  CachingConnectionFactory - Attempting to connect to: [192.168.12.230:5672]
25-07-16.19:37:21.630 [main            ] INFO  CachingConnectionFactory - Created new connection: rabbitConnectionFactory#7babed9e:0/SimpleConnection@5abc5854 [delegate=amqp://admin@192.168.12.230:5672/, localPort= 57686]
25-07-16.19:37:21.698 [main            ] INFO  TestActivityService    - Started TestActivityService in 2.912 seconds (JVM running for 3.298)
25-07-16.19:37:21.839 [main            ] INFO  HikariDataSource       - Retail_HikariCP - Starting...
25-07-16.19:37:22.050 [main            ] INFO  HikariDataSource       - Retail_HikariCP - Start completed.
25-07-16.19:37:22.096 [org.springframework.amqp.rabbit.RabbitListenerEndpointContainer#0-2] INFO  SimpleMessageListenerContainer - Waiting for workers to finish.
25-07-16.19:37:22.695 [org.springframework.amqp.rabbit.RabbitListenerEndpointContainer#0-2] INFO  SimpleMessageListenerContainer - Successfully waited for workers to finish.
25-07-16.19:37:22.697 [SpringApplicationShutdownHook] INFO  SimpleMessageListenerContainer - Shutdown ignored - container is already stopped
25-07-16.19:39:42.425 [main            ] INFO  TestActivityService    - Starting TestActivityService using Java 1.8.0_452 on xingedeMacBook-Air.local with PID 3485 (started by xingeqi in /Users/xingeqi/Downloads/untitled1/untitled1-app)
25-07-16.19:39:42.426 [main            ] INFO  TestActivityService    - The following 1 profile is active: "dev"
25-07-16.19:39:42.931 [main            ] INFO  RepositoryConfigurationDelegate - Multiple Spring Data modules found, entering strict repository configuration mode
25-07-16.19:39:42.935 [main            ] INFO  RepositoryConfigurationDelegate - Bootstrapping Spring Data Redis repositories in DEFAULT mode.
25-07-16.19:39:42.951 [main            ] INFO  RepositoryConfigurationDelegate - Finished Spring Data repository scanning in 10 ms. Found 0 Redis repository interfaces.
25-07-16.19:39:43.786 [main            ] INFO  Version                - Redisson 3.24.3
25-07-16.19:39:43.798 [main            ] WARN  DnsServerAddressStreamProviders - Can not find io.netty.resolver.dns.macos.MacOSDnsServerAddressStreamProvider in the classpath, fallback to system defaults. This may result in incorrect DNS resolutions on MacOS. Check whether you have a dependency on 'io.netty:netty-resolver-dns-native-macos'
25-07-16.19:39:43.901 [redisson-netty-2-6] INFO  MasterPubSubConnectionPool - 1 connections initialized for 192.168.12.230/192.168.12.230:6399
25-07-16.19:39:43.942 [redisson-netty-2-13] INFO  MasterConnectionPool   - 5 connections initialized for 192.168.12.230/192.168.12.230:6399
25-07-16.19:39:45.016 [main            ] INFO  EndpointLinksResolver  - Exposing 1 endpoint(s) beneath base path '/actuator'
25-07-16.19:39:45.066 [main            ] INFO  CachingConnectionFactory - Attempting to connect to: [192.168.12.230:5672]
25-07-16.19:39:45.112 [main            ] INFO  CachingConnectionFactory - Created new connection: rabbitConnectionFactory#7babed9e:0/SimpleConnection@5abc5854 [delegate=amqp://admin@192.168.12.230:5672/, localPort= 58349]
25-07-16.19:39:45.185 [main            ] INFO  TestActivityService    - Started TestActivityService in 2.938 seconds (JVM running for 3.35)
25-07-16.19:39:45.321 [main            ] INFO  HikariDataSource       - Retail_HikariCP - Starting...
25-07-16.19:39:45.515 [main            ] INFO  HikariDataSource       - Retail_HikariCP - Start completed.
25-07-16.19:39:45.560 [org.springframework.amqp.rabbit.RabbitListenerEndpointContainer#0-2] INFO  SimpleMessageListenerContainer - Waiting for workers to finish.
25-07-16.19:39:46.187 [org.springframework.amqp.rabbit.RabbitListenerEndpointContainer#0-2] INFO  SimpleMessageListenerContainer - Successfully waited for workers to finish.
25-07-16.19:39:46.189 [SpringApplicationShutdownHook] INFO  SimpleMessageListenerContainer - Shutdown ignored - container is already stopped
25-07-16.23:45:15.362 [main            ] INFO  TestActivityService    - Starting TestActivityService using Java 1.8.0_452 on xingedeMacBook-Air.local with PID 23127 (started by xingeqi in /Users/xingeqi/Downloads/untitled1/untitled1-app)
25-07-16.23:45:15.363 [main            ] INFO  TestActivityService    - The following 1 profile is active: "dev"
25-07-16.23:45:15.886 [main            ] INFO  RepositoryConfigurationDelegate - Multiple Spring Data modules found, entering strict repository configuration mode
25-07-16.23:45:15.892 [main            ] INFO  RepositoryConfigurationDelegate - Bootstrapping Spring Data Redis repositories in DEFAULT mode.
25-07-16.23:45:15.909 [main            ] INFO  RepositoryConfigurationDelegate - Finished Spring Data repository scanning in 10 ms. Found 0 Redis repository interfaces.
25-07-16.23:45:16.574 [main            ] WARN  GenericWebApplicationContext - Exception encountered during context initialization - cancelling refresh attempt: org.springframework.beans.factory.BeanCreationException: Error creating bean with name 'raffleController': Injection of resource dependencies failed; nested exception is org.springframework.beans.factory.BeanCreationException: Error creating bean with name 'strategyArmoryDispatch': Injection of resource dependencies failed; nested exception is org.springframework.beans.factory.BeanCreationException: Error creating bean with name 'strategyRepository': Injection of resource dependencies failed; nested exception is org.springframework.beans.factory.UnsatisfiedDependencyException: Error creating bean with name 'IStrategyAwardDao' defined in file [/Users/xingeqi/Downloads/untitled1/untitled1-infrastructure/target/classes/org/example/infrastructure/persistent/dao/IStrategyAwardDao.class]: Unsatisfied dependency expressed through bean property 'sqlSessionFactory'; nested exception is org.springframework.beans.factory.BeanCreationException: Error creating bean with name 'sqlSessionFactory' defined in class path resource [org/mybatis/spring/boot/autoconfigure/MybatisAutoConfiguration.class]: Bean instantiation via factory method failed; nested exception is org.springframework.beans.BeanInstantiationException: Failed to instantiate [org.apache.ibatis.session.SqlSessionFactory]: Factory method 'sqlSessionFactory' threw exception; nested exception is org.springframework.core.NestedIOException: Failed to parse mapping resource: 'file [/Users/xingeqi/Downloads/untitled1/untitled1-app/target/classes/mybatis/mapper/raffle_activity_account_mapper.xml]'; nested exception is org.apache.ibatis.builder.BuilderException: Error parsing Mapper XML. The XML location is 'file [/Users/xingeqi/Downloads/untitled1/untitled1-app/target/classes/mybatis/mapper/raffle_activity_account_mapper.xml]'. Cause: org.apache.ibatis.builder.BuilderException: Error resolving class. Cause: org.apache.ibatis.type.TypeException: Could not resolve type alias 'cn.bugstack.infrastructure.persistent.po.RaffleActivityAccount'.  Cause: java.lang.ClassNotFoundException: Cannot find class: cn.bugstack.infrastructure.persistent.po.RaffleActivityAccount
25-07-16.23:45:16.586 [main            ] INFO  ConditionEvaluationReportLoggingListener - 

Error starting ApplicationContext. To display the conditions report re-run your application with 'debug' enabled.
25-07-16.23:45:16.599 [main            ] ERROR SpringApplication      - Application run failed
org.springframework.beans.factory.BeanCreationException: Error creating bean with name 'raffleController': Injection of resource dependencies failed; nested exception is org.springframework.beans.factory.BeanCreationException: Error creating bean with name 'strategyArmoryDispatch': Injection of resource dependencies failed; nested exception is org.springframework.beans.factory.BeanCreationException: Error creating bean with name 'strategyRepository': Injection of resource dependencies failed; nested exception is org.springframework.beans.factory.UnsatisfiedDependencyException: Error creating bean with name 'IStrategyAwardDao' defined in file [/Users/xingeqi/Downloads/untitled1/untitled1-infrastructure/target/classes/org/example/infrastructure/persistent/dao/IStrategyAwardDao.class]: Unsatisfied dependency expressed through bean property 'sqlSessionFactory'; nested exception is org.springframework.beans.factory.BeanCreationException: Error creating bean with name 'sqlSessionFactory' defined in class path resource [org/mybatis/spring/boot/autoconfigure/MybatisAutoConfiguration.class]: Bean instantiation via factory method failed; nested exception is org.springframework.beans.BeanInstantiationException: Failed to instantiate [org.apache.ibatis.session.SqlSessionFactory]: Factory method 'sqlSessionFactory' threw exception; nested exception is org.springframework.core.NestedIOException: Failed to parse mapping resource: 'file [/Users/xingeqi/Downloads/untitled1/untitled1-app/target/classes/mybatis/mapper/raffle_activity_account_mapper.xml]'; nested exception is org.apache.ibatis.builder.BuilderException: Error parsing Mapper XML. The XML location is 'file [/Users/xingeqi/Downloads/untitled1/untitled1-app/target/classes/mybatis/mapper/raffle_activity_account_mapper.xml]'. Cause: org.apache.ibatis.builder.BuilderException: Error resolving class. Cause: org.apache.ibatis.type.TypeException: Could not resolve type alias 'cn.bugstack.infrastructure.persistent.po.RaffleActivityAccount'.  Cause: java.lang.ClassNotFoundException: Cannot find class: cn.bugstack.infrastructure.persistent.po.RaffleActivityAccount
	at org.springframework.context.annotation.CommonAnnotationBeanPostProcessor.postProcessProperties(CommonAnnotationBeanPostProcessor.java:332)
	at org.springframework.beans.factory.support.AbstractAutowireCapableBeanFactory.populateBean(AbstractAutowireCapableBeanFactory.java:1431)
	at org.springframework.beans.factory.support.AbstractAutowireCapableBeanFactory.doCreateBean(AbstractAutowireCapableBeanFactory.java:619)
	at org.springframework.beans.factory.support.AbstractAutowireCapableBeanFactory.createBean(AbstractAutowireCapableBeanFactory.java:542)
	at org.springframework.beans.factory.support.AbstractBeanFactory.lambda$doGetBean$0(AbstractBeanFactory.java:335)
	at org.springframework.beans.factory.support.DefaultSingletonBeanRegistry.getSingleton(DefaultSingletonBeanRegistry.java:234)
	at org.springframework.beans.factory.support.AbstractBeanFactory.doGetBean(AbstractBeanFactory.java:333)
	at org.springframework.beans.factory.support.AbstractBeanFactory.getBean(AbstractBeanFactory.java:208)
	at org.springframework.beans.factory.support.DefaultListableBeanFactory.preInstantiateSingletons(DefaultListableBeanFactory.java:955)
	at org.springframework.context.support.AbstractApplicationContext.finishBeanFactoryInitialization(AbstractApplicationContext.java:920)
	at org.springframework.context.support.AbstractApplicationContext.refresh(AbstractApplicationContext.java:583)
	at org.springframework.boot.SpringApplication.refresh(SpringApplication.java:731)
	at org.springframework.boot.SpringApplication.refreshContext(SpringApplication.java:408)
	at org.springframework.boot.SpringApplication.run(SpringApplication.java:307)
	at org.springframework.boot.test.context.SpringBootContextLoader.loadContext(SpringBootContextLoader.java:136)
	at org.springframework.test.context.cache.DefaultCacheAwareContextLoaderDelegate.loadContextInternal(DefaultCacheAwareContextLoaderDelegate.java:141)
	at org.springframework.test.context.cache.DefaultCacheAwareContextLoaderDelegate.loadContext(DefaultCacheAwareContextLoaderDelegate.java:90)
	at org.springframework.test.context.support.DefaultTestContext.getApplicationContext(DefaultTestContext.java:124)
	at org.springframework.test.context.web.ServletTestExecutionListener.setUpRequestContextIfNecessary(ServletTestExecutionListener.java:190)
	at org.springframework.test.context.web.ServletTestExecutionListener.prepareTestInstance(ServletTestExecutionListener.java:132)
	at org.springframework.test.context.TestContextManager.prepareTestInstance(TestContextManager.java:248)
	at org.springframework.test.context.junit4.SpringJUnit4ClassRunner.createTest(SpringJUnit4ClassRunner.java:227)
	at org.springframework.test.context.junit4.SpringJUnit4ClassRunner$1.runReflectiveCall(SpringJUnit4ClassRunner.java:289)
	at org.junit.internal.runners.model.ReflectiveCallable.run(ReflectiveCallable.java:12)
	at org.springframework.test.context.junit4.SpringJUnit4ClassRunner.methodBlock(SpringJUnit4ClassRunner.java:291)
	at org.springframework.test.context.junit4.SpringJUnit4ClassRunner.runChild(SpringJUnit4ClassRunner.java:246)
	at org.springframework.test.context.junit4.SpringJUnit4ClassRunner.runChild(SpringJUnit4ClassRunner.java:97)
	at org.junit.runners.ParentRunner$4.run(ParentRunner.java:331)
	at org.junit.runners.ParentRunner$1.schedule(ParentRunner.java:79)
	at org.junit.runners.ParentRunner.runChildren(ParentRunner.java:329)
	at org.junit.runners.ParentRunner.access$100(ParentRunner.java:66)
	at org.junit.runners.ParentRunner$2.evaluate(ParentRunner.java:293)
	at org.springframework.test.context.junit4.statements.RunBeforeTestClassCallbacks.evaluate(RunBeforeTestClassCallbacks.java:61)
	at org.springframework.test.context.junit4.statements.RunAfterTestClassCallbacks.evaluate(RunAfterTestClassCallbacks.java:70)
	at org.junit.runners.ParentRunner$3.evaluate(ParentRunner.java:306)
	at org.junit.runners.ParentRunner.run(ParentRunner.java:413)
	at org.springframework.test.context.junit4.SpringJUnit4ClassRunner.run(SpringJUnit4ClassRunner.java:190)
	at org.junit.runner.JUnitCore.run(JUnitCore.java:137)
	at com.intellij.junit4.JUnit4IdeaTestRunner.startRunnerWithArgs(JUnit4IdeaTestRunner.java:69)
	at com.intellij.rt.junit.IdeaTestRunner$Repeater$1.execute(IdeaTestRunner.java:38)
	at com.intellij.rt.execution.junit.TestsRepeater.repeat(TestsRepeater.java:11)
	at com.intellij.rt.junit.IdeaTestRunner$Repeater.startRunnerWithArgs(IdeaTestRunner.java:35)
	at com.intellij.rt.junit.JUnitStarter.prepareStreamsAndStart(JUnitStarter.java:232)
	at com.intellij.rt.junit.JUnitStarter.main(JUnitStarter.java:55)
Caused by: org.springframework.beans.factory.BeanCreationException: Error creating bean with name 'strategyArmoryDispatch': Injection of resource dependencies failed; nested exception is org.springframework.beans.factory.BeanCreationException: Error creating bean with name 'strategyRepository': Injection of resource dependencies failed; nested exception is org.springframework.beans.factory.UnsatisfiedDependencyException: Error creating bean with name 'IStrategyAwardDao' defined in file [/Users/xingeqi/Downloads/untitled1/untitled1-infrastructure/target/classes/org/example/infrastructure/persistent/dao/IStrategyAwardDao.class]: Unsatisfied dependency expressed through bean property 'sqlSessionFactory'; nested exception is org.springframework.beans.factory.BeanCreationException: Error creating bean with name 'sqlSessionFactory' defined in class path resource [org/mybatis/spring/boot/autoconfigure/MybatisAutoConfiguration.class]: Bean instantiation via factory method failed; nested exception is org.springframework.beans.BeanInstantiationException: Failed to instantiate [org.apache.ibatis.session.SqlSessionFactory]: Factory method 'sqlSessionFactory' threw exception; nested exception is org.springframework.core.NestedIOException: Failed to parse mapping resource: 'file [/Users/xingeqi/Downloads/untitled1/untitled1-app/target/classes/mybatis/mapper/raffle_activity_account_mapper.xml]'; nested exception is org.apache.ibatis.builder.BuilderException: Error parsing Mapper XML. The XML location is 'file [/Users/xingeqi/Downloads/untitled1/untitled1-app/target/classes/mybatis/mapper/raffle_activity_account_mapper.xml]'. Cause: org.apache.ibatis.builder.BuilderException: Error resolving class. Cause: org.apache.ibatis.type.TypeException: Could not resolve type alias 'cn.bugstack.infrastructure.persistent.po.RaffleActivityAccount'.  Cause: java.lang.ClassNotFoundException: Cannot find class: cn.bugstack.infrastructure.persistent.po.RaffleActivityAccount
	at org.springframework.context.annotation.CommonAnnotationBeanPostProcessor.postProcessProperties(CommonAnnotationBeanPostProcessor.java:332)
	at org.springframework.beans.factory.support.AbstractAutowireCapableBeanFactory.populateBean(AbstractAutowireCapableBeanFactory.java:1431)
	at org.springframework.beans.factory.support.AbstractAutowireCapableBeanFactory.doCreateBean(AbstractAutowireCapableBeanFactory.java:619)
	at org.springframework.beans.factory.support.AbstractAutowireCapableBeanFactory.createBean(AbstractAutowireCapableBeanFactory.java:542)
	at org.springframework.beans.factory.support.AbstractBeanFactory.lambda$doGetBean$0(AbstractBeanFactory.java:335)
	at org.springframework.beans.factory.support.DefaultSingletonBeanRegistry.getSingleton(DefaultSingletonBeanRegistry.java:234)
	at org.springframework.beans.factory.support.AbstractBeanFactory.doGetBean(AbstractBeanFactory.java:333)
	at org.springframework.beans.factory.support.AbstractBeanFactory.getBean(AbstractBeanFactory.java:208)
	at org.springframework.beans.factory.config.DependencyDescriptor.resolveCandidate(DependencyDescriptor.java:276)
	at org.springframework.beans.factory.support.DefaultListableBeanFactory.doResolveDependency(DefaultListableBeanFactory.java:1391)
	at org.springframework.beans.factory.support.DefaultListableBeanFactory.resolveDependency(DefaultListableBeanFactory.java:1311)
	at org.springframework.context.annotation.CommonAnnotationBeanPostProcessor.autowireResource(CommonAnnotationBeanPostProcessor.java:544)
	at org.springframework.context.annotation.CommonAnnotationBeanPostProcessor.getResource(CommonAnnotationBeanPostProcessor.java:520)
	at org.springframework.context.annotation.CommonAnnotationBeanPostProcessor$ResourceElement.getResourceToInject(CommonAnnotationBeanPostProcessor.java:673)
	at org.springframework.beans.factory.annotation.InjectionMetadata$InjectedElement.inject(InjectionMetadata.java:228)
	at org.springframework.beans.factory.annotation.InjectionMetadata.inject(InjectionMetadata.java:119)
	at org.springframework.context.annotation.CommonAnnotationBeanPostProcessor.postProcessProperties(CommonAnnotationBeanPostProcessor.java:329)
	... 43 common frames omitted
Caused by: org.springframework.beans.factory.BeanCreationException: Error creating bean with name 'strategyRepository': Injection of resource dependencies failed; nested exception is org.springframework.beans.factory.UnsatisfiedDependencyException: Error creating bean with name 'IStrategyAwardDao' defined in file [/Users/xingeqi/Downloads/untitled1/untitled1-infrastructure/target/classes/org/example/infrastructure/persistent/dao/IStrategyAwardDao.class]: Unsatisfied dependency expressed through bean property 'sqlSessionFactory'; nested exception is org.springframework.beans.factory.BeanCreationException: Error creating bean with name 'sqlSessionFactory' defined in class path resource [org/mybatis/spring/boot/autoconfigure/MybatisAutoConfiguration.class]: Bean instantiation via factory method failed; nested exception is org.springframework.beans.BeanInstantiationException: Failed to instantiate [org.apache.ibatis.session.SqlSessionFactory]: Factory method 'sqlSessionFactory' threw exception; nested exception is org.springframework.core.NestedIOException: Failed to parse mapping resource: 'file [/Users/xingeqi/Downloads/untitled1/untitled1-app/target/classes/mybatis/mapper/raffle_activity_account_mapper.xml]'; nested exception is org.apache.ibatis.builder.BuilderException: Error parsing Mapper XML. The XML location is 'file [/Users/xingeqi/Downloads/untitled1/untitled1-app/target/classes/mybatis/mapper/raffle_activity_account_mapper.xml]'. Cause: org.apache.ibatis.builder.BuilderException: Error resolving class. Cause: org.apache.ibatis.type.TypeException: Could not resolve type alias 'cn.bugstack.infrastructure.persistent.po.RaffleActivityAccount'.  Cause: java.lang.ClassNotFoundException: Cannot find class: cn.bugstack.infrastructure.persistent.po.RaffleActivityAccount
	at org.springframework.context.annotation.CommonAnnotationBeanPostProcessor.postProcessProperties(CommonAnnotationBeanPostProcessor.java:332)
	at org.springframework.beans.factory.support.AbstractAutowireCapableBeanFactory.populateBean(AbstractAutowireCapableBeanFactory.java:1431)
	at org.springframework.beans.factory.support.AbstractAutowireCapableBeanFactory.doCreateBean(AbstractAutowireCapableBeanFactory.java:619)
	at org.springframework.beans.factory.support.AbstractAutowireCapableBeanFactory.createBean(AbstractAutowireCapableBeanFactory.java:542)
	at org.springframework.beans.factory.support.AbstractBeanFactory.lambda$doGetBean$0(AbstractBeanFactory.java:335)
	at org.springframework.beans.factory.support.DefaultSingletonBeanRegistry.getSingleton(DefaultSingletonBeanRegistry.java:234)
	at org.springframework.beans.factory.support.AbstractBeanFactory.doGetBean(AbstractBeanFactory.java:333)
	at org.springframework.beans.factory.support.AbstractBeanFactory.getBean(AbstractBeanFactory.java:208)
	at org.springframework.beans.factory.config.DependencyDescriptor.resolveCandidate(DependencyDescriptor.java:276)
	at org.springframework.beans.factory.support.DefaultListableBeanFactory.doResolveDependency(DefaultListableBeanFactory.java:1391)
	at org.springframework.beans.factory.support.DefaultListableBeanFactory.resolveDependency(DefaultListableBeanFactory.java:1311)
	at org.springframework.context.annotation.CommonAnnotationBeanPostProcessor.autowireResource(CommonAnnotationBeanPostProcessor.java:544)
	at org.springframework.context.annotation.CommonAnnotationBeanPostProcessor.getResource(CommonAnnotationBeanPostProcessor.java:520)
	at org.springframework.context.annotation.CommonAnnotationBeanPostProcessor$ResourceElement.getResourceToInject(CommonAnnotationBeanPostProcessor.java:673)
	at org.springframework.beans.factory.annotation.InjectionMetadata$InjectedElement.inject(InjectionMetadata.java:228)
	at org.springframework.beans.factory.annotation.InjectionMetadata.inject(InjectionMetadata.java:119)
	at org.springframework.context.annotation.CommonAnnotationBeanPostProcessor.postProcessProperties(CommonAnnotationBeanPostProcessor.java:329)
	... 59 common frames omitted
Caused by: org.springframework.beans.factory.UnsatisfiedDependencyException: Error creating bean with name 'IStrategyAwardDao' defined in file [/Users/xingeqi/Downloads/untitled1/untitled1-infrastructure/target/classes/org/example/infrastructure/persistent/dao/IStrategyAwardDao.class]: Unsatisfied dependency expressed through bean property 'sqlSessionFactory'; nested exception is org.springframework.beans.factory.BeanCreationException: Error creating bean with name 'sqlSessionFactory' defined in class path resource [org/mybatis/spring/boot/autoconfigure/MybatisAutoConfiguration.class]: Bean instantiation via factory method failed; nested exception is org.springframework.beans.BeanInstantiationException: Failed to instantiate [org.apache.ibatis.session.SqlSessionFactory]: Factory method 'sqlSessionFactory' threw exception; nested exception is org.springframework.core.NestedIOException: Failed to parse mapping resource: 'file [/Users/xingeqi/Downloads/untitled1/untitled1-app/target/classes/mybatis/mapper/raffle_activity_account_mapper.xml]'; nested exception is org.apache.ibatis.builder.BuilderException: Error parsing Mapper XML. The XML location is 'file [/Users/xingeqi/Downloads/untitled1/untitled1-app/target/classes/mybatis/mapper/raffle_activity_account_mapper.xml]'. Cause: org.apache.ibatis.builder.BuilderException: Error resolving class. Cause: org.apache.ibatis.type.TypeException: Could not resolve type alias 'cn.bugstack.infrastructure.persistent.po.RaffleActivityAccount'.  Cause: java.lang.ClassNotFoundException: Cannot find class: cn.bugstack.infrastructure.persistent.po.RaffleActivityAccount
	at org.springframework.beans.factory.support.AbstractAutowireCapableBeanFactory.autowireByType(AbstractAutowireCapableBeanFactory.java:1534)
	at org.springframework.beans.factory.support.AbstractAutowireCapableBeanFactory.populateBean(AbstractAutowireCapableBeanFactory.java:1417)
	at org.springframework.beans.factory.support.AbstractAutowireCapableBeanFactory.doCreateBean(AbstractAutowireCapableBeanFactory.java:619)
	at org.springframework.beans.factory.support.AbstractAutowireCapableBeanFactory.createBean(AbstractAutowireCapableBeanFactory.java:542)
	at org.springframework.beans.factory.support.AbstractBeanFactory.lambda$doGetBean$0(AbstractBeanFactory.java:335)
	at org.springframework.beans.factory.support.DefaultSingletonBeanRegistry.getSingleton(DefaultSingletonBeanRegistry.java:234)
	at org.springframework.beans.factory.support.AbstractBeanFactory.doGetBean(AbstractBeanFactory.java:333)
	at org.springframework.beans.factory.support.AbstractBeanFactory.getBean(AbstractBeanFactory.java:208)
	at org.springframework.beans.factory.config.DependencyDescriptor.resolveCandidate(DependencyDescriptor.java:276)
	at org.springframework.beans.factory.support.DefaultListableBeanFactory.doResolveDependency(DefaultListableBeanFactory.java:1391)
	at org.springframework.beans.factory.support.DefaultListableBeanFactory.resolveDependency(DefaultListableBeanFactory.java:1311)
	at org.springframework.context.annotation.CommonAnnotationBeanPostProcessor.autowireResource(CommonAnnotationBeanPostProcessor.java:544)
	at org.springframework.context.annotation.CommonAnnotationBeanPostProcessor.getResource(CommonAnnotationBeanPostProcessor.java:520)
	at org.springframework.context.annotation.CommonAnnotationBeanPostProcessor$ResourceElement.getResourceToInject(CommonAnnotationBeanPostProcessor.java:673)
	at org.springframework.beans.factory.annotation.InjectionMetadata$InjectedElement.inject(InjectionMetadata.java:228)
	at org.springframework.beans.factory.annotation.InjectionMetadata.inject(InjectionMetadata.java:119)
	at org.springframework.context.annotation.CommonAnnotationBeanPostProcessor.postProcessProperties(CommonAnnotationBeanPostProcessor.java:329)
	... 75 common frames omitted
Caused by: org.springframework.beans.factory.BeanCreationException: Error creating bean with name 'sqlSessionFactory' defined in class path resource [org/mybatis/spring/boot/autoconfigure/MybatisAutoConfiguration.class]: Bean instantiation via factory method failed; nested exception is org.springframework.beans.BeanInstantiationException: Failed to instantiate [org.apache.ibatis.session.SqlSessionFactory]: Factory method 'sqlSessionFactory' threw exception; nested exception is org.springframework.core.NestedIOException: Failed to parse mapping resource: 'file [/Users/xingeqi/Downloads/untitled1/untitled1-app/target/classes/mybatis/mapper/raffle_activity_account_mapper.xml]'; nested exception is org.apache.ibatis.builder.BuilderException: Error parsing Mapper XML. The XML location is 'file [/Users/xingeqi/Downloads/untitled1/untitled1-app/target/classes/mybatis/mapper/raffle_activity_account_mapper.xml]'. Cause: org.apache.ibatis.builder.BuilderException: Error resolving class. Cause: org.apache.ibatis.type.TypeException: Could not resolve type alias 'cn.bugstack.infrastructure.persistent.po.RaffleActivityAccount'.  Cause: java.lang.ClassNotFoundException: Cannot find class: cn.bugstack.infrastructure.persistent.po.RaffleActivityAccount
	at org.springframework.beans.factory.support.ConstructorResolver.instantiate(ConstructorResolver.java:658)
	at org.springframework.beans.factory.support.ConstructorResolver.instantiateUsingFactoryMethod(ConstructorResolver.java:638)
	at org.springframework.beans.factory.support.AbstractAutowireCapableBeanFactory.instantiateUsingFactoryMethod(AbstractAutowireCapableBeanFactory.java:1352)
	at org.springframework.beans.factory.support.AbstractAutowireCapableBeanFactory.createBeanInstance(AbstractAutowireCapableBeanFactory.java:1195)
	at org.springframework.beans.factory.support.AbstractAutowireCapableBeanFactory.doCreateBean(AbstractAutowireCapableBeanFactory.java:582)
	at org.springframework.beans.factory.support.AbstractAutowireCapableBeanFactory.createBean(AbstractAutowireCapableBeanFactory.java:542)
	at org.springframework.beans.factory.support.AbstractBeanFactory.lambda$doGetBean$0(AbstractBeanFactory.java:335)
	at org.springframework.beans.factory.support.DefaultSingletonBeanRegistry.getSingleton(DefaultSingletonBeanRegistry.java:234)
	at org.springframework.beans.factory.support.AbstractBeanFactory.doGetBean(AbstractBeanFactory.java:333)
	at org.springframework.beans.factory.support.AbstractBeanFactory.getBean(AbstractBeanFactory.java:208)
	at org.springframework.beans.factory.config.DependencyDescriptor.resolveCandidate(DependencyDescriptor.java:276)
	at org.springframework.beans.factory.support.DefaultListableBeanFactory.doResolveDependency(DefaultListableBeanFactory.java:1391)
	at org.springframework.beans.factory.support.DefaultListableBeanFactory.resolveDependency(DefaultListableBeanFactory.java:1311)
	at org.springframework.beans.factory.support.AbstractAutowireCapableBeanFactory.autowireByType(AbstractAutowireCapableBeanFactory.java:1519)
	... 91 common frames omitted
Caused by: org.springframework.beans.BeanInstantiationException: Failed to instantiate [org.apache.ibatis.session.SqlSessionFactory]: Factory method 'sqlSessionFactory' threw exception; nested exception is org.springframework.core.NestedIOException: Failed to parse mapping resource: 'file [/Users/xingeqi/Downloads/untitled1/untitled1-app/target/classes/mybatis/mapper/raffle_activity_account_mapper.xml]'; nested exception is org.apache.ibatis.builder.BuilderException: Error parsing Mapper XML. The XML location is 'file [/Users/xingeqi/Downloads/untitled1/untitled1-app/target/classes/mybatis/mapper/raffle_activity_account_mapper.xml]'. Cause: org.apache.ibatis.builder.BuilderException: Error resolving class. Cause: org.apache.ibatis.type.TypeException: Could not resolve type alias 'cn.bugstack.infrastructure.persistent.po.RaffleActivityAccount'.  Cause: java.lang.ClassNotFoundException: Cannot find class: cn.bugstack.infrastructure.persistent.po.RaffleActivityAccount
	at org.springframework.beans.factory.support.SimpleInstantiationStrategy.instantiate(SimpleInstantiationStrategy.java:185)
	at org.springframework.beans.factory.support.ConstructorResolver.instantiate(ConstructorResolver.java:653)
	... 104 common frames omitted
Caused by: org.springframework.core.NestedIOException: Failed to parse mapping resource: 'file [/Users/xingeqi/Downloads/untitled1/untitled1-app/target/classes/mybatis/mapper/raffle_activity_account_mapper.xml]'; nested exception is org.apache.ibatis.builder.BuilderException: Error parsing Mapper XML. The XML location is 'file [/Users/xingeqi/Downloads/untitled1/untitled1-app/target/classes/mybatis/mapper/raffle_activity_account_mapper.xml]'. Cause: org.apache.ibatis.builder.BuilderException: Error resolving class. Cause: org.apache.ibatis.type.TypeException: Could not resolve type alias 'cn.bugstack.infrastructure.persistent.po.RaffleActivityAccount'.  Cause: java.lang.ClassNotFoundException: Cannot find class: cn.bugstack.infrastructure.persistent.po.RaffleActivityAccount
	at org.mybatis.spring.SqlSessionFactoryBean.buildSqlSessionFactory(SqlSessionFactoryBean.java:613)
	at org.mybatis.spring.SqlSessionFactoryBean.afterPropertiesSet(SqlSessionFactoryBean.java:491)
	at org.mybatis.spring.SqlSessionFactoryBean.getObject(SqlSessionFactoryBean.java:633)
	at org.mybatis.spring.boot.autoconfigure.MybatisAutoConfiguration.sqlSessionFactory(MybatisAutoConfiguration.java:179)
	at org.mybatis.spring.boot.autoconfigure.MybatisAutoConfiguration$$EnhancerBySpringCGLIB$$ae3c6055.CGLIB$sqlSessionFactory$1(<generated>)
	at org.mybatis.spring.boot.autoconfigure.MybatisAutoConfiguration$$EnhancerBySpringCGLIB$$ae3c6055$$FastClassBySpringCGLIB$$66a61cbc.invoke(<generated>)
	at org.springframework.cglib.proxy.MethodProxy.invokeSuper(MethodProxy.java:244)
	at org.springframework.context.annotation.ConfigurationClassEnhancer$BeanMethodInterceptor.intercept(ConfigurationClassEnhancer.java:331)
	at org.mybatis.spring.boot.autoconfigure.MybatisAutoConfiguration$$EnhancerBySpringCGLIB$$ae3c6055.sqlSessionFactory(<generated>)
	at sun.reflect.NativeMethodAccessorImpl.invoke0(Native Method)
	at sun.reflect.NativeMethodAccessorImpl.invoke(NativeMethodAccessorImpl.java:62)
	at sun.reflect.DelegatingMethodAccessorImpl.invoke(DelegatingMethodAccessorImpl.java:43)
	at java.lang.reflect.Method.invoke(Method.java:498)
	at org.springframework.beans.factory.support.SimpleInstantiationStrategy.instantiate(SimpleInstantiationStrategy.java:154)
	... 105 common frames omitted
Caused by: org.apache.ibatis.builder.BuilderException: Error parsing Mapper XML. The XML location is 'file [/Users/xingeqi/Downloads/untitled1/untitled1-app/target/classes/mybatis/mapper/raffle_activity_account_mapper.xml]'. Cause: org.apache.ibatis.builder.BuilderException: Error resolving class. Cause: org.apache.ibatis.type.TypeException: Could not resolve type alias 'cn.bugstack.infrastructure.persistent.po.RaffleActivityAccount'.  Cause: java.lang.ClassNotFoundException: Cannot find class: cn.bugstack.infrastructure.persistent.po.RaffleActivityAccount
	at org.apache.ibatis.builder.xml.XMLMapperBuilder.configurationElement(XMLMapperBuilder.java:123)
	at org.apache.ibatis.builder.xml.XMLMapperBuilder.parse(XMLMapperBuilder.java:95)
	at org.mybatis.spring.SqlSessionFactoryBean.buildSqlSessionFactory(SqlSessionFactoryBean.java:611)
	... 118 common frames omitted
Caused by: org.apache.ibatis.builder.BuilderException: Error resolving class. Cause: org.apache.ibatis.type.TypeException: Could not resolve type alias 'cn.bugstack.infrastructure.persistent.po.RaffleActivityAccount'.  Cause: java.lang.ClassNotFoundException: Cannot find class: cn.bugstack.infrastructure.persistent.po.RaffleActivityAccount
	at org.apache.ibatis.builder.BaseBuilder.resolveClass(BaseBuilder.java:118)
	at org.apache.ibatis.builder.xml.XMLStatementBuilder.parseStatementNode(XMLStatementBuilder.java:76)
	at org.apache.ibatis.builder.xml.XMLMapperBuilder.buildStatementFromContext(XMLMapperBuilder.java:138)
	at org.apache.ibatis.builder.xml.XMLMapperBuilder.buildStatementFromContext(XMLMapperBuilder.java:131)
	at org.apache.ibatis.builder.xml.XMLMapperBuilder.configurationElement(XMLMapperBuilder.java:121)
	... 120 common frames omitted
Caused by: org.apache.ibatis.type.TypeException: Could not resolve type alias 'cn.bugstack.infrastructure.persistent.po.RaffleActivityAccount'.  Cause: java.lang.ClassNotFoundException: Cannot find class: cn.bugstack.infrastructure.persistent.po.RaffleActivityAccount
	at org.apache.ibatis.type.TypeAliasRegistry.resolveAlias(TypeAliasRegistry.java:120)
	at org.apache.ibatis.builder.BaseBuilder.resolveAlias(BaseBuilder.java:149)
	at org.apache.ibatis.builder.BaseBuilder.resolveClass(BaseBuilder.java:116)
	... 124 common frames omitted
Caused by: java.lang.ClassNotFoundException: Cannot find class: cn.bugstack.infrastructure.persistent.po.RaffleActivityAccount
	at org.apache.ibatis.io.ClassLoaderWrapper.classForName(ClassLoaderWrapper.java:196)
	at org.apache.ibatis.io.ClassLoaderWrapper.classForName(ClassLoaderWrapper.java:89)
	at org.apache.ibatis.io.Resources.classForName(Resources.java:261)
	at org.apache.ibatis.type.TypeAliasRegistry.resolveAlias(TypeAliasRegistry.java:116)
	... 126 common frames omitted
25-07-16.23:45:16.600 [main            ] ERROR TestContextManager     - Caught exception while allowing TestExecutionListener [org.springframework.test.context.web.ServletTestExecutionListener@45b4c3a9] to prepare test instance [org.example.test.domain.service.activity.TestActivityService@5c6a5192]
java.lang.IllegalStateException: Failed to load ApplicationContext
	at org.springframework.test.context.cache.DefaultCacheAwareContextLoaderDelegate.loadContext(DefaultCacheAwareContextLoaderDelegate.java:98)
	at org.springframework.test.context.support.DefaultTestContext.getApplicationContext(DefaultTestContext.java:124)
	at org.springframework.test.context.web.ServletTestExecutionListener.setUpRequestContextIfNecessary(ServletTestExecutionListener.java:190)
	at org.springframework.test.context.web.ServletTestExecutionListener.prepareTestInstance(ServletTestExecutionListener.java:132)
	at org.springframework.test.context.TestContextManager.prepareTestInstance(TestContextManager.java:248)
	at org.springframework.test.context.junit4.SpringJUnit4ClassRunner.createTest(SpringJUnit4ClassRunner.java:227)
	at org.springframework.test.context.junit4.SpringJUnit4ClassRunner$1.runReflectiveCall(SpringJUnit4ClassRunner.java:289)
	at org.junit.internal.runners.model.ReflectiveCallable.run(ReflectiveCallable.java:12)
	at org.springframework.test.context.junit4.SpringJUnit4ClassRunner.methodBlock(SpringJUnit4ClassRunner.java:291)
	at org.springframework.test.context.junit4.SpringJUnit4ClassRunner.runChild(SpringJUnit4ClassRunner.java:246)
	at org.springframework.test.context.junit4.SpringJUnit4ClassRunner.runChild(SpringJUnit4ClassRunner.java:97)
	at org.junit.runners.ParentRunner$4.run(ParentRunner.java:331)
	at org.junit.runners.ParentRunner$1.schedule(ParentRunner.java:79)
	at org.junit.runners.ParentRunner.runChildren(ParentRunner.java:329)
	at org.junit.runners.ParentRunner.access$100(ParentRunner.java:66)
	at org.junit.runners.ParentRunner$2.evaluate(ParentRunner.java:293)
	at org.springframework.test.context.junit4.statements.RunBeforeTestClassCallbacks.evaluate(RunBeforeTestClassCallbacks.java:61)
	at org.springframework.test.context.junit4.statements.RunAfterTestClassCallbacks.evaluate(RunAfterTestClassCallbacks.java:70)
	at org.junit.runners.ParentRunner$3.evaluate(ParentRunner.java:306)
	at org.junit.runners.ParentRunner.run(ParentRunner.java:413)
	at org.springframework.test.context.junit4.SpringJUnit4ClassRunner.run(SpringJUnit4ClassRunner.java:190)
	at org.junit.runner.JUnitCore.run(JUnitCore.java:137)
	at com.intellij.junit4.JUnit4IdeaTestRunner.startRunnerWithArgs(JUnit4IdeaTestRunner.java:69)
	at com.intellij.rt.junit.IdeaTestRunner$Repeater$1.execute(IdeaTestRunner.java:38)
	at com.intellij.rt.execution.junit.TestsRepeater.repeat(TestsRepeater.java:11)
	at com.intellij.rt.junit.IdeaTestRunner$Repeater.startRunnerWithArgs(IdeaTestRunner.java:35)
	at com.intellij.rt.junit.JUnitStarter.prepareStreamsAndStart(JUnitStarter.java:232)
	at com.intellij.rt.junit.JUnitStarter.main(JUnitStarter.java:55)
Caused by: org.springframework.beans.factory.BeanCreationException: Error creating bean with name 'raffleController': Injection of resource dependencies failed; nested exception is org.springframework.beans.factory.BeanCreationException: Error creating bean with name 'strategyArmoryDispatch': Injection of resource dependencies failed; nested exception is org.springframework.beans.factory.BeanCreationException: Error creating bean with name 'strategyRepository': Injection of resource dependencies failed; nested exception is org.springframework.beans.factory.UnsatisfiedDependencyException: Error creating bean with name 'IStrategyAwardDao' defined in file [/Users/xingeqi/Downloads/untitled1/untitled1-infrastructure/target/classes/org/example/infrastructure/persistent/dao/IStrategyAwardDao.class]: Unsatisfied dependency expressed through bean property 'sqlSessionFactory'; nested exception is org.springframework.beans.factory.BeanCreationException: Error creating bean with name 'sqlSessionFactory' defined in class path resource [org/mybatis/spring/boot/autoconfigure/MybatisAutoConfiguration.class]: Bean instantiation via factory method failed; nested exception is org.springframework.beans.BeanInstantiationException: Failed to instantiate [org.apache.ibatis.session.SqlSessionFactory]: Factory method 'sqlSessionFactory' threw exception; nested exception is org.springframework.core.NestedIOException: Failed to parse mapping resource: 'file [/Users/xingeqi/Downloads/untitled1/untitled1-app/target/classes/mybatis/mapper/raffle_activity_account_mapper.xml]'; nested exception is org.apache.ibatis.builder.BuilderException: Error parsing Mapper XML. The XML location is 'file [/Users/xingeqi/Downloads/untitled1/untitled1-app/target/classes/mybatis/mapper/raffle_activity_account_mapper.xml]'. Cause: org.apache.ibatis.builder.BuilderException: Error resolving class. Cause: org.apache.ibatis.type.TypeException: Could not resolve type alias 'cn.bugstack.infrastructure.persistent.po.RaffleActivityAccount'.  Cause: java.lang.ClassNotFoundException: Cannot find class: cn.bugstack.infrastructure.persistent.po.RaffleActivityAccount
	at org.springframework.context.annotation.CommonAnnotationBeanPostProcessor.postProcessProperties(CommonAnnotationBeanPostProcessor.java:332)
	at org.springframework.beans.factory.support.AbstractAutowireCapableBeanFactory.populateBean(AbstractAutowireCapableBeanFactory.java:1431)
	at org.springframework.beans.factory.support.AbstractAutowireCapableBeanFactory.doCreateBean(AbstractAutowireCapableBeanFactory.java:619)
	at org.springframework.beans.factory.support.AbstractAutowireCapableBeanFactory.createBean(AbstractAutowireCapableBeanFactory.java:542)
	at org.springframework.beans.factory.support.AbstractBeanFactory.lambda$doGetBean$0(AbstractBeanFactory.java:335)
	at org.springframework.beans.factory.support.DefaultSingletonBeanRegistry.getSingleton(DefaultSingletonBeanRegistry.java:234)
	at org.springframework.beans.factory.support.AbstractBeanFactory.doGetBean(AbstractBeanFactory.java:333)
	at org.springframework.beans.factory.support.AbstractBeanFactory.getBean(AbstractBeanFactory.java:208)
	at org.springframework.beans.factory.support.DefaultListableBeanFactory.preInstantiateSingletons(DefaultListableBeanFactory.java:955)
	at org.springframework.context.support.AbstractApplicationContext.finishBeanFactoryInitialization(AbstractApplicationContext.java:920)
	at org.springframework.context.support.AbstractApplicationContext.refresh(AbstractApplicationContext.java:583)
	at org.springframework.boot.SpringApplication.refresh(SpringApplication.java:731)
	at org.springframework.boot.SpringApplication.refreshContext(SpringApplication.java:408)
	at org.springframework.boot.SpringApplication.run(SpringApplication.java:307)
	at org.springframework.boot.test.context.SpringBootContextLoader.loadContext(SpringBootContextLoader.java:136)
	at org.springframework.test.context.cache.DefaultCacheAwareContextLoaderDelegate.loadContextInternal(DefaultCacheAwareContextLoaderDelegate.java:141)
	at org.springframework.test.context.cache.DefaultCacheAwareContextLoaderDelegate.loadContext(DefaultCacheAwareContextLoaderDelegate.java:90)
	... 27 common frames omitted
Caused by: org.springframework.beans.factory.BeanCreationException: Error creating bean with name 'strategyArmoryDispatch': Injection of resource dependencies failed; nested exception is org.springframework.beans.factory.BeanCreationException: Error creating bean with name 'strategyRepository': Injection of resource dependencies failed; nested exception is org.springframework.beans.factory.UnsatisfiedDependencyException: Error creating bean with name 'IStrategyAwardDao' defined in file [/Users/xingeqi/Downloads/untitled1/untitled1-infrastructure/target/classes/org/example/infrastructure/persistent/dao/IStrategyAwardDao.class]: Unsatisfied dependency expressed through bean property 'sqlSessionFactory'; nested exception is org.springframework.beans.factory.BeanCreationException: Error creating bean with name 'sqlSessionFactory' defined in class path resource [org/mybatis/spring/boot/autoconfigure/MybatisAutoConfiguration.class]: Bean instantiation via factory method failed; nested exception is org.springframework.beans.BeanInstantiationException: Failed to instantiate [org.apache.ibatis.session.SqlSessionFactory]: Factory method 'sqlSessionFactory' threw exception; nested exception is org.springframework.core.NestedIOException: Failed to parse mapping resource: 'file [/Users/xingeqi/Downloads/untitled1/untitled1-app/target/classes/mybatis/mapper/raffle_activity_account_mapper.xml]'; nested exception is org.apache.ibatis.builder.BuilderException: Error parsing Mapper XML. The XML location is 'file [/Users/xingeqi/Downloads/untitled1/untitled1-app/target/classes/mybatis/mapper/raffle_activity_account_mapper.xml]'. Cause: org.apache.ibatis.builder.BuilderException: Error resolving class. Cause: org.apache.ibatis.type.TypeException: Could not resolve type alias 'cn.bugstack.infrastructure.persistent.po.RaffleActivityAccount'.  Cause: java.lang.ClassNotFoundException: Cannot find class: cn.bugstack.infrastructure.persistent.po.RaffleActivityAccount
	at org.springframework.context.annotation.CommonAnnotationBeanPostProcessor.postProcessProperties(CommonAnnotationBeanPostProcessor.java:332)
	at org.springframework.beans.factory.support.AbstractAutowireCapableBeanFactory.populateBean(AbstractAutowireCapableBeanFactory.java:1431)
	at org.springframework.beans.factory.support.AbstractAutowireCapableBeanFactory.doCreateBean(AbstractAutowireCapableBeanFactory.java:619)
	at org.springframework.beans.factory.support.AbstractAutowireCapableBeanFactory.createBean(AbstractAutowireCapableBeanFactory.java:542)
	at org.springframework.beans.factory.support.AbstractBeanFactory.lambda$doGetBean$0(AbstractBeanFactory.java:335)
	at org.springframework.beans.factory.support.DefaultSingletonBeanRegistry.getSingleton(DefaultSingletonBeanRegistry.java:234)
	at org.springframework.beans.factory.support.AbstractBeanFactory.doGetBean(AbstractBeanFactory.java:333)
	at org.springframework.beans.factory.support.AbstractBeanFactory.getBean(AbstractBeanFactory.java:208)
	at org.springframework.beans.factory.config.DependencyDescriptor.resolveCandidate(DependencyDescriptor.java:276)
	at org.springframework.beans.factory.support.DefaultListableBeanFactory.doResolveDependency(DefaultListableBeanFactory.java:1391)
	at org.springframework.beans.factory.support.DefaultListableBeanFactory.resolveDependency(DefaultListableBeanFactory.java:1311)
	at org.springframework.context.annotation.CommonAnnotationBeanPostProcessor.autowireResource(CommonAnnotationBeanPostProcessor.java:544)
	at org.springframework.context.annotation.CommonAnnotationBeanPostProcessor.getResource(CommonAnnotationBeanPostProcessor.java:520)
	at org.springframework.context.annotation.CommonAnnotationBeanPostProcessor$ResourceElement.getResourceToInject(CommonAnnotationBeanPostProcessor.java:673)
	at org.springframework.beans.factory.annotation.InjectionMetadata$InjectedElement.inject(InjectionMetadata.java:228)
	at org.springframework.beans.factory.annotation.InjectionMetadata.inject(InjectionMetadata.java:119)
	at org.springframework.context.annotation.CommonAnnotationBeanPostProcessor.postProcessProperties(CommonAnnotationBeanPostProcessor.java:329)
	... 43 common frames omitted
Caused by: org.springframework.beans.factory.BeanCreationException: Error creating bean with name 'strategyRepository': Injection of resource dependencies failed; nested exception is org.springframework.beans.factory.UnsatisfiedDependencyException: Error creating bean with name 'IStrategyAwardDao' defined in file [/Users/xingeqi/Downloads/untitled1/untitled1-infrastructure/target/classes/org/example/infrastructure/persistent/dao/IStrategyAwardDao.class]: Unsatisfied dependency expressed through bean property 'sqlSessionFactory'; nested exception is org.springframework.beans.factory.BeanCreationException: Error creating bean with name 'sqlSessionFactory' defined in class path resource [org/mybatis/spring/boot/autoconfigure/MybatisAutoConfiguration.class]: Bean instantiation via factory method failed; nested exception is org.springframework.beans.BeanInstantiationException: Failed to instantiate [org.apache.ibatis.session.SqlSessionFactory]: Factory method 'sqlSessionFactory' threw exception; nested exception is org.springframework.core.NestedIOException: Failed to parse mapping resource: 'file [/Users/xingeqi/Downloads/untitled1/untitled1-app/target/classes/mybatis/mapper/raffle_activity_account_mapper.xml]'; nested exception is org.apache.ibatis.builder.BuilderException: Error parsing Mapper XML. The XML location is 'file [/Users/xingeqi/Downloads/untitled1/untitled1-app/target/classes/mybatis/mapper/raffle_activity_account_mapper.xml]'. Cause: org.apache.ibatis.builder.BuilderException: Error resolving class. Cause: org.apache.ibatis.type.TypeException: Could not resolve type alias 'cn.bugstack.infrastructure.persistent.po.RaffleActivityAccount'.  Cause: java.lang.ClassNotFoundException: Cannot find class: cn.bugstack.infrastructure.persistent.po.RaffleActivityAccount
	at org.springframework.context.annotation.CommonAnnotationBeanPostProcessor.postProcessProperties(CommonAnnotationBeanPostProcessor.java:332)
	at org.springframework.beans.factory.support.AbstractAutowireCapableBeanFactory.populateBean(AbstractAutowireCapableBeanFactory.java:1431)
	at org.springframework.beans.factory.support.AbstractAutowireCapableBeanFactory.doCreateBean(AbstractAutowireCapableBeanFactory.java:619)
	at org.springframework.beans.factory.support.AbstractAutowireCapableBeanFactory.createBean(AbstractAutowireCapableBeanFactory.java:542)
	at org.springframework.beans.factory.support.AbstractBeanFactory.lambda$doGetBean$0(AbstractBeanFactory.java:335)
	at org.springframework.beans.factory.support.DefaultSingletonBeanRegistry.getSingleton(DefaultSingletonBeanRegistry.java:234)
	at org.springframework.beans.factory.support.AbstractBeanFactory.doGetBean(AbstractBeanFactory.java:333)
	at org.springframework.beans.factory.support.AbstractBeanFactory.getBean(AbstractBeanFactory.java:208)
	at org.springframework.beans.factory.config.DependencyDescriptor.resolveCandidate(DependencyDescriptor.java:276)
	at org.springframework.beans.factory.support.DefaultListableBeanFactory.doResolveDependency(DefaultListableBeanFactory.java:1391)
	at org.springframework.beans.factory.support.DefaultListableBeanFactory.resolveDependency(DefaultListableBeanFactory.java:1311)
	at org.springframework.context.annotation.CommonAnnotationBeanPostProcessor.autowireResource(CommonAnnotationBeanPostProcessor.java:544)
	at org.springframework.context.annotation.CommonAnnotationBeanPostProcessor.getResource(CommonAnnotationBeanPostProcessor.java:520)
	at org.springframework.context.annotation.CommonAnnotationBeanPostProcessor$ResourceElement.getResourceToInject(CommonAnnotationBeanPostProcessor.java:673)
	at org.springframework.beans.factory.annotation.InjectionMetadata$InjectedElement.inject(InjectionMetadata.java:228)
	at org.springframework.beans.factory.annotation.InjectionMetadata.inject(InjectionMetadata.java:119)
	at org.springframework.context.annotation.CommonAnnotationBeanPostProcessor.postProcessProperties(CommonAnnotationBeanPostProcessor.java:329)
	... 59 common frames omitted
Caused by: org.springframework.beans.factory.UnsatisfiedDependencyException: Error creating bean with name 'IStrategyAwardDao' defined in file [/Users/xingeqi/Downloads/untitled1/untitled1-infrastructure/target/classes/org/example/infrastructure/persistent/dao/IStrategyAwardDao.class]: Unsatisfied dependency expressed through bean property 'sqlSessionFactory'; nested exception is org.springframework.beans.factory.BeanCreationException: Error creating bean with name 'sqlSessionFactory' defined in class path resource [org/mybatis/spring/boot/autoconfigure/MybatisAutoConfiguration.class]: Bean instantiation via factory method failed; nested exception is org.springframework.beans.BeanInstantiationException: Failed to instantiate [org.apache.ibatis.session.SqlSessionFactory]: Factory method 'sqlSessionFactory' threw exception; nested exception is org.springframework.core.NestedIOException: Failed to parse mapping resource: 'file [/Users/xingeqi/Downloads/untitled1/untitled1-app/target/classes/mybatis/mapper/raffle_activity_account_mapper.xml]'; nested exception is org.apache.ibatis.builder.BuilderException: Error parsing Mapper XML. The XML location is 'file [/Users/xingeqi/Downloads/untitled1/untitled1-app/target/classes/mybatis/mapper/raffle_activity_account_mapper.xml]'. Cause: org.apache.ibatis.builder.BuilderException: Error resolving class. Cause: org.apache.ibatis.type.TypeException: Could not resolve type alias 'cn.bugstack.infrastructure.persistent.po.RaffleActivityAccount'.  Cause: java.lang.ClassNotFoundException: Cannot find class: cn.bugstack.infrastructure.persistent.po.RaffleActivityAccount
	at org.springframework.beans.factory.support.AbstractAutowireCapableBeanFactory.autowireByType(AbstractAutowireCapableBeanFactory.java:1534)
	at org.springframework.beans.factory.support.AbstractAutowireCapableBeanFactory.populateBean(AbstractAutowireCapableBeanFactory.java:1417)
	at org.springframework.beans.factory.support.AbstractAutowireCapableBeanFactory.doCreateBean(AbstractAutowireCapableBeanFactory.java:619)
	at org.springframework.beans.factory.support.AbstractAutowireCapableBeanFactory.createBean(AbstractAutowireCapableBeanFactory.java:542)
	at org.springframework.beans.factory.support.AbstractBeanFactory.lambda$doGetBean$0(AbstractBeanFactory.java:335)
	at org.springframework.beans.factory.support.DefaultSingletonBeanRegistry.getSingleton(DefaultSingletonBeanRegistry.java:234)
	at org.springframework.beans.factory.support.AbstractBeanFactory.doGetBean(AbstractBeanFactory.java:333)
	at org.springframework.beans.factory.support.AbstractBeanFactory.getBean(AbstractBeanFactory.java:208)
	at org.springframework.beans.factory.config.DependencyDescriptor.resolveCandidate(DependencyDescriptor.java:276)
	at org.springframework.beans.factory.support.DefaultListableBeanFactory.doResolveDependency(DefaultListableBeanFactory.java:1391)
	at org.springframework.beans.factory.support.DefaultListableBeanFactory.resolveDependency(DefaultListableBeanFactory.java:1311)
	at org.springframework.context.annotation.CommonAnnotationBeanPostProcessor.autowireResource(CommonAnnotationBeanPostProcessor.java:544)
	at org.springframework.context.annotation.CommonAnnotationBeanPostProcessor.getResource(CommonAnnotationBeanPostProcessor.java:520)
	at org.springframework.context.annotation.CommonAnnotationBeanPostProcessor$ResourceElement.getResourceToInject(CommonAnnotationBeanPostProcessor.java:673)
	at org.springframework.beans.factory.annotation.InjectionMetadata$InjectedElement.inject(InjectionMetadata.java:228)
	at org.springframework.beans.factory.annotation.InjectionMetadata.inject(InjectionMetadata.java:119)
	at org.springframework.context.annotation.CommonAnnotationBeanPostProcessor.postProcessProperties(CommonAnnotationBeanPostProcessor.java:329)
	... 75 common frames omitted
Caused by: org.springframework.beans.factory.BeanCreationException: Error creating bean with name 'sqlSessionFactory' defined in class path resource [org/mybatis/spring/boot/autoconfigure/MybatisAutoConfiguration.class]: Bean instantiation via factory method failed; nested exception is org.springframework.beans.BeanInstantiationException: Failed to instantiate [org.apache.ibatis.session.SqlSessionFactory]: Factory method 'sqlSessionFactory' threw exception; nested exception is org.springframework.core.NestedIOException: Failed to parse mapping resource: 'file [/Users/xingeqi/Downloads/untitled1/untitled1-app/target/classes/mybatis/mapper/raffle_activity_account_mapper.xml]'; nested exception is org.apache.ibatis.builder.BuilderException: Error parsing Mapper XML. The XML location is 'file [/Users/xingeqi/Downloads/untitled1/untitled1-app/target/classes/mybatis/mapper/raffle_activity_account_mapper.xml]'. Cause: org.apache.ibatis.builder.BuilderException: Error resolving class. Cause: org.apache.ibatis.type.TypeException: Could not resolve type alias 'cn.bugstack.infrastructure.persistent.po.RaffleActivityAccount'.  Cause: java.lang.ClassNotFoundException: Cannot find class: cn.bugstack.infrastructure.persistent.po.RaffleActivityAccount
	at org.springframework.beans.factory.support.ConstructorResolver.instantiate(ConstructorResolver.java:658)
	at org.springframework.beans.factory.support.ConstructorResolver.instantiateUsingFactoryMethod(ConstructorResolver.java:638)
	at org.springframework.beans.factory.support.AbstractAutowireCapableBeanFactory.instantiateUsingFactoryMethod(AbstractAutowireCapableBeanFactory.java:1352)
	at org.springframework.beans.factory.support.AbstractAutowireCapableBeanFactory.createBeanInstance(AbstractAutowireCapableBeanFactory.java:1195)
	at org.springframework.beans.factory.support.AbstractAutowireCapableBeanFactory.doCreateBean(AbstractAutowireCapableBeanFactory.java:582)
	at org.springframework.beans.factory.support.AbstractAutowireCapableBeanFactory.createBean(AbstractAutowireCapableBeanFactory.java:542)
	at org.springframework.beans.factory.support.AbstractBeanFactory.lambda$doGetBean$0(AbstractBeanFactory.java:335)
	at org.springframework.beans.factory.support.DefaultSingletonBeanRegistry.getSingleton(DefaultSingletonBeanRegistry.java:234)
	at org.springframework.beans.factory.support.AbstractBeanFactory.doGetBean(AbstractBeanFactory.java:333)
	at org.springframework.beans.factory.support.AbstractBeanFactory.getBean(AbstractBeanFactory.java:208)
	at org.springframework.beans.factory.config.DependencyDescriptor.resolveCandidate(DependencyDescriptor.java:276)
	at org.springframework.beans.factory.support.DefaultListableBeanFactory.doResolveDependency(DefaultListableBeanFactory.java:1391)
	at org.springframework.beans.factory.support.DefaultListableBeanFactory.resolveDependency(DefaultListableBeanFactory.java:1311)
	at org.springframework.beans.factory.support.AbstractAutowireCapableBeanFactory.autowireByType(AbstractAutowireCapableBeanFactory.java:1519)
	... 91 common frames omitted
Caused by: org.springframework.beans.BeanInstantiationException: Failed to instantiate [org.apache.ibatis.session.SqlSessionFactory]: Factory method 'sqlSessionFactory' threw exception; nested exception is org.springframework.core.NestedIOException: Failed to parse mapping resource: 'file [/Users/xingeqi/Downloads/untitled1/untitled1-app/target/classes/mybatis/mapper/raffle_activity_account_mapper.xml]'; nested exception is org.apache.ibatis.builder.BuilderException: Error parsing Mapper XML. The XML location is 'file [/Users/xingeqi/Downloads/untitled1/untitled1-app/target/classes/mybatis/mapper/raffle_activity_account_mapper.xml]'. Cause: org.apache.ibatis.builder.BuilderException: Error resolving class. Cause: org.apache.ibatis.type.TypeException: Could not resolve type alias 'cn.bugstack.infrastructure.persistent.po.RaffleActivityAccount'.  Cause: java.lang.ClassNotFoundException: Cannot find class: cn.bugstack.infrastructure.persistent.po.RaffleActivityAccount
	at org.springframework.beans.factory.support.SimpleInstantiationStrategy.instantiate(SimpleInstantiationStrategy.java:185)
	at org.springframework.beans.factory.support.ConstructorResolver.instantiate(ConstructorResolver.java:653)
	... 104 common frames omitted
Caused by: org.springframework.core.NestedIOException: Failed to parse mapping resource: 'file [/Users/xingeqi/Downloads/untitled1/untitled1-app/target/classes/mybatis/mapper/raffle_activity_account_mapper.xml]'; nested exception is org.apache.ibatis.builder.BuilderException: Error parsing Mapper XML. The XML location is 'file [/Users/xingeqi/Downloads/untitled1/untitled1-app/target/classes/mybatis/mapper/raffle_activity_account_mapper.xml]'. Cause: org.apache.ibatis.builder.BuilderException: Error resolving class. Cause: org.apache.ibatis.type.TypeException: Could not resolve type alias 'cn.bugstack.infrastructure.persistent.po.RaffleActivityAccount'.  Cause: java.lang.ClassNotFoundException: Cannot find class: cn.bugstack.infrastructure.persistent.po.RaffleActivityAccount
	at org.mybatis.spring.SqlSessionFactoryBean.buildSqlSessionFactory(SqlSessionFactoryBean.java:613)
	at org.mybatis.spring.SqlSessionFactoryBean.afterPropertiesSet(SqlSessionFactoryBean.java:491)
	at org.mybatis.spring.SqlSessionFactoryBean.getObject(SqlSessionFactoryBean.java:633)
	at org.mybatis.spring.boot.autoconfigure.MybatisAutoConfiguration.sqlSessionFactory(MybatisAutoConfiguration.java:179)
	at org.mybatis.spring.boot.autoconfigure.MybatisAutoConfiguration$$EnhancerBySpringCGLIB$$ae3c6055.CGLIB$sqlSessionFactory$1(<generated>)
	at org.mybatis.spring.boot.autoconfigure.MybatisAutoConfiguration$$EnhancerBySpringCGLIB$$ae3c6055$$FastClassBySpringCGLIB$$66a61cbc.invoke(<generated>)
	at org.springframework.cglib.proxy.MethodProxy.invokeSuper(MethodProxy.java:244)
	at org.springframework.context.annotation.ConfigurationClassEnhancer$BeanMethodInterceptor.intercept(ConfigurationClassEnhancer.java:331)
	at org.mybatis.spring.boot.autoconfigure.MybatisAutoConfiguration$$EnhancerBySpringCGLIB$$ae3c6055.sqlSessionFactory(<generated>)
	at sun.reflect.NativeMethodAccessorImpl.invoke0(Native Method)
	at sun.reflect.NativeMethodAccessorImpl.invoke(NativeMethodAccessorImpl.java:62)
	at sun.reflect.DelegatingMethodAccessorImpl.invoke(DelegatingMethodAccessorImpl.java:43)
	at java.lang.reflect.Method.invoke(Method.java:498)
	at org.springframework.beans.factory.support.SimpleInstantiationStrategy.instantiate(SimpleInstantiationStrategy.java:154)
	... 105 common frames omitted
Caused by: org.apache.ibatis.builder.BuilderException: Error parsing Mapper XML. The XML location is 'file [/Users/xingeqi/Downloads/untitled1/untitled1-app/target/classes/mybatis/mapper/raffle_activity_account_mapper.xml]'. Cause: org.apache.ibatis.builder.BuilderException: Error resolving class. Cause: org.apache.ibatis.type.TypeException: Could not resolve type alias 'cn.bugstack.infrastructure.persistent.po.RaffleActivityAccount'.  Cause: java.lang.ClassNotFoundException: Cannot find class: cn.bugstack.infrastructure.persistent.po.RaffleActivityAccount
	at org.apache.ibatis.builder.xml.XMLMapperBuilder.configurationElement(XMLMapperBuilder.java:123)
	at org.apache.ibatis.builder.xml.XMLMapperBuilder.parse(XMLMapperBuilder.java:95)
	at org.mybatis.spring.SqlSessionFactoryBean.buildSqlSessionFactory(SqlSessionFactoryBean.java:611)
	... 118 common frames omitted
Caused by: org.apache.ibatis.builder.BuilderException: Error resolving class. Cause: org.apache.ibatis.type.TypeException: Could not resolve type alias 'cn.bugstack.infrastructure.persistent.po.RaffleActivityAccount'.  Cause: java.lang.ClassNotFoundException: Cannot find class: cn.bugstack.infrastructure.persistent.po.RaffleActivityAccount
	at org.apache.ibatis.builder.BaseBuilder.resolveClass(BaseBuilder.java:118)
	at org.apache.ibatis.builder.xml.XMLStatementBuilder.parseStatementNode(XMLStatementBuilder.java:76)
	at org.apache.ibatis.builder.xml.XMLMapperBuilder.buildStatementFromContext(XMLMapperBuilder.java:138)
	at org.apache.ibatis.builder.xml.XMLMapperBuilder.buildStatementFromContext(XMLMapperBuilder.java:131)
	at org.apache.ibatis.builder.xml.XMLMapperBuilder.configurationElement(XMLMapperBuilder.java:121)
	... 120 common frames omitted
Caused by: org.apache.ibatis.type.TypeException: Could not resolve type alias 'cn.bugstack.infrastructure.persistent.po.RaffleActivityAccount'.  Cause: java.lang.ClassNotFoundException: Cannot find class: cn.bugstack.infrastructure.persistent.po.RaffleActivityAccount
	at org.apache.ibatis.type.TypeAliasRegistry.resolveAlias(TypeAliasRegistry.java:120)
	at org.apache.ibatis.builder.BaseBuilder.resolveAlias(BaseBuilder.java:149)
	at org.apache.ibatis.builder.BaseBuilder.resolveClass(BaseBuilder.java:116)
	... 124 common frames omitted
Caused by: java.lang.ClassNotFoundException: Cannot find class: cn.bugstack.infrastructure.persistent.po.RaffleActivityAccount
	at org.apache.ibatis.io.ClassLoaderWrapper.classForName(ClassLoaderWrapper.java:196)
	at org.apache.ibatis.io.ClassLoaderWrapper.classForName(ClassLoaderWrapper.java:89)
	at org.apache.ibatis.io.Resources.classForName(Resources.java:261)
	at org.apache.ibatis.type.TypeAliasRegistry.resolveAlias(TypeAliasRegistry.java:116)
	... 126 common frames omitted
25-07-16.23:48:18.766 [main            ] INFO  TestActivityService    - Starting TestActivityService using Java 1.8.0_452 on xingedeMacBook-Air.local with PID 23384 (started by xingeqi in /Users/xingeqi/Downloads/untitled1/untitled1-app)
25-07-16.23:48:18.766 [main            ] INFO  TestActivityService    - The following 1 profile is active: "dev"
25-07-16.23:48:19.343 [main            ] INFO  RepositoryConfigurationDelegate - Multiple Spring Data modules found, entering strict repository configuration mode
25-07-16.23:48:19.345 [main            ] INFO  RepositoryConfigurationDelegate - Bootstrapping Spring Data Redis repositories in DEFAULT mode.
25-07-16.23:48:19.364 [main            ] INFO  RepositoryConfigurationDelegate - Finished Spring Data repository scanning in 13 ms. Found 0 Redis repository interfaces.
25-07-16.23:48:20.220 [main            ] INFO  Version                - Redisson 3.24.3
25-07-16.23:48:20.232 [main            ] WARN  DnsServerAddressStreamProviders - Can not find io.netty.resolver.dns.macos.MacOSDnsServerAddressStreamProvider in the classpath, fallback to system defaults. This may result in incorrect DNS resolutions on MacOS. Check whether you have a dependency on 'io.netty:netty-resolver-dns-native-macos'
25-07-16.23:48:20.387 [redisson-netty-2-6] INFO  MasterPubSubConnectionPool - 1 connections initialized for 192.168.12.230/192.168.12.230:6399
25-07-16.23:48:20.438 [redisson-netty-2-13] INFO  MasterConnectionPool   - 5 connections initialized for 192.168.12.230/192.168.12.230:6399
25-07-16.23:48:21.702 [main            ] INFO  EndpointLinksResolver  - Exposing 1 endpoint(s) beneath base path '/actuator'
25-07-16.23:48:21.747 [main            ] INFO  CachingConnectionFactory - Attempting to connect to: [192.168.12.230:5672]
25-07-16.23:48:21.792 [main            ] INFO  CachingConnectionFactory - Created new connection: rabbitConnectionFactory#2353354a:0/SimpleConnection@578d472a [delegate=amqp://admin@192.168.12.230:5672/, localPort= 56995]
25-07-16.23:48:21.865 [main            ] INFO  TestActivityService    - Started TestActivityService in 3.306 seconds (JVM running for 3.997)
25-07-16.23:48:22.071 [org.springframework.amqp.rabbit.RabbitListenerEndpointContainer#0-2] INFO  SimpleMessageListenerContainer - Waiting for workers to finish.
25-07-16.23:48:22.865 [org.springframework.amqp.rabbit.RabbitListenerEndpointContainer#0-2] INFO  SimpleMessageListenerContainer - Successfully waited for workers to finish.
25-07-16.23:48:22.869 [SpringApplicationShutdownHook] INFO  SimpleMessageListenerContainer - Shutdown ignored - container is already stopped
25-07-16.23:56:29.428 [main            ] INFO  TestActivityService    - Starting TestActivityService using Java 1.8.0_452 on xingedeMacBook-Air.local with PID 24022 (started by xingeqi in /Users/xingeqi/Downloads/untitled1/untitled1-app)
25-07-16.23:56:29.428 [main            ] INFO  TestActivityService    - The following 1 profile is active: "dev"
25-07-16.23:56:29.927 [main            ] INFO  RepositoryConfigurationDelegate - Multiple Spring Data modules found, entering strict repository configuration mode
25-07-16.23:56:29.928 [main            ] INFO  RepositoryConfigurationDelegate - Bootstrapping Spring Data Redis repositories in DEFAULT mode.
25-07-16.23:56:29.949 [main            ] INFO  RepositoryConfigurationDelegate - Finished Spring Data repository scanning in 9 ms. Found 0 Redis repository interfaces.
25-07-16.23:56:30.844 [main            ] INFO  Version                - Redisson 3.24.3
25-07-16.23:56:30.860 [main            ] WARN  DnsServerAddressStreamProviders - Can not find io.netty.resolver.dns.macos.MacOSDnsServerAddressStreamProvider in the classpath, fallback to system defaults. This may result in incorrect DNS resolutions on MacOS. Check whether you have a dependency on 'io.netty:netty-resolver-dns-native-macos'
25-07-16.23:56:30.976 [redisson-netty-2-6] INFO  MasterPubSubConnectionPool - 1 connections initialized for 192.168.12.230/192.168.12.230:6399
25-07-16.23:56:31.021 [redisson-netty-2-13] INFO  MasterConnectionPool   - 5 connections initialized for 192.168.12.230/192.168.12.230:6399
25-07-16.23:56:32.289 [main            ] INFO  EndpointLinksResolver  - Exposing 1 endpoint(s) beneath base path '/actuator'
25-07-16.23:56:32.335 [main            ] INFO  CachingConnectionFactory - Attempting to connect to: [192.168.12.230:5672]
25-07-16.23:56:32.378 [main            ] INFO  CachingConnectionFactory - Created new connection: rabbitConnectionFactory#7c7ed72a:0/SimpleConnection@586486c [delegate=amqp://admin@192.168.12.230:5672/, localPort= 58947]
25-07-16.23:56:32.447 [main            ] INFO  TestActivityService    - Started TestActivityService in 3.219 seconds (JVM running for 3.689)
25-07-16.23:56:32.623 [main            ] INFO  HikariDataSource       - Retail_HikariCP - Starting...
25-07-16.23:56:32.819 [main            ] INFO  HikariDataSource       - Retail_HikariCP - Start completed.
25-07-16.23:56:32.940 [org.springframework.amqp.rabbit.RabbitListenerEndpointContainer#0-2] INFO  SimpleMessageListenerContainer - Waiting for workers to finish.
25-07-16.23:56:33.448 [org.springframework.amqp.rabbit.RabbitListenerEndpointContainer#0-2] INFO  SimpleMessageListenerContainer - Successfully waited for workers to finish.
25-07-16.23:56:33.450 [SpringApplicationShutdownHook] INFO  SimpleMessageListenerContainer - Shutdown ignored - container is already stopped
