25-07-14.16:18:56.256 [main            ] INFO  TestActivityService    - Starting TestActivityService using Java 1.8.0_452 on xingedeMacBook-Air.local with PID 73060 (started by xingeqi in /Users/xingeqi/Downloads/untitled1/untitled1-app)
25-07-14.16:18:56.256 [main            ] INFO  TestActivityService    - The following 1 profile is active: "dev"
25-07-14.16:18:56.742 [main            ] INFO  RepositoryConfigurationDelegate - Multiple Spring Data modules found, entering strict repository configuration mode
25-07-14.16:18:56.743 [main            ] INFO  RepositoryConfigurationDelegate - Bootstrapping Spring Data Redis repositories in DEFAULT mode.
25-07-14.16:18:56.759 [main            ] INFO  RepositoryConfigurationDelegate - Finished Spring Data repository scanning in 8 ms. Found 0 Redis repository interfaces.
25-07-14.16:18:57.367 [main            ] WARN  GenericWebApplicationContext - Exception encountered during context initialization - cancelling refresh attempt: org.springframework.beans.factory.BeanCreationException: Error creating bean with name 'raffleController': Injection of resource dependencies failed; nested exception is org.springframework.beans.factory.BeanCreationException: Error creating bean with name 'strategyArmoryDispatch': Injection of resource dependencies failed; nested exception is org.springframework.beans.factory.BeanCreationException: Error creating bean with name 'strategyRepository': Injection of resource dependencies failed; nested exception is org.springframework.beans.factory.UnsatisfiedDependencyException: Error creating bean with name 'IStrategyAwardDao' defined in file [/Users/xingeqi/Downloads/untitled1/untitled1-infrastructure/target/classes/org/example/infrastructure/persistent/dao/IStrategyAwardDao.class]: Unsatisfied dependency expressed through bean property 'sqlSessionFactory'; nested exception is org.springframework.beans.factory.BeanCreationException: Error creating bean with name 'sqlSessionFactory' defined in class path resource [org/mybatis/spring/boot/autoconfigure/MybatisAutoConfiguration.class]: Bean instantiation via factory method failed; nested exception is org.springframework.beans.BeanInstantiationException: Failed to instantiate [org.apache.ibatis.session.SqlSessionFactory]: Factory method 'sqlSessionFactory' threw exception; nested exception is org.springframework.core.NestedIOException: Failed to parse mapping resource: 'file [/Users/xingeqi/Downloads/untitled1/untitled1-app/target/classes/mybatis/mapper/raffle_activity_account_mapper.xml]'; nested exception is org.apache.ibatis.builder.BuilderException: Error parsing Mapper XML. The XML location is 'file [/Users/xingeqi/Downloads/untitled1/untitled1-app/target/classes/mybatis/mapper/raffle_activity_account_mapper.xml]'. Cause: java.lang.IllegalArgumentException: Result Maps collection already contains value for org.example.infrastructure.persistent.dao.IRaffleActivityAccountDao.dataMap
25-07-14.16:18:57.375 [main            ] INFO  ConditionEvaluationReportLoggingListener - 

Error starting ApplicationContext. To display the conditions report re-run your application with 'debug' enabled.
25-07-14.16:18:57.391 [main            ] ERROR SpringApplication      - Application run failed
org.springframework.beans.factory.BeanCreationException: Error creating bean with name 'raffleController': Injection of resource dependencies failed; nested exception is org.springframework.beans.factory.BeanCreationException: Error creating bean with name 'strategyArmoryDispatch': Injection of resource dependencies failed; nested exception is org.springframework.beans.factory.BeanCreationException: Error creating bean with name 'strategyRepository': Injection of resource dependencies failed; nested exception is org.springframework.beans.factory.UnsatisfiedDependencyException: Error creating bean with name 'IStrategyAwardDao' defined in file [/Users/xingeqi/Downloads/untitled1/untitled1-infrastructure/target/classes/org/example/infrastructure/persistent/dao/IStrategyAwardDao.class]: Unsatisfied dependency expressed through bean property 'sqlSessionFactory'; nested exception is org.springframework.beans.factory.BeanCreationException: Error creating bean with name 'sqlSessionFactory' defined in class path resource [org/mybatis/spring/boot/autoconfigure/MybatisAutoConfiguration.class]: Bean instantiation via factory method failed; nested exception is org.springframework.beans.BeanInstantiationException: Failed to instantiate [org.apache.ibatis.session.SqlSessionFactory]: Factory method 'sqlSessionFactory' threw exception; nested exception is org.springframework.core.NestedIOException: Failed to parse mapping resource: 'file [/Users/xingeqi/Downloads/untitled1/untitled1-app/target/classes/mybatis/mapper/raffle_activity_account_mapper.xml]'; nested exception is org.apache.ibatis.builder.BuilderException: Error parsing Mapper XML. The XML location is 'file [/Users/xingeqi/Downloads/untitled1/untitled1-app/target/classes/mybatis/mapper/raffle_activity_account_mapper.xml]'. Cause: java.lang.IllegalArgumentException: Result Maps collection already contains value for org.example.infrastructure.persistent.dao.IRaffleActivityAccountDao.dataMap
	at org.springframework.context.annotation.CommonAnnotationBeanPostProcessor.postProcessProperties(CommonAnnotationBeanPostProcessor.java:332)
	at org.springframework.beans.factory.support.AbstractAutowireCapableBeanFactory.populateBean(AbstractAutowireCapableBeanFactory.java:1431)
	at org.springframework.beans.factory.support.AbstractAutowireCapableBeanFactory.doCreateBean(AbstractAutowireCapableBeanFactory.java:619)
	at org.springframework.beans.factory.support.AbstractAutowireCapableBeanFactory.createBean(AbstractAutowireCapableBeanFactory.java:542)
	at org.springframework.beans.factory.support.AbstractBeanFactory.lambda$doGetBean$0(AbstractBeanFactory.java:335)
	at org.springframework.beans.factory.support.DefaultSingletonBeanRegistry.getSingleton(DefaultSingletonBeanRegistry.java:234)
	at org.springframework.beans.factory.support.AbstractBeanFactory.doGetBean(AbstractBeanFactory.java:333)
	at org.springframework.beans.factory.support.AbstractBeanFactory.getBean(AbstractBeanFactory.java:208)
	at org.springframework.beans.factory.support.DefaultListableBeanFactory.preInstantiateSingletons(DefaultListableBeanFactory.java:955)
	at org.springframework.context.support.AbstractApplicationContext.finishBeanFactoryInitialization(AbstractApplicationContext.java:920)
	at org.springframework.context.support.AbstractApplicationContext.refresh(AbstractApplicationContext.java:583)
	at org.springframework.boot.SpringApplication.refresh(SpringApplication.java:731)
	at org.springframework.boot.SpringApplication.refreshContext(SpringApplication.java:408)
	at org.springframework.boot.SpringApplication.run(SpringApplication.java:307)
	at org.springframework.boot.test.context.SpringBootContextLoader.loadContext(SpringBootContextLoader.java:136)
	at org.springframework.test.context.cache.DefaultCacheAwareContextLoaderDelegate.loadContextInternal(DefaultCacheAwareContextLoaderDelegate.java:141)
	at org.springframework.test.context.cache.DefaultCacheAwareContextLoaderDelegate.loadContext(DefaultCacheAwareContextLoaderDelegate.java:90)
	at org.springframework.test.context.support.DefaultTestContext.getApplicationContext(DefaultTestContext.java:124)
	at org.springframework.test.context.web.ServletTestExecutionListener.setUpRequestContextIfNecessary(ServletTestExecutionListener.java:190)
	at org.springframework.test.context.web.ServletTestExecutionListener.prepareTestInstance(ServletTestExecutionListener.java:132)
	at org.springframework.test.context.TestContextManager.prepareTestInstance(TestContextManager.java:248)
	at org.springframework.test.context.junit4.SpringJUnit4ClassRunner.createTest(SpringJUnit4ClassRunner.java:227)
	at org.springframework.test.context.junit4.SpringJUnit4ClassRunner$1.runReflectiveCall(SpringJUnit4ClassRunner.java:289)
	at org.junit.internal.runners.model.ReflectiveCallable.run(ReflectiveCallable.java:12)
	at org.springframework.test.context.junit4.SpringJUnit4ClassRunner.methodBlock(SpringJUnit4ClassRunner.java:291)
	at org.springframework.test.context.junit4.SpringJUnit4ClassRunner.runChild(SpringJUnit4ClassRunner.java:246)
	at org.springframework.test.context.junit4.SpringJUnit4ClassRunner.runChild(SpringJUnit4ClassRunner.java:97)
	at org.junit.runners.ParentRunner$4.run(ParentRunner.java:331)
	at org.junit.runners.ParentRunner$1.schedule(ParentRunner.java:79)
	at org.junit.runners.ParentRunner.runChildren(ParentRunner.java:329)
	at org.junit.runners.ParentRunner.access$100(ParentRunner.java:66)
	at org.junit.runners.ParentRunner$2.evaluate(ParentRunner.java:293)
	at org.springframework.test.context.junit4.statements.RunBeforeTestClassCallbacks.evaluate(RunBeforeTestClassCallbacks.java:61)
	at org.springframework.test.context.junit4.statements.RunAfterTestClassCallbacks.evaluate(RunAfterTestClassCallbacks.java:70)
	at org.junit.runners.ParentRunner$3.evaluate(ParentRunner.java:306)
	at org.junit.runners.ParentRunner.run(ParentRunner.java:413)
	at org.springframework.test.context.junit4.SpringJUnit4ClassRunner.run(SpringJUnit4ClassRunner.java:190)
	at org.junit.runner.JUnitCore.run(JUnitCore.java:137)
	at com.intellij.junit4.JUnit4IdeaTestRunner.startRunnerWithArgs(JUnit4IdeaTestRunner.java:69)
	at com.intellij.rt.junit.IdeaTestRunner$Repeater$1.execute(IdeaTestRunner.java:38)
	at com.intellij.rt.execution.junit.TestsRepeater.repeat(TestsRepeater.java:11)
	at com.intellij.rt.junit.IdeaTestRunner$Repeater.startRunnerWithArgs(IdeaTestRunner.java:35)
	at com.intellij.rt.junit.JUnitStarter.prepareStreamsAndStart(JUnitStarter.java:232)
	at com.intellij.rt.junit.JUnitStarter.main(JUnitStarter.java:55)
Caused by: org.springframework.beans.factory.BeanCreationException: Error creating bean with name 'strategyArmoryDispatch': Injection of resource dependencies failed; nested exception is org.springframework.beans.factory.BeanCreationException: Error creating bean with name 'strategyRepository': Injection of resource dependencies failed; nested exception is org.springframework.beans.factory.UnsatisfiedDependencyException: Error creating bean with name 'IStrategyAwardDao' defined in file [/Users/xingeqi/Downloads/untitled1/untitled1-infrastructure/target/classes/org/example/infrastructure/persistent/dao/IStrategyAwardDao.class]: Unsatisfied dependency expressed through bean property 'sqlSessionFactory'; nested exception is org.springframework.beans.factory.BeanCreationException: Error creating bean with name 'sqlSessionFactory' defined in class path resource [org/mybatis/spring/boot/autoconfigure/MybatisAutoConfiguration.class]: Bean instantiation via factory method failed; nested exception is org.springframework.beans.BeanInstantiationException: Failed to instantiate [org.apache.ibatis.session.SqlSessionFactory]: Factory method 'sqlSessionFactory' threw exception; nested exception is org.springframework.core.NestedIOException: Failed to parse mapping resource: 'file [/Users/xingeqi/Downloads/untitled1/untitled1-app/target/classes/mybatis/mapper/raffle_activity_account_mapper.xml]'; nested exception is org.apache.ibatis.builder.BuilderException: Error parsing Mapper XML. The XML location is 'file [/Users/xingeqi/Downloads/untitled1/untitled1-app/target/classes/mybatis/mapper/raffle_activity_account_mapper.xml]'. Cause: java.lang.IllegalArgumentException: Result Maps collection already contains value for org.example.infrastructure.persistent.dao.IRaffleActivityAccountDao.dataMap
	at org.springframework.context.annotation.CommonAnnotationBeanPostProcessor.postProcessProperties(CommonAnnotationBeanPostProcessor.java:332)
	at org.springframework.beans.factory.support.AbstractAutowireCapableBeanFactory.populateBean(AbstractAutowireCapableBeanFactory.java:1431)
	at org.springframework.beans.factory.support.AbstractAutowireCapableBeanFactory.doCreateBean(AbstractAutowireCapableBeanFactory.java:619)
	at org.springframework.beans.factory.support.AbstractAutowireCapableBeanFactory.createBean(AbstractAutowireCapableBeanFactory.java:542)
	at org.springframework.beans.factory.support.AbstractBeanFactory.lambda$doGetBean$0(AbstractBeanFactory.java:335)
	at org.springframework.beans.factory.support.DefaultSingletonBeanRegistry.getSingleton(DefaultSingletonBeanRegistry.java:234)
	at org.springframework.beans.factory.support.AbstractBeanFactory.doGetBean(AbstractBeanFactory.java:333)
	at org.springframework.beans.factory.support.AbstractBeanFactory.getBean(AbstractBeanFactory.java:208)
	at org.springframework.beans.factory.config.DependencyDescriptor.resolveCandidate(DependencyDescriptor.java:276)
	at org.springframework.beans.factory.support.DefaultListableBeanFactory.doResolveDependency(DefaultListableBeanFactory.java:1391)
	at org.springframework.beans.factory.support.DefaultListableBeanFactory.resolveDependency(DefaultListableBeanFactory.java:1311)
	at org.springframework.context.annotation.CommonAnnotationBeanPostProcessor.autowireResource(CommonAnnotationBeanPostProcessor.java:544)
	at org.springframework.context.annotation.CommonAnnotationBeanPostProcessor.getResource(CommonAnnotationBeanPostProcessor.java:520)
	at org.springframework.context.annotation.CommonAnnotationBeanPostProcessor$ResourceElement.getResourceToInject(CommonAnnotationBeanPostProcessor.java:673)
	at org.springframework.beans.factory.annotation.InjectionMetadata$InjectedElement.inject(InjectionMetadata.java:228)
	at org.springframework.beans.factory.annotation.InjectionMetadata.inject(InjectionMetadata.java:119)
	at org.springframework.context.annotation.CommonAnnotationBeanPostProcessor.postProcessProperties(CommonAnnotationBeanPostProcessor.java:329)
	... 43 common frames omitted
Caused by: org.springframework.beans.factory.BeanCreationException: Error creating bean with name 'strategyRepository': Injection of resource dependencies failed; nested exception is org.springframework.beans.factory.UnsatisfiedDependencyException: Error creating bean with name 'IStrategyAwardDao' defined in file [/Users/xingeqi/Downloads/untitled1/untitled1-infrastructure/target/classes/org/example/infrastructure/persistent/dao/IStrategyAwardDao.class]: Unsatisfied dependency expressed through bean property 'sqlSessionFactory'; nested exception is org.springframework.beans.factory.BeanCreationException: Error creating bean with name 'sqlSessionFactory' defined in class path resource [org/mybatis/spring/boot/autoconfigure/MybatisAutoConfiguration.class]: Bean instantiation via factory method failed; nested exception is org.springframework.beans.BeanInstantiationException: Failed to instantiate [org.apache.ibatis.session.SqlSessionFactory]: Factory method 'sqlSessionFactory' threw exception; nested exception is org.springframework.core.NestedIOException: Failed to parse mapping resource: 'file [/Users/xingeqi/Downloads/untitled1/untitled1-app/target/classes/mybatis/mapper/raffle_activity_account_mapper.xml]'; nested exception is org.apache.ibatis.builder.BuilderException: Error parsing Mapper XML. The XML location is 'file [/Users/xingeqi/Downloads/untitled1/untitled1-app/target/classes/mybatis/mapper/raffle_activity_account_mapper.xml]'. Cause: java.lang.IllegalArgumentException: Result Maps collection already contains value for org.example.infrastructure.persistent.dao.IRaffleActivityAccountDao.dataMap
	at org.springframework.context.annotation.CommonAnnotationBeanPostProcessor.postProcessProperties(CommonAnnotationBeanPostProcessor.java:332)
	at org.springframework.beans.factory.support.AbstractAutowireCapableBeanFactory.populateBean(AbstractAutowireCapableBeanFactory.java:1431)
	at org.springframework.beans.factory.support.AbstractAutowireCapableBeanFactory.doCreateBean(AbstractAutowireCapableBeanFactory.java:619)
	at org.springframework.beans.factory.support.AbstractAutowireCapableBeanFactory.createBean(AbstractAutowireCapableBeanFactory.java:542)
	at org.springframework.beans.factory.support.AbstractBeanFactory.lambda$doGetBean$0(AbstractBeanFactory.java:335)
	at org.springframework.beans.factory.support.DefaultSingletonBeanRegistry.getSingleton(DefaultSingletonBeanRegistry.java:234)
	at org.springframework.beans.factory.support.AbstractBeanFactory.doGetBean(AbstractBeanFactory.java:333)
	at org.springframework.beans.factory.support.AbstractBeanFactory.getBean(AbstractBeanFactory.java:208)
	at org.springframework.beans.factory.config.DependencyDescriptor.resolveCandidate(DependencyDescriptor.java:276)
	at org.springframework.beans.factory.support.DefaultListableBeanFactory.doResolveDependency(DefaultListableBeanFactory.java:1391)
	at org.springframework.beans.factory.support.DefaultListableBeanFactory.resolveDependency(DefaultListableBeanFactory.java:1311)
	at org.springframework.context.annotation.CommonAnnotationBeanPostProcessor.autowireResource(CommonAnnotationBeanPostProcessor.java:544)
	at org.springframework.context.annotation.CommonAnnotationBeanPostProcessor.getResource(CommonAnnotationBeanPostProcessor.java:520)
	at org.springframework.context.annotation.CommonAnnotationBeanPostProcessor$ResourceElement.getResourceToInject(CommonAnnotationBeanPostProcessor.java:673)
	at org.springframework.beans.factory.annotation.InjectionMetadata$InjectedElement.inject(InjectionMetadata.java:228)
	at org.springframework.beans.factory.annotation.InjectionMetadata.inject(InjectionMetadata.java:119)
	at org.springframework.context.annotation.CommonAnnotationBeanPostProcessor.postProcessProperties(CommonAnnotationBeanPostProcessor.java:329)
	... 59 common frames omitted
Caused by: org.springframework.beans.factory.UnsatisfiedDependencyException: Error creating bean with name 'IStrategyAwardDao' defined in file [/Users/xingeqi/Downloads/untitled1/untitled1-infrastructure/target/classes/org/example/infrastructure/persistent/dao/IStrategyAwardDao.class]: Unsatisfied dependency expressed through bean property 'sqlSessionFactory'; nested exception is org.springframework.beans.factory.BeanCreationException: Error creating bean with name 'sqlSessionFactory' defined in class path resource [org/mybatis/spring/boot/autoconfigure/MybatisAutoConfiguration.class]: Bean instantiation via factory method failed; nested exception is org.springframework.beans.BeanInstantiationException: Failed to instantiate [org.apache.ibatis.session.SqlSessionFactory]: Factory method 'sqlSessionFactory' threw exception; nested exception is org.springframework.core.NestedIOException: Failed to parse mapping resource: 'file [/Users/xingeqi/Downloads/untitled1/untitled1-app/target/classes/mybatis/mapper/raffle_activity_account_mapper.xml]'; nested exception is org.apache.ibatis.builder.BuilderException: Error parsing Mapper XML. The XML location is 'file [/Users/xingeqi/Downloads/untitled1/untitled1-app/target/classes/mybatis/mapper/raffle_activity_account_mapper.xml]'. Cause: java.lang.IllegalArgumentException: Result Maps collection already contains value for org.example.infrastructure.persistent.dao.IRaffleActivityAccountDao.dataMap
	at org.springframework.beans.factory.support.AbstractAutowireCapableBeanFactory.autowireByType(AbstractAutowireCapableBeanFactory.java:1534)
	at org.springframework.beans.factory.support.AbstractAutowireCapableBeanFactory.populateBean(AbstractAutowireCapableBeanFactory.java:1417)
	at org.springframework.beans.factory.support.AbstractAutowireCapableBeanFactory.doCreateBean(AbstractAutowireCapableBeanFactory.java:619)
	at org.springframework.beans.factory.support.AbstractAutowireCapableBeanFactory.createBean(AbstractAutowireCapableBeanFactory.java:542)
	at org.springframework.beans.factory.support.AbstractBeanFactory.lambda$doGetBean$0(AbstractBeanFactory.java:335)
	at org.springframework.beans.factory.support.DefaultSingletonBeanRegistry.getSingleton(DefaultSingletonBeanRegistry.java:234)
	at org.springframework.beans.factory.support.AbstractBeanFactory.doGetBean(AbstractBeanFactory.java:333)
	at org.springframework.beans.factory.support.AbstractBeanFactory.getBean(AbstractBeanFactory.java:208)
	at org.springframework.beans.factory.config.DependencyDescriptor.resolveCandidate(DependencyDescriptor.java:276)
	at org.springframework.beans.factory.support.DefaultListableBeanFactory.doResolveDependency(DefaultListableBeanFactory.java:1391)
	at org.springframework.beans.factory.support.DefaultListableBeanFactory.resolveDependency(DefaultListableBeanFactory.java:1311)
	at org.springframework.context.annotation.CommonAnnotationBeanPostProcessor.autowireResource(CommonAnnotationBeanPostProcessor.java:544)
	at org.springframework.context.annotation.CommonAnnotationBeanPostProcessor.getResource(CommonAnnotationBeanPostProcessor.java:520)
	at org.springframework.context.annotation.CommonAnnotationBeanPostProcessor$ResourceElement.getResourceToInject(CommonAnnotationBeanPostProcessor.java:673)
	at org.springframework.beans.factory.annotation.InjectionMetadata$InjectedElement.inject(InjectionMetadata.java:228)
	at org.springframework.beans.factory.annotation.InjectionMetadata.inject(InjectionMetadata.java:119)
	at org.springframework.context.annotation.CommonAnnotationBeanPostProcessor.postProcessProperties(CommonAnnotationBeanPostProcessor.java:329)
	... 75 common frames omitted
Caused by: org.springframework.beans.factory.BeanCreationException: Error creating bean with name 'sqlSessionFactory' defined in class path resource [org/mybatis/spring/boot/autoconfigure/MybatisAutoConfiguration.class]: Bean instantiation via factory method failed; nested exception is org.springframework.beans.BeanInstantiationException: Failed to instantiate [org.apache.ibatis.session.SqlSessionFactory]: Factory method 'sqlSessionFactory' threw exception; nested exception is org.springframework.core.NestedIOException: Failed to parse mapping resource: 'file [/Users/xingeqi/Downloads/untitled1/untitled1-app/target/classes/mybatis/mapper/raffle_activity_account_mapper.xml]'; nested exception is org.apache.ibatis.builder.BuilderException: Error parsing Mapper XML. The XML location is 'file [/Users/xingeqi/Downloads/untitled1/untitled1-app/target/classes/mybatis/mapper/raffle_activity_account_mapper.xml]'. Cause: java.lang.IllegalArgumentException: Result Maps collection already contains value for org.example.infrastructure.persistent.dao.IRaffleActivityAccountDao.dataMap
	at org.springframework.beans.factory.support.ConstructorResolver.instantiate(ConstructorResolver.java:658)
	at org.springframework.beans.factory.support.ConstructorResolver.instantiateUsingFactoryMethod(ConstructorResolver.java:638)
	at org.springframework.beans.factory.support.AbstractAutowireCapableBeanFactory.instantiateUsingFactoryMethod(AbstractAutowireCapableBeanFactory.java:1352)
	at org.springframework.beans.factory.support.AbstractAutowireCapableBeanFactory.createBeanInstance(AbstractAutowireCapableBeanFactory.java:1195)
	at org.springframework.beans.factory.support.AbstractAutowireCapableBeanFactory.doCreateBean(AbstractAutowireCapableBeanFactory.java:582)
	at org.springframework.beans.factory.support.AbstractAutowireCapableBeanFactory.createBean(AbstractAutowireCapableBeanFactory.java:542)
	at org.springframework.beans.factory.support.AbstractBeanFactory.lambda$doGetBean$0(AbstractBeanFactory.java:335)
	at org.springframework.beans.factory.support.DefaultSingletonBeanRegistry.getSingleton(DefaultSingletonBeanRegistry.java:234)
	at org.springframework.beans.factory.support.AbstractBeanFactory.doGetBean(AbstractBeanFactory.java:333)
	at org.springframework.beans.factory.support.AbstractBeanFactory.getBean(AbstractBeanFactory.java:208)
	at org.springframework.beans.factory.config.DependencyDescriptor.resolveCandidate(DependencyDescriptor.java:276)
	at org.springframework.beans.factory.support.DefaultListableBeanFactory.doResolveDependency(DefaultListableBeanFactory.java:1391)
	at org.springframework.beans.factory.support.DefaultListableBeanFactory.resolveDependency(DefaultListableBeanFactory.java:1311)
	at org.springframework.beans.factory.support.AbstractAutowireCapableBeanFactory.autowireByType(AbstractAutowireCapableBeanFactory.java:1519)
	... 91 common frames omitted
Caused by: org.springframework.beans.BeanInstantiationException: Failed to instantiate [org.apache.ibatis.session.SqlSessionFactory]: Factory method 'sqlSessionFactory' threw exception; nested exception is org.springframework.core.NestedIOException: Failed to parse mapping resource: 'file [/Users/xingeqi/Downloads/untitled1/untitled1-app/target/classes/mybatis/mapper/raffle_activity_account_mapper.xml]'; nested exception is org.apache.ibatis.builder.BuilderException: Error parsing Mapper XML. The XML location is 'file [/Users/xingeqi/Downloads/untitled1/untitled1-app/target/classes/mybatis/mapper/raffle_activity_account_mapper.xml]'. Cause: java.lang.IllegalArgumentException: Result Maps collection already contains value for org.example.infrastructure.persistent.dao.IRaffleActivityAccountDao.dataMap
	at org.springframework.beans.factory.support.SimpleInstantiationStrategy.instantiate(SimpleInstantiationStrategy.java:185)
	at org.springframework.beans.factory.support.ConstructorResolver.instantiate(ConstructorResolver.java:653)
	... 104 common frames omitted
Caused by: org.springframework.core.NestedIOException: Failed to parse mapping resource: 'file [/Users/xingeqi/Downloads/untitled1/untitled1-app/target/classes/mybatis/mapper/raffle_activity_account_mapper.xml]'; nested exception is org.apache.ibatis.builder.BuilderException: Error parsing Mapper XML. The XML location is 'file [/Users/xingeqi/Downloads/untitled1/untitled1-app/target/classes/mybatis/mapper/raffle_activity_account_mapper.xml]'. Cause: java.lang.IllegalArgumentException: Result Maps collection already contains value for org.example.infrastructure.persistent.dao.IRaffleActivityAccountDao.dataMap
	at org.mybatis.spring.SqlSessionFactoryBean.buildSqlSessionFactory(SqlSessionFactoryBean.java:613)
	at org.mybatis.spring.SqlSessionFactoryBean.afterPropertiesSet(SqlSessionFactoryBean.java:491)
	at org.mybatis.spring.SqlSessionFactoryBean.getObject(SqlSessionFactoryBean.java:633)
	at org.mybatis.spring.boot.autoconfigure.MybatisAutoConfiguration.sqlSessionFactory(MybatisAutoConfiguration.java:179)
	at org.mybatis.spring.boot.autoconfigure.MybatisAutoConfiguration$$EnhancerBySpringCGLIB$$5adeb4f.CGLIB$sqlSessionFactory$1(<generated>)
	at org.mybatis.spring.boot.autoconfigure.MybatisAutoConfiguration$$EnhancerBySpringCGLIB$$5adeb4f$$FastClassBySpringCGLIB$$6bbf3339.invoke(<generated>)
	at org.springframework.cglib.proxy.MethodProxy.invokeSuper(MethodProxy.java:244)
	at org.springframework.context.annotation.ConfigurationClassEnhancer$BeanMethodInterceptor.intercept(ConfigurationClassEnhancer.java:331)
	at org.mybatis.spring.boot.autoconfigure.MybatisAutoConfiguration$$EnhancerBySpringCGLIB$$5adeb4f.sqlSessionFactory(<generated>)
	at sun.reflect.NativeMethodAccessorImpl.invoke0(Native Method)
	at sun.reflect.NativeMethodAccessorImpl.invoke(NativeMethodAccessorImpl.java:62)
	at sun.reflect.DelegatingMethodAccessorImpl.invoke(DelegatingMethodAccessorImpl.java:43)
	at java.lang.reflect.Method.invoke(Method.java:498)
	at org.springframework.beans.factory.support.SimpleInstantiationStrategy.instantiate(SimpleInstantiationStrategy.java:154)
	... 105 common frames omitted
Caused by: org.apache.ibatis.builder.BuilderException: Error parsing Mapper XML. The XML location is 'file [/Users/xingeqi/Downloads/untitled1/untitled1-app/target/classes/mybatis/mapper/raffle_activity_account_mapper.xml]'. Cause: java.lang.IllegalArgumentException: Result Maps collection already contains value for org.example.infrastructure.persistent.dao.IRaffleActivityAccountDao.dataMap
	at org.apache.ibatis.builder.xml.XMLMapperBuilder.configurationElement(XMLMapperBuilder.java:123)
	at org.apache.ibatis.builder.xml.XMLMapperBuilder.parse(XMLMapperBuilder.java:95)
	at org.mybatis.spring.SqlSessionFactoryBean.buildSqlSessionFactory(SqlSessionFactoryBean.java:611)
	... 118 common frames omitted
Caused by: java.lang.IllegalArgumentException: Result Maps collection already contains value for org.example.infrastructure.persistent.dao.IRaffleActivityAccountDao.dataMap
	at org.apache.ibatis.session.Configuration$StrictMap.put(Configuration.java:1014)
	at org.apache.ibatis.session.Configuration$StrictMap.put(Configuration.java:970)
	at org.apache.ibatis.session.Configuration.addResultMap(Configuration.java:726)
	at org.apache.ibatis.builder.MapperBuilderAssistant.addResultMap(MapperBuilderAssistant.java:209)
	at org.apache.ibatis.builder.ResultMapResolver.resolve(ResultMapResolver.java:47)
	at org.apache.ibatis.builder.xml.XMLMapperBuilder.resultMapElement(XMLMapperBuilder.java:289)
	at org.apache.ibatis.builder.xml.XMLMapperBuilder.resultMapElement(XMLMapperBuilder.java:254)
	at org.apache.ibatis.builder.xml.XMLMapperBuilder.resultMapElements(XMLMapperBuilder.java:246)
	at org.apache.ibatis.builder.xml.XMLMapperBuilder.configurationElement(XMLMapperBuilder.java:119)
	... 120 common frames omitted
25-07-14.16:18:57.392 [main            ] ERROR TestContextManager     - Caught exception while allowing TestExecutionListener [org.springframework.test.context.web.ServletTestExecutionListener@1e66f1f5] to prepare test instance [org.example.test.domain.service.activity.TestActivityService@996a546]
java.lang.IllegalStateException: Failed to load ApplicationContext
	at org.springframework.test.context.cache.DefaultCacheAwareContextLoaderDelegate.loadContext(DefaultCacheAwareContextLoaderDelegate.java:98)
	at org.springframework.test.context.support.DefaultTestContext.getApplicationContext(DefaultTestContext.java:124)
	at org.springframework.test.context.web.ServletTestExecutionListener.setUpRequestContextIfNecessary(ServletTestExecutionListener.java:190)
	at org.springframework.test.context.web.ServletTestExecutionListener.prepareTestInstance(ServletTestExecutionListener.java:132)
	at org.springframework.test.context.TestContextManager.prepareTestInstance(TestContextManager.java:248)
	at org.springframework.test.context.junit4.SpringJUnit4ClassRunner.createTest(SpringJUnit4ClassRunner.java:227)
	at org.springframework.test.context.junit4.SpringJUnit4ClassRunner$1.runReflectiveCall(SpringJUnit4ClassRunner.java:289)
	at org.junit.internal.runners.model.ReflectiveCallable.run(ReflectiveCallable.java:12)
	at org.springframework.test.context.junit4.SpringJUnit4ClassRunner.methodBlock(SpringJUnit4ClassRunner.java:291)
	at org.springframework.test.context.junit4.SpringJUnit4ClassRunner.runChild(SpringJUnit4ClassRunner.java:246)
	at org.springframework.test.context.junit4.SpringJUnit4ClassRunner.runChild(SpringJUnit4ClassRunner.java:97)
	at org.junit.runners.ParentRunner$4.run(ParentRunner.java:331)
	at org.junit.runners.ParentRunner$1.schedule(ParentRunner.java:79)
	at org.junit.runners.ParentRunner.runChildren(ParentRunner.java:329)
	at org.junit.runners.ParentRunner.access$100(ParentRunner.java:66)
	at org.junit.runners.ParentRunner$2.evaluate(ParentRunner.java:293)
	at org.springframework.test.context.junit4.statements.RunBeforeTestClassCallbacks.evaluate(RunBeforeTestClassCallbacks.java:61)
	at org.springframework.test.context.junit4.statements.RunAfterTestClassCallbacks.evaluate(RunAfterTestClassCallbacks.java:70)
	at org.junit.runners.ParentRunner$3.evaluate(ParentRunner.java:306)
	at org.junit.runners.ParentRunner.run(ParentRunner.java:413)
	at org.springframework.test.context.junit4.SpringJUnit4ClassRunner.run(SpringJUnit4ClassRunner.java:190)
	at org.junit.runner.JUnitCore.run(JUnitCore.java:137)
	at com.intellij.junit4.JUnit4IdeaTestRunner.startRunnerWithArgs(JUnit4IdeaTestRunner.java:69)
	at com.intellij.rt.junit.IdeaTestRunner$Repeater$1.execute(IdeaTestRunner.java:38)
	at com.intellij.rt.execution.junit.TestsRepeater.repeat(TestsRepeater.java:11)
	at com.intellij.rt.junit.IdeaTestRunner$Repeater.startRunnerWithArgs(IdeaTestRunner.java:35)
	at com.intellij.rt.junit.JUnitStarter.prepareStreamsAndStart(JUnitStarter.java:232)
	at com.intellij.rt.junit.JUnitStarter.main(JUnitStarter.java:55)
Caused by: org.springframework.beans.factory.BeanCreationException: Error creating bean with name 'raffleController': Injection of resource dependencies failed; nested exception is org.springframework.beans.factory.BeanCreationException: Error creating bean with name 'strategyArmoryDispatch': Injection of resource dependencies failed; nested exception is org.springframework.beans.factory.BeanCreationException: Error creating bean with name 'strategyRepository': Injection of resource dependencies failed; nested exception is org.springframework.beans.factory.UnsatisfiedDependencyException: Error creating bean with name 'IStrategyAwardDao' defined in file [/Users/xingeqi/Downloads/untitled1/untitled1-infrastructure/target/classes/org/example/infrastructure/persistent/dao/IStrategyAwardDao.class]: Unsatisfied dependency expressed through bean property 'sqlSessionFactory'; nested exception is org.springframework.beans.factory.BeanCreationException: Error creating bean with name 'sqlSessionFactory' defined in class path resource [org/mybatis/spring/boot/autoconfigure/MybatisAutoConfiguration.class]: Bean instantiation via factory method failed; nested exception is org.springframework.beans.BeanInstantiationException: Failed to instantiate [org.apache.ibatis.session.SqlSessionFactory]: Factory method 'sqlSessionFactory' threw exception; nested exception is org.springframework.core.NestedIOException: Failed to parse mapping resource: 'file [/Users/xingeqi/Downloads/untitled1/untitled1-app/target/classes/mybatis/mapper/raffle_activity_account_mapper.xml]'; nested exception is org.apache.ibatis.builder.BuilderException: Error parsing Mapper XML. The XML location is 'file [/Users/xingeqi/Downloads/untitled1/untitled1-app/target/classes/mybatis/mapper/raffle_activity_account_mapper.xml]'. Cause: java.lang.IllegalArgumentException: Result Maps collection already contains value for org.example.infrastructure.persistent.dao.IRaffleActivityAccountDao.dataMap
	at org.springframework.context.annotation.CommonAnnotationBeanPostProcessor.postProcessProperties(CommonAnnotationBeanPostProcessor.java:332)
	at org.springframework.beans.factory.support.AbstractAutowireCapableBeanFactory.populateBean(AbstractAutowireCapableBeanFactory.java:1431)
	at org.springframework.beans.factory.support.AbstractAutowireCapableBeanFactory.doCreateBean(AbstractAutowireCapableBeanFactory.java:619)
	at org.springframework.beans.factory.support.AbstractAutowireCapableBeanFactory.createBean(AbstractAutowireCapableBeanFactory.java:542)
	at org.springframework.beans.factory.support.AbstractBeanFactory.lambda$doGetBean$0(AbstractBeanFactory.java:335)
	at org.springframework.beans.factory.support.DefaultSingletonBeanRegistry.getSingleton(DefaultSingletonBeanRegistry.java:234)
	at org.springframework.beans.factory.support.AbstractBeanFactory.doGetBean(AbstractBeanFactory.java:333)
	at org.springframework.beans.factory.support.AbstractBeanFactory.getBean(AbstractBeanFactory.java:208)
	at org.springframework.beans.factory.support.DefaultListableBeanFactory.preInstantiateSingletons(DefaultListableBeanFactory.java:955)
	at org.springframework.context.support.AbstractApplicationContext.finishBeanFactoryInitialization(AbstractApplicationContext.java:920)
	at org.springframework.context.support.AbstractApplicationContext.refresh(AbstractApplicationContext.java:583)
	at org.springframework.boot.SpringApplication.refresh(SpringApplication.java:731)
	at org.springframework.boot.SpringApplication.refreshContext(SpringApplication.java:408)
	at org.springframework.boot.SpringApplication.run(SpringApplication.java:307)
	at org.springframework.boot.test.context.SpringBootContextLoader.loadContext(SpringBootContextLoader.java:136)
	at org.springframework.test.context.cache.DefaultCacheAwareContextLoaderDelegate.loadContextInternal(DefaultCacheAwareContextLoaderDelegate.java:141)
	at org.springframework.test.context.cache.DefaultCacheAwareContextLoaderDelegate.loadContext(DefaultCacheAwareContextLoaderDelegate.java:90)
	... 27 common frames omitted
Caused by: org.springframework.beans.factory.BeanCreationException: Error creating bean with name 'strategyArmoryDispatch': Injection of resource dependencies failed; nested exception is org.springframework.beans.factory.BeanCreationException: Error creating bean with name 'strategyRepository': Injection of resource dependencies failed; nested exception is org.springframework.beans.factory.UnsatisfiedDependencyException: Error creating bean with name 'IStrategyAwardDao' defined in file [/Users/xingeqi/Downloads/untitled1/untitled1-infrastructure/target/classes/org/example/infrastructure/persistent/dao/IStrategyAwardDao.class]: Unsatisfied dependency expressed through bean property 'sqlSessionFactory'; nested exception is org.springframework.beans.factory.BeanCreationException: Error creating bean with name 'sqlSessionFactory' defined in class path resource [org/mybatis/spring/boot/autoconfigure/MybatisAutoConfiguration.class]: Bean instantiation via factory method failed; nested exception is org.springframework.beans.BeanInstantiationException: Failed to instantiate [org.apache.ibatis.session.SqlSessionFactory]: Factory method 'sqlSessionFactory' threw exception; nested exception is org.springframework.core.NestedIOException: Failed to parse mapping resource: 'file [/Users/xingeqi/Downloads/untitled1/untitled1-app/target/classes/mybatis/mapper/raffle_activity_account_mapper.xml]'; nested exception is org.apache.ibatis.builder.BuilderException: Error parsing Mapper XML. The XML location is 'file [/Users/xingeqi/Downloads/untitled1/untitled1-app/target/classes/mybatis/mapper/raffle_activity_account_mapper.xml]'. Cause: java.lang.IllegalArgumentException: Result Maps collection already contains value for org.example.infrastructure.persistent.dao.IRaffleActivityAccountDao.dataMap
	at org.springframework.context.annotation.CommonAnnotationBeanPostProcessor.postProcessProperties(CommonAnnotationBeanPostProcessor.java:332)
	at org.springframework.beans.factory.support.AbstractAutowireCapableBeanFactory.populateBean(AbstractAutowireCapableBeanFactory.java:1431)
	at org.springframework.beans.factory.support.AbstractAutowireCapableBeanFactory.doCreateBean(AbstractAutowireCapableBeanFactory.java:619)
	at org.springframework.beans.factory.support.AbstractAutowireCapableBeanFactory.createBean(AbstractAutowireCapableBeanFactory.java:542)
	at org.springframework.beans.factory.support.AbstractBeanFactory.lambda$doGetBean$0(AbstractBeanFactory.java:335)
	at org.springframework.beans.factory.support.DefaultSingletonBeanRegistry.getSingleton(DefaultSingletonBeanRegistry.java:234)
	at org.springframework.beans.factory.support.AbstractBeanFactory.doGetBean(AbstractBeanFactory.java:333)
	at org.springframework.beans.factory.support.AbstractBeanFactory.getBean(AbstractBeanFactory.java:208)
	at org.springframework.beans.factory.config.DependencyDescriptor.resolveCandidate(DependencyDescriptor.java:276)
	at org.springframework.beans.factory.support.DefaultListableBeanFactory.doResolveDependency(DefaultListableBeanFactory.java:1391)
	at org.springframework.beans.factory.support.DefaultListableBeanFactory.resolveDependency(DefaultListableBeanFactory.java:1311)
	at org.springframework.context.annotation.CommonAnnotationBeanPostProcessor.autowireResource(CommonAnnotationBeanPostProcessor.java:544)
	at org.springframework.context.annotation.CommonAnnotationBeanPostProcessor.getResource(CommonAnnotationBeanPostProcessor.java:520)
	at org.springframework.context.annotation.CommonAnnotationBeanPostProcessor$ResourceElement.getResourceToInject(CommonAnnotationBeanPostProcessor.java:673)
	at org.springframework.beans.factory.annotation.InjectionMetadata$InjectedElement.inject(InjectionMetadata.java:228)
	at org.springframework.beans.factory.annotation.InjectionMetadata.inject(InjectionMetadata.java:119)
	at org.springframework.context.annotation.CommonAnnotationBeanPostProcessor.postProcessProperties(CommonAnnotationBeanPostProcessor.java:329)
	... 43 common frames omitted
Caused by: org.springframework.beans.factory.BeanCreationException: Error creating bean with name 'strategyRepository': Injection of resource dependencies failed; nested exception is org.springframework.beans.factory.UnsatisfiedDependencyException: Error creating bean with name 'IStrategyAwardDao' defined in file [/Users/xingeqi/Downloads/untitled1/untitled1-infrastructure/target/classes/org/example/infrastructure/persistent/dao/IStrategyAwardDao.class]: Unsatisfied dependency expressed through bean property 'sqlSessionFactory'; nested exception is org.springframework.beans.factory.BeanCreationException: Error creating bean with name 'sqlSessionFactory' defined in class path resource [org/mybatis/spring/boot/autoconfigure/MybatisAutoConfiguration.class]: Bean instantiation via factory method failed; nested exception is org.springframework.beans.BeanInstantiationException: Failed to instantiate [org.apache.ibatis.session.SqlSessionFactory]: Factory method 'sqlSessionFactory' threw exception; nested exception is org.springframework.core.NestedIOException: Failed to parse mapping resource: 'file [/Users/xingeqi/Downloads/untitled1/untitled1-app/target/classes/mybatis/mapper/raffle_activity_account_mapper.xml]'; nested exception is org.apache.ibatis.builder.BuilderException: Error parsing Mapper XML. The XML location is 'file [/Users/xingeqi/Downloads/untitled1/untitled1-app/target/classes/mybatis/mapper/raffle_activity_account_mapper.xml]'. Cause: java.lang.IllegalArgumentException: Result Maps collection already contains value for org.example.infrastructure.persistent.dao.IRaffleActivityAccountDao.dataMap
	at org.springframework.context.annotation.CommonAnnotationBeanPostProcessor.postProcessProperties(CommonAnnotationBeanPostProcessor.java:332)
	at org.springframework.beans.factory.support.AbstractAutowireCapableBeanFactory.populateBean(AbstractAutowireCapableBeanFactory.java:1431)
	at org.springframework.beans.factory.support.AbstractAutowireCapableBeanFactory.doCreateBean(AbstractAutowireCapableBeanFactory.java:619)
	at org.springframework.beans.factory.support.AbstractAutowireCapableBeanFactory.createBean(AbstractAutowireCapableBeanFactory.java:542)
	at org.springframework.beans.factory.support.AbstractBeanFactory.lambda$doGetBean$0(AbstractBeanFactory.java:335)
	at org.springframework.beans.factory.support.DefaultSingletonBeanRegistry.getSingleton(DefaultSingletonBeanRegistry.java:234)
	at org.springframework.beans.factory.support.AbstractBeanFactory.doGetBean(AbstractBeanFactory.java:333)
	at org.springframework.beans.factory.support.AbstractBeanFactory.getBean(AbstractBeanFactory.java:208)
	at org.springframework.beans.factory.config.DependencyDescriptor.resolveCandidate(DependencyDescriptor.java:276)
	at org.springframework.beans.factory.support.DefaultListableBeanFactory.doResolveDependency(DefaultListableBeanFactory.java:1391)
	at org.springframework.beans.factory.support.DefaultListableBeanFactory.resolveDependency(DefaultListableBeanFactory.java:1311)
	at org.springframework.context.annotation.CommonAnnotationBeanPostProcessor.autowireResource(CommonAnnotationBeanPostProcessor.java:544)
	at org.springframework.context.annotation.CommonAnnotationBeanPostProcessor.getResource(CommonAnnotationBeanPostProcessor.java:520)
	at org.springframework.context.annotation.CommonAnnotationBeanPostProcessor$ResourceElement.getResourceToInject(CommonAnnotationBeanPostProcessor.java:673)
	at org.springframework.beans.factory.annotation.InjectionMetadata$InjectedElement.inject(InjectionMetadata.java:228)
	at org.springframework.beans.factory.annotation.InjectionMetadata.inject(InjectionMetadata.java:119)
	at org.springframework.context.annotation.CommonAnnotationBeanPostProcessor.postProcessProperties(CommonAnnotationBeanPostProcessor.java:329)
	... 59 common frames omitted
Caused by: org.springframework.beans.factory.UnsatisfiedDependencyException: Error creating bean with name 'IStrategyAwardDao' defined in file [/Users/xingeqi/Downloads/untitled1/untitled1-infrastructure/target/classes/org/example/infrastructure/persistent/dao/IStrategyAwardDao.class]: Unsatisfied dependency expressed through bean property 'sqlSessionFactory'; nested exception is org.springframework.beans.factory.BeanCreationException: Error creating bean with name 'sqlSessionFactory' defined in class path resource [org/mybatis/spring/boot/autoconfigure/MybatisAutoConfiguration.class]: Bean instantiation via factory method failed; nested exception is org.springframework.beans.BeanInstantiationException: Failed to instantiate [org.apache.ibatis.session.SqlSessionFactory]: Factory method 'sqlSessionFactory' threw exception; nested exception is org.springframework.core.NestedIOException: Failed to parse mapping resource: 'file [/Users/xingeqi/Downloads/untitled1/untitled1-app/target/classes/mybatis/mapper/raffle_activity_account_mapper.xml]'; nested exception is org.apache.ibatis.builder.BuilderException: Error parsing Mapper XML. The XML location is 'file [/Users/xingeqi/Downloads/untitled1/untitled1-app/target/classes/mybatis/mapper/raffle_activity_account_mapper.xml]'. Cause: java.lang.IllegalArgumentException: Result Maps collection already contains value for org.example.infrastructure.persistent.dao.IRaffleActivityAccountDao.dataMap
	at org.springframework.beans.factory.support.AbstractAutowireCapableBeanFactory.autowireByType(AbstractAutowireCapableBeanFactory.java:1534)
	at org.springframework.beans.factory.support.AbstractAutowireCapableBeanFactory.populateBean(AbstractAutowireCapableBeanFactory.java:1417)
	at org.springframework.beans.factory.support.AbstractAutowireCapableBeanFactory.doCreateBean(AbstractAutowireCapableBeanFactory.java:619)
	at org.springframework.beans.factory.support.AbstractAutowireCapableBeanFactory.createBean(AbstractAutowireCapableBeanFactory.java:542)
	at org.springframework.beans.factory.support.AbstractBeanFactory.lambda$doGetBean$0(AbstractBeanFactory.java:335)
	at org.springframework.beans.factory.support.DefaultSingletonBeanRegistry.getSingleton(DefaultSingletonBeanRegistry.java:234)
	at org.springframework.beans.factory.support.AbstractBeanFactory.doGetBean(AbstractBeanFactory.java:333)
	at org.springframework.beans.factory.support.AbstractBeanFactory.getBean(AbstractBeanFactory.java:208)
	at org.springframework.beans.factory.config.DependencyDescriptor.resolveCandidate(DependencyDescriptor.java:276)
	at org.springframework.beans.factory.support.DefaultListableBeanFactory.doResolveDependency(DefaultListableBeanFactory.java:1391)
	at org.springframework.beans.factory.support.DefaultListableBeanFactory.resolveDependency(DefaultListableBeanFactory.java:1311)
	at org.springframework.context.annotation.CommonAnnotationBeanPostProcessor.autowireResource(CommonAnnotationBeanPostProcessor.java:544)
	at org.springframework.context.annotation.CommonAnnotationBeanPostProcessor.getResource(CommonAnnotationBeanPostProcessor.java:520)
	at org.springframework.context.annotation.CommonAnnotationBeanPostProcessor$ResourceElement.getResourceToInject(CommonAnnotationBeanPostProcessor.java:673)
	at org.springframework.beans.factory.annotation.InjectionMetadata$InjectedElement.inject(InjectionMetadata.java:228)
	at org.springframework.beans.factory.annotation.InjectionMetadata.inject(InjectionMetadata.java:119)
	at org.springframework.context.annotation.CommonAnnotationBeanPostProcessor.postProcessProperties(CommonAnnotationBeanPostProcessor.java:329)
	... 75 common frames omitted
Caused by: org.springframework.beans.factory.BeanCreationException: Error creating bean with name 'sqlSessionFactory' defined in class path resource [org/mybatis/spring/boot/autoconfigure/MybatisAutoConfiguration.class]: Bean instantiation via factory method failed; nested exception is org.springframework.beans.BeanInstantiationException: Failed to instantiate [org.apache.ibatis.session.SqlSessionFactory]: Factory method 'sqlSessionFactory' threw exception; nested exception is org.springframework.core.NestedIOException: Failed to parse mapping resource: 'file [/Users/xingeqi/Downloads/untitled1/untitled1-app/target/classes/mybatis/mapper/raffle_activity_account_mapper.xml]'; nested exception is org.apache.ibatis.builder.BuilderException: Error parsing Mapper XML. The XML location is 'file [/Users/xingeqi/Downloads/untitled1/untitled1-app/target/classes/mybatis/mapper/raffle_activity_account_mapper.xml]'. Cause: java.lang.IllegalArgumentException: Result Maps collection already contains value for org.example.infrastructure.persistent.dao.IRaffleActivityAccountDao.dataMap
	at org.springframework.beans.factory.support.ConstructorResolver.instantiate(ConstructorResolver.java:658)
	at org.springframework.beans.factory.support.ConstructorResolver.instantiateUsingFactoryMethod(ConstructorResolver.java:638)
	at org.springframework.beans.factory.support.AbstractAutowireCapableBeanFactory.instantiateUsingFactoryMethod(AbstractAutowireCapableBeanFactory.java:1352)
	at org.springframework.beans.factory.support.AbstractAutowireCapableBeanFactory.createBeanInstance(AbstractAutowireCapableBeanFactory.java:1195)
	at org.springframework.beans.factory.support.AbstractAutowireCapableBeanFactory.doCreateBean(AbstractAutowireCapableBeanFactory.java:582)
	at org.springframework.beans.factory.support.AbstractAutowireCapableBeanFactory.createBean(AbstractAutowireCapableBeanFactory.java:542)
	at org.springframework.beans.factory.support.AbstractBeanFactory.lambda$doGetBean$0(AbstractBeanFactory.java:335)
	at org.springframework.beans.factory.support.DefaultSingletonBeanRegistry.getSingleton(DefaultSingletonBeanRegistry.java:234)
	at org.springframework.beans.factory.support.AbstractBeanFactory.doGetBean(AbstractBeanFactory.java:333)
	at org.springframework.beans.factory.support.AbstractBeanFactory.getBean(AbstractBeanFactory.java:208)
	at org.springframework.beans.factory.config.DependencyDescriptor.resolveCandidate(DependencyDescriptor.java:276)
	at org.springframework.beans.factory.support.DefaultListableBeanFactory.doResolveDependency(DefaultListableBeanFactory.java:1391)
	at org.springframework.beans.factory.support.DefaultListableBeanFactory.resolveDependency(DefaultListableBeanFactory.java:1311)
	at org.springframework.beans.factory.support.AbstractAutowireCapableBeanFactory.autowireByType(AbstractAutowireCapableBeanFactory.java:1519)
	... 91 common frames omitted
Caused by: org.springframework.beans.BeanInstantiationException: Failed to instantiate [org.apache.ibatis.session.SqlSessionFactory]: Factory method 'sqlSessionFactory' threw exception; nested exception is org.springframework.core.NestedIOException: Failed to parse mapping resource: 'file [/Users/xingeqi/Downloads/untitled1/untitled1-app/target/classes/mybatis/mapper/raffle_activity_account_mapper.xml]'; nested exception is org.apache.ibatis.builder.BuilderException: Error parsing Mapper XML. The XML location is 'file [/Users/xingeqi/Downloads/untitled1/untitled1-app/target/classes/mybatis/mapper/raffle_activity_account_mapper.xml]'. Cause: java.lang.IllegalArgumentException: Result Maps collection already contains value for org.example.infrastructure.persistent.dao.IRaffleActivityAccountDao.dataMap
	at org.springframework.beans.factory.support.SimpleInstantiationStrategy.instantiate(SimpleInstantiationStrategy.java:185)
	at org.springframework.beans.factory.support.ConstructorResolver.instantiate(ConstructorResolver.java:653)
	... 104 common frames omitted
Caused by: org.springframework.core.NestedIOException: Failed to parse mapping resource: 'file [/Users/xingeqi/Downloads/untitled1/untitled1-app/target/classes/mybatis/mapper/raffle_activity_account_mapper.xml]'; nested exception is org.apache.ibatis.builder.BuilderException: Error parsing Mapper XML. The XML location is 'file [/Users/xingeqi/Downloads/untitled1/untitled1-app/target/classes/mybatis/mapper/raffle_activity_account_mapper.xml]'. Cause: java.lang.IllegalArgumentException: Result Maps collection already contains value for org.example.infrastructure.persistent.dao.IRaffleActivityAccountDao.dataMap
	at org.mybatis.spring.SqlSessionFactoryBean.buildSqlSessionFactory(SqlSessionFactoryBean.java:613)
	at org.mybatis.spring.SqlSessionFactoryBean.afterPropertiesSet(SqlSessionFactoryBean.java:491)
	at org.mybatis.spring.SqlSessionFactoryBean.getObject(SqlSessionFactoryBean.java:633)
	at org.mybatis.spring.boot.autoconfigure.MybatisAutoConfiguration.sqlSessionFactory(MybatisAutoConfiguration.java:179)
	at org.mybatis.spring.boot.autoconfigure.MybatisAutoConfiguration$$EnhancerBySpringCGLIB$$5adeb4f.CGLIB$sqlSessionFactory$1(<generated>)
	at org.mybatis.spring.boot.autoconfigure.MybatisAutoConfiguration$$EnhancerBySpringCGLIB$$5adeb4f$$FastClassBySpringCGLIB$$6bbf3339.invoke(<generated>)
	at org.springframework.cglib.proxy.MethodProxy.invokeSuper(MethodProxy.java:244)
	at org.springframework.context.annotation.ConfigurationClassEnhancer$BeanMethodInterceptor.intercept(ConfigurationClassEnhancer.java:331)
	at org.mybatis.spring.boot.autoconfigure.MybatisAutoConfiguration$$EnhancerBySpringCGLIB$$5adeb4f.sqlSessionFactory(<generated>)
	at sun.reflect.NativeMethodAccessorImpl.invoke0(Native Method)
	at sun.reflect.NativeMethodAccessorImpl.invoke(NativeMethodAccessorImpl.java:62)
	at sun.reflect.DelegatingMethodAccessorImpl.invoke(DelegatingMethodAccessorImpl.java:43)
	at java.lang.reflect.Method.invoke(Method.java:498)
	at org.springframework.beans.factory.support.SimpleInstantiationStrategy.instantiate(SimpleInstantiationStrategy.java:154)
	... 105 common frames omitted
Caused by: org.apache.ibatis.builder.BuilderException: Error parsing Mapper XML. The XML location is 'file [/Users/xingeqi/Downloads/untitled1/untitled1-app/target/classes/mybatis/mapper/raffle_activity_account_mapper.xml]'. Cause: java.lang.IllegalArgumentException: Result Maps collection already contains value for org.example.infrastructure.persistent.dao.IRaffleActivityAccountDao.dataMap
	at org.apache.ibatis.builder.xml.XMLMapperBuilder.configurationElement(XMLMapperBuilder.java:123)
	at org.apache.ibatis.builder.xml.XMLMapperBuilder.parse(XMLMapperBuilder.java:95)
	at org.mybatis.spring.SqlSessionFactoryBean.buildSqlSessionFactory(SqlSessionFactoryBean.java:611)
	... 118 common frames omitted
Caused by: java.lang.IllegalArgumentException: Result Maps collection already contains value for org.example.infrastructure.persistent.dao.IRaffleActivityAccountDao.dataMap
	at org.apache.ibatis.session.Configuration$StrictMap.put(Configuration.java:1014)
	at org.apache.ibatis.session.Configuration$StrictMap.put(Configuration.java:970)
	at org.apache.ibatis.session.Configuration.addResultMap(Configuration.java:726)
	at org.apache.ibatis.builder.MapperBuilderAssistant.addResultMap(MapperBuilderAssistant.java:209)
	at org.apache.ibatis.builder.ResultMapResolver.resolve(ResultMapResolver.java:47)
	at org.apache.ibatis.builder.xml.XMLMapperBuilder.resultMapElement(XMLMapperBuilder.java:289)
	at org.apache.ibatis.builder.xml.XMLMapperBuilder.resultMapElement(XMLMapperBuilder.java:254)
	at org.apache.ibatis.builder.xml.XMLMapperBuilder.resultMapElements(XMLMapperBuilder.java:246)
	at org.apache.ibatis.builder.xml.XMLMapperBuilder.configurationElement(XMLMapperBuilder.java:119)
	... 120 common frames omitted
25-07-14.16:20:36.228 [main            ] INFO  TestActivityService    - Starting TestActivityService using Java 1.8.0_452 on xingedeMacBook-Air.local with PID 73207 (started by xingeqi in /Users/xingeqi/Downloads/untitled1/untitled1-app)
25-07-14.16:20:36.228 [main            ] INFO  TestActivityService    - The following 1 profile is active: "dev"
25-07-14.16:20:36.726 [main            ] INFO  RepositoryConfigurationDelegate - Multiple Spring Data modules found, entering strict repository configuration mode
25-07-14.16:20:36.727 [main            ] INFO  RepositoryConfigurationDelegate - Bootstrapping Spring Data Redis repositories in DEFAULT mode.
25-07-14.16:20:36.744 [main            ] INFO  RepositoryConfigurationDelegate - Finished Spring Data repository scanning in 10 ms. Found 0 Redis repository interfaces.
25-07-14.16:20:37.643 [main            ] INFO  Version                - Redisson 3.24.3
25-07-14.16:20:37.657 [main            ] WARN  DnsServerAddressStreamProviders - Can not find io.netty.resolver.dns.macos.MacOSDnsServerAddressStreamProvider in the classpath, fallback to system defaults. This may result in incorrect DNS resolutions on MacOS. Check whether you have a dependency on 'io.netty:netty-resolver-dns-native-macos'
25-07-14.16:20:37.757 [redisson-netty-2-6] INFO  MasterPubSubConnectionPool - 1 connections initialized for 192.168.12.230/192.168.12.230:6399
25-07-14.16:20:37.800 [redisson-netty-2-13] INFO  MasterConnectionPool   - 5 connections initialized for 192.168.12.230/192.168.12.230:6399
25-07-14.16:20:38.706 [main            ] INFO  EndpointLinksResolver  - Exposing 1 endpoint(s) beneath base path '/actuator'
25-07-14.16:20:38.744 [main            ] INFO  TestActivityService    - Started TestActivityService in 2.695 seconds (JVM running for 3.169)
25-07-14.16:23:11.927 [main            ] INFO  TestActivityService    - Starting TestActivityService using Java 1.8.0_452 on xingedeMacBook-Air.local with PID 73420 (started by xingeqi in /Users/xingeqi/Downloads/untitled1/untitled1-app)
25-07-14.16:23:11.927 [main            ] INFO  TestActivityService    - The following 1 profile is active: "dev"
25-07-14.16:23:12.381 [main            ] INFO  RepositoryConfigurationDelegate - Multiple Spring Data modules found, entering strict repository configuration mode
25-07-14.16:23:12.383 [main            ] INFO  RepositoryConfigurationDelegate - Bootstrapping Spring Data Redis repositories in DEFAULT mode.
25-07-14.16:23:12.398 [main            ] INFO  RepositoryConfigurationDelegate - Finished Spring Data repository scanning in 9 ms. Found 0 Redis repository interfaces.
25-07-14.16:23:13.178 [main            ] INFO  Version                - Redisson 3.24.3
25-07-14.16:23:13.190 [main            ] WARN  DnsServerAddressStreamProviders - Can not find io.netty.resolver.dns.macos.MacOSDnsServerAddressStreamProvider in the classpath, fallback to system defaults. This may result in incorrect DNS resolutions on MacOS. Check whether you have a dependency on 'io.netty:netty-resolver-dns-native-macos'
25-07-14.16:23:13.302 [redisson-netty-2-6] INFO  MasterPubSubConnectionPool - 1 connections initialized for 192.168.12.230/192.168.12.230:6399
25-07-14.16:23:13.347 [redisson-netty-2-13] INFO  MasterConnectionPool   - 5 connections initialized for 192.168.12.230/192.168.12.230:6399
25-07-14.16:23:14.248 [main            ] INFO  EndpointLinksResolver  - Exposing 1 endpoint(s) beneath base path '/actuator'
25-07-14.16:23:14.277 [main            ] INFO  TestActivityService    - Started TestActivityService in 2.52 seconds (JVM running for 2.939)
25-07-14.16:23:28.547 [main            ] INFO  TestActivityService    - Starting TestActivityService using Java 1.8.0_452 on xingedeMacBook-Air.local with PID 73445 (started by xingeqi in /Users/xingeqi/Downloads/untitled1/untitled1-app)
25-07-14.16:23:28.548 [main            ] INFO  TestActivityService    - The following 1 profile is active: "dev"
25-07-14.16:23:28.992 [main            ] INFO  RepositoryConfigurationDelegate - Multiple Spring Data modules found, entering strict repository configuration mode
25-07-14.16:23:28.994 [main            ] INFO  RepositoryConfigurationDelegate - Bootstrapping Spring Data Redis repositories in DEFAULT mode.
25-07-14.16:23:29.012 [main            ] INFO  RepositoryConfigurationDelegate - Finished Spring Data repository scanning in 11 ms. Found 0 Redis repository interfaces.
25-07-14.16:23:29.796 [main            ] INFO  Version                - Redisson 3.24.3
25-07-14.16:23:29.809 [main            ] WARN  DnsServerAddressStreamProviders - Can not find io.netty.resolver.dns.macos.MacOSDnsServerAddressStreamProvider in the classpath, fallback to system defaults. This may result in incorrect DNS resolutions on MacOS. Check whether you have a dependency on 'io.netty:netty-resolver-dns-native-macos'
25-07-14.16:23:29.905 [redisson-netty-2-6] INFO  MasterPubSubConnectionPool - 1 connections initialized for 192.168.12.230/192.168.12.230:6399
25-07-14.16:23:29.953 [redisson-netty-2-13] INFO  MasterConnectionPool   - 5 connections initialized for 192.168.12.230/192.168.12.230:6399
25-07-14.16:23:30.806 [main            ] INFO  EndpointLinksResolver  - Exposing 1 endpoint(s) beneath base path '/actuator'
25-07-14.16:23:30.839 [main            ] INFO  TestActivityService    - Started TestActivityService in 2.467 seconds (JVM running for 2.881)
25-07-14.16:24:06.186 [main            ] INFO  TestActivityService    - Starting TestActivityService using Java 1.8.0_452 on xingedeMacBook-Air.local with PID 73490 (started by xingeqi in /Users/xingeqi/Downloads/untitled1/untitled1-app)
25-07-14.16:24:06.187 [main            ] INFO  TestActivityService    - The following 1 profile is active: "dev"
25-07-14.16:24:06.653 [main            ] INFO  RepositoryConfigurationDelegate - Multiple Spring Data modules found, entering strict repository configuration mode
25-07-14.16:24:06.654 [main            ] INFO  RepositoryConfigurationDelegate - Bootstrapping Spring Data Redis repositories in DEFAULT mode.
25-07-14.16:24:06.669 [main            ] INFO  RepositoryConfigurationDelegate - Finished Spring Data repository scanning in 9 ms. Found 0 Redis repository interfaces.
25-07-14.16:24:07.499 [main            ] INFO  Version                - Redisson 3.24.3
25-07-14.16:24:07.513 [main            ] WARN  DnsServerAddressStreamProviders - Can not find io.netty.resolver.dns.macos.MacOSDnsServerAddressStreamProvider in the classpath, fallback to system defaults. This may result in incorrect DNS resolutions on MacOS. Check whether you have a dependency on 'io.netty:netty-resolver-dns-native-macos'
25-07-14.16:24:07.618 [redisson-netty-2-6] INFO  MasterPubSubConnectionPool - 1 connections initialized for 192.168.12.230/192.168.12.230:6399
25-07-14.16:24:07.659 [redisson-netty-2-13] INFO  MasterConnectionPool   - 5 connections initialized for 192.168.12.230/192.168.12.230:6399
25-07-14.16:24:08.676 [main            ] INFO  EndpointLinksResolver  - Exposing 1 endpoint(s) beneath base path '/actuator'
25-07-14.16:24:08.712 [main            ] INFO  TestActivityService    - Started TestActivityService in 2.731 seconds (JVM running for 3.475)
25-07-14.16:24:19.957 [scheduling-1    ] INFO  UpdateAwardStockJob    - 定时任务，更新奖品消耗库存【延迟队列获取，降低对数据库的更新频次，不要产生竞争】
25-07-14.16:24:19.993 [scheduling-1    ] ERROR UpdateAwardStockJob    - 定时任务，更新奖品消耗库存失败
org.springframework.beans.factory.BeanCreationNotAllowedException: Error creating bean with name 'redissonConnectionFactory': Singleton bean creation not allowed while singletons of this factory are in destruction (Do not request a bean from a BeanFactory in a destroy method implementation!)
	at org.springframework.beans.factory.support.DefaultSingletonBeanRegistry.getSingleton(DefaultSingletonBeanRegistry.java:220)
	at org.springframework.beans.factory.support.AbstractBeanFactory.doGetBean(AbstractBeanFactory.java:333)
	at org.springframework.beans.factory.support.AbstractBeanFactory.getBean(AbstractBeanFactory.java:208)
	at org.springframework.beans.factory.support.DefaultListableBeanFactory$1.orderedStream(DefaultListableBeanFactory.java:481)
	at org.springframework.dao.support.PersistenceExceptionTranslationInterceptor.detectPersistenceExceptionTranslators(PersistenceExceptionTranslationInterceptor.java:167)
	at org.springframework.dao.support.PersistenceExceptionTranslationInterceptor.invoke(PersistenceExceptionTranslationInterceptor.java:149)
	at org.springframework.aop.framework.ReflectiveMethodInvocation.proceed(ReflectiveMethodInvocation.java:186)
	at org.springframework.aop.framework.CglibAopProxy$CglibMethodInvocation.proceed(CglibAopProxy.java:763)
	at org.springframework.aop.framework.CglibAopProxy$DynamicAdvisedInterceptor.intercept(CglibAopProxy.java:708)
	at org.example.infrastructure.persistent.repository.StrategyRepository$$EnhancerBySpringCGLIB$$86758cc.queryQueueValue(<generated>)
	at org.example.domain.strategy.service.raffle.DefaultRaffleStrategy.takeQueueValue(DefaultRaffleStrategy.java:72)
	at org.example.trigger.job.UpdateAwardStockJob.exec(UpdateAwardStockJob.java:23)
	at sun.reflect.NativeMethodAccessorImpl.invoke0(Native Method)
	at sun.reflect.NativeMethodAccessorImpl.invoke(NativeMethodAccessorImpl.java:62)
	at sun.reflect.DelegatingMethodAccessorImpl.invoke(DelegatingMethodAccessorImpl.java:43)
	at java.lang.reflect.Method.invoke(Method.java:498)
	at org.springframework.scheduling.support.ScheduledMethodRunnable.run(ScheduledMethodRunnable.java:84)
	at org.springframework.scheduling.support.DelegatingErrorHandlingRunnable.run(DelegatingErrorHandlingRunnable.java:54)
	at org.springframework.scheduling.concurrent.ReschedulingRunnable.run(ReschedulingRunnable.java:95)
	at java.util.concurrent.Executors$RunnableAdapter.call(Executors.java:511)
	at java.util.concurrent.FutureTask.run$$$capture(FutureTask.java:266)
	at java.util.concurrent.FutureTask.run(FutureTask.java)
	at java.util.concurrent.ScheduledThreadPoolExecutor$ScheduledFutureTask.access$201(ScheduledThreadPoolExecutor.java:180)
	at java.util.concurrent.ScheduledThreadPoolExecutor$ScheduledFutureTask.run(ScheduledThreadPoolExecutor.java:293)
	at java.util.concurrent.ThreadPoolExecutor.runWorker(ThreadPoolExecutor.java:1149)
	at java.util.concurrent.ThreadPoolExecutor$Worker.run(ThreadPoolExecutor.java:624)
	at java.lang.Thread.run(Thread.java:750)
25-07-14.16:25:01.882 [main            ] INFO  TestActivityService    - Starting TestActivityService using Java 1.8.0_452 on xingedeMacBook-Air.local with PID 73567 (started by xingeqi in /Users/xingeqi/Downloads/untitled1/untitled1-app)
25-07-14.16:25:01.882 [main            ] INFO  TestActivityService    - The following 1 profile is active: "dev"
25-07-14.16:25:02.331 [main            ] INFO  RepositoryConfigurationDelegate - Multiple Spring Data modules found, entering strict repository configuration mode
25-07-14.16:25:02.333 [main            ] INFO  RepositoryConfigurationDelegate - Bootstrapping Spring Data Redis repositories in DEFAULT mode.
25-07-14.16:25:02.355 [main            ] INFO  RepositoryConfigurationDelegate - Finished Spring Data repository scanning in 15 ms. Found 0 Redis repository interfaces.
25-07-14.16:25:03.143 [main            ] INFO  Version                - Redisson 3.24.3
25-07-14.16:25:03.157 [main            ] WARN  DnsServerAddressStreamProviders - Can not find io.netty.resolver.dns.macos.MacOSDnsServerAddressStreamProvider in the classpath, fallback to system defaults. This may result in incorrect DNS resolutions on MacOS. Check whether you have a dependency on 'io.netty:netty-resolver-dns-native-macos'
25-07-14.16:25:03.248 [redisson-netty-2-6] INFO  MasterPubSubConnectionPool - 1 connections initialized for 192.168.12.230/192.168.12.230:6399
25-07-14.16:25:03.290 [redisson-netty-2-13] INFO  MasterConnectionPool   - 5 connections initialized for 192.168.12.230/192.168.12.230:6399
25-07-14.16:25:04.136 [main            ] INFO  EndpointLinksResolver  - Exposing 1 endpoint(s) beneath base path '/actuator'
25-07-14.16:25:04.165 [main            ] INFO  TestActivityService    - Started TestActivityService in 2.452 seconds (JVM running for 2.845)
25-07-14.16:28:16.957 [main            ] INFO  TestActivityService    - Starting TestActivityService using Java 1.8.0_452 on xingedeMacBook-Air.local with PID 73837 (started by xingeqi in /Users/xingeqi/Downloads/untitled1/untitled1-app)
25-07-14.16:28:16.957 [main            ] INFO  TestActivityService    - The following 1 profile is active: "dev"
25-07-14.16:28:17.395 [main            ] INFO  RepositoryConfigurationDelegate - Multiple Spring Data modules found, entering strict repository configuration mode
25-07-14.16:28:17.397 [main            ] INFO  RepositoryConfigurationDelegate - Bootstrapping Spring Data Redis repositories in DEFAULT mode.
25-07-14.16:28:17.412 [main            ] INFO  RepositoryConfigurationDelegate - Finished Spring Data repository scanning in 8 ms. Found 0 Redis repository interfaces.
25-07-14.16:28:18.171 [main            ] INFO  Version                - Redisson 3.24.3
25-07-14.16:28:18.187 [main            ] WARN  DnsServerAddressStreamProviders - Can not find io.netty.resolver.dns.macos.MacOSDnsServerAddressStreamProvider in the classpath, fallback to system defaults. This may result in incorrect DNS resolutions on MacOS. Check whether you have a dependency on 'io.netty:netty-resolver-dns-native-macos'
25-07-14.16:28:18.274 [redisson-netty-2-6] INFO  MasterPubSubConnectionPool - 1 connections initialized for 192.168.12.230/192.168.12.230:6399
25-07-14.16:28:18.313 [redisson-netty-2-13] INFO  MasterConnectionPool   - 5 connections initialized for 192.168.12.230/192.168.12.230:6399
25-07-14.16:28:19.123 [main            ] INFO  EndpointLinksResolver  - Exposing 1 endpoint(s) beneath base path '/actuator'
25-07-14.16:28:19.154 [main            ] INFO  TestActivityService    - Started TestActivityService in 2.365 seconds (JVM running for 2.735)
25-07-14.16:29:27.640 [main            ] INFO  TestActivityService    - Starting TestActivityService using Java 1.8.0_452 on xingedeMacBook-Air.local with PID 73929 (started by xingeqi in /Users/xingeqi/Downloads/untitled1/untitled1-app)
25-07-14.16:29:27.640 [main            ] INFO  TestActivityService    - The following 1 profile is active: "dev"
25-07-14.16:29:28.115 [main            ] INFO  RepositoryConfigurationDelegate - Multiple Spring Data modules found, entering strict repository configuration mode
25-07-14.16:29:28.117 [main            ] INFO  RepositoryConfigurationDelegate - Bootstrapping Spring Data Redis repositories in DEFAULT mode.
25-07-14.16:29:28.133 [main            ] INFO  RepositoryConfigurationDelegate - Finished Spring Data repository scanning in 8 ms. Found 0 Redis repository interfaces.
25-07-14.16:29:28.907 [main            ] INFO  Version                - Redisson 3.24.3
25-07-14.16:29:28.919 [main            ] WARN  DnsServerAddressStreamProviders - Can not find io.netty.resolver.dns.macos.MacOSDnsServerAddressStreamProvider in the classpath, fallback to system defaults. This may result in incorrect DNS resolutions on MacOS. Check whether you have a dependency on 'io.netty:netty-resolver-dns-native-macos'
25-07-14.16:29:29.008 [redisson-netty-2-6] INFO  MasterPubSubConnectionPool - 1 connections initialized for 192.168.12.230/192.168.12.230:6399
25-07-14.16:29:29.049 [redisson-netty-2-13] INFO  MasterConnectionPool   - 5 connections initialized for 192.168.12.230/192.168.12.230:6399
25-07-14.16:29:29.887 [main            ] INFO  EndpointLinksResolver  - Exposing 1 endpoint(s) beneath base path '/actuator'
25-07-14.16:29:29.916 [main            ] INFO  TestActivityService    - Started TestActivityService in 2.453 seconds (JVM running for 2.865)
25-07-14.16:29:30.006 [scheduling-1    ] INFO  UpdateAwardStockJob    - 定时任务，更新奖品消耗库存【延迟队列获取，降低对数据库的更新频次，不要产生竞争】
25-07-14.16:30:50.349 [main            ] INFO  TestActivityService    - Starting TestActivityService using Java 1.8.0_452 on xingedeMacBook-Air.local with PID 74033 (started by xingeqi in /Users/xingeqi/Downloads/untitled1/untitled1-app)
25-07-14.16:30:50.349 [main            ] INFO  TestActivityService    - The following 1 profile is active: "dev"
25-07-14.16:30:50.784 [main            ] INFO  RepositoryConfigurationDelegate - Multiple Spring Data modules found, entering strict repository configuration mode
25-07-14.16:30:50.785 [main            ] INFO  RepositoryConfigurationDelegate - Bootstrapping Spring Data Redis repositories in DEFAULT mode.
25-07-14.16:30:50.800 [main            ] INFO  RepositoryConfigurationDelegate - Finished Spring Data repository scanning in 8 ms. Found 0 Redis repository interfaces.
25-07-14.16:30:51.549 [main            ] INFO  Version                - Redisson 3.24.3
25-07-14.16:30:51.560 [main            ] WARN  DnsServerAddressStreamProviders - Can not find io.netty.resolver.dns.macos.MacOSDnsServerAddressStreamProvider in the classpath, fallback to system defaults. This may result in incorrect DNS resolutions on MacOS. Check whether you have a dependency on 'io.netty:netty-resolver-dns-native-macos'
25-07-14.16:30:51.665 [redisson-netty-2-6] INFO  MasterPubSubConnectionPool - 1 connections initialized for 192.168.12.230/192.168.12.230:6399
25-07-14.16:30:51.708 [redisson-netty-2-13] INFO  MasterConnectionPool   - 5 connections initialized for 192.168.12.230/192.168.12.230:6399
25-07-14.16:30:52.559 [main            ] INFO  EndpointLinksResolver  - Exposing 1 endpoint(s) beneath base path '/actuator'
25-07-14.16:30:52.586 [main            ] INFO  TestActivityService    - Started TestActivityService in 2.411 seconds (JVM running for 2.825)
25-07-14.16:30:52.716 [main            ] INFO  HikariDataSource       - Retail_HikariCP - Starting...
25-07-14.16:30:52.951 [main            ] INFO  HikariDataSource       - Retail_HikariCP - Start completed.
25-07-14.16:30:53.115 [main            ] INFO  AbstractRaffleActivity - 查询结果：{"activityCountId":11101,"activityId":100301,"sku":9011,"stockCount":0,"stockCountSurplus":0} {"activityDesc":"测试活动","activityId":100301,"activityName":"测试活动","beginDateTime":1709979310000,"endDateTime":2025512110000,"state":"create","strategyId":100006} {"activityCountId":11101,"dayCount":1,"monthCount":1,"totalCount":1}
25-07-14.16:34:36.290 [main            ] INFO  TestActivityService    - Starting TestActivityService using Java 1.8.0_452 on xingedeMacBook-Air.local with PID 74322 (started by xingeqi in /Users/xingeqi/Downloads/untitled1/untitled1-app)
25-07-14.16:34:36.291 [main            ] INFO  TestActivityService    - The following 1 profile is active: "dev"
25-07-14.16:34:36.739 [main            ] INFO  RepositoryConfigurationDelegate - Multiple Spring Data modules found, entering strict repository configuration mode
25-07-14.16:34:36.741 [main            ] INFO  RepositoryConfigurationDelegate - Bootstrapping Spring Data Redis repositories in DEFAULT mode.
25-07-14.16:34:36.755 [main            ] INFO  RepositoryConfigurationDelegate - Finished Spring Data repository scanning in 9 ms. Found 0 Redis repository interfaces.
25-07-14.16:34:37.525 [main            ] INFO  Version                - Redisson 3.24.3
25-07-14.16:34:37.539 [main            ] WARN  DnsServerAddressStreamProviders - Can not find io.netty.resolver.dns.macos.MacOSDnsServerAddressStreamProvider in the classpath, fallback to system defaults. This may result in incorrect DNS resolutions on MacOS. Check whether you have a dependency on 'io.netty:netty-resolver-dns-native-macos'
25-07-14.16:34:37.657 [redisson-netty-2-6] INFO  MasterPubSubConnectionPool - 1 connections initialized for 192.168.12.230/192.168.12.230:6399
25-07-14.16:34:37.710 [redisson-netty-2-13] INFO  MasterConnectionPool   - 5 connections initialized for 192.168.12.230/192.168.12.230:6399
25-07-14.16:34:38.642 [main            ] INFO  EndpointLinksResolver  - Exposing 1 endpoint(s) beneath base path '/actuator'
25-07-14.16:34:38.672 [main            ] INFO  TestActivityService    - Started TestActivityService in 2.58 seconds (JVM running for 3.015)
25-07-14.16:34:38.800 [main            ] INFO  HikariDataSource       - Retail_HikariCP - Starting...
25-07-14.16:34:39.043 [main            ] INFO  HikariDataSource       - Retail_HikariCP - Start completed.
25-07-14.16:34:39.100 [main            ] INFO  ActivityBaseActionChain - 活动责任链-基础信息【有效期、状态】校验开始。
25-07-14.16:34:39.100 [main            ] INFO  ActivitySkuStockActionChain - 活动责任链-商品库存处理【校验&扣减】开始。
25-07-14.16:34:39.102 [main            ] INFO  HikariDataSource       - Retail_HikariCP - Starting...
25-07-14.16:34:39.184 [main            ] INFO  HikariDataSource       - Retail_HikariCP - Start completed.
25-07-14.16:36:02.246 [main            ] INFO  TestActivityService    - Starting TestActivityService using Java 1.8.0_452 on xingedeMacBook-Air.local with PID 74433 (started by xingeqi in /Users/xingeqi/Downloads/untitled1/untitled1-app)
25-07-14.16:36:02.246 [main            ] INFO  TestActivityService    - The following 1 profile is active: "dev"
25-07-14.16:36:02.742 [main            ] INFO  RepositoryConfigurationDelegate - Multiple Spring Data modules found, entering strict repository configuration mode
25-07-14.16:36:02.744 [main            ] INFO  RepositoryConfigurationDelegate - Bootstrapping Spring Data Redis repositories in DEFAULT mode.
25-07-14.16:36:02.760 [main            ] INFO  RepositoryConfigurationDelegate - Finished Spring Data repository scanning in 9 ms. Found 0 Redis repository interfaces.
25-07-14.16:36:03.525 [main            ] INFO  Version                - Redisson 3.24.3
25-07-14.16:36:03.542 [main            ] WARN  DnsServerAddressStreamProviders - Can not find io.netty.resolver.dns.macos.MacOSDnsServerAddressStreamProvider in the classpath, fallback to system defaults. This may result in incorrect DNS resolutions on MacOS. Check whether you have a dependency on 'io.netty:netty-resolver-dns-native-macos'
25-07-14.16:36:03.645 [redisson-netty-2-6] INFO  MasterPubSubConnectionPool - 1 connections initialized for 192.168.12.230/192.168.12.230:6399
25-07-14.16:36:03.686 [redisson-netty-2-13] INFO  MasterConnectionPool   - 5 connections initialized for 192.168.12.230/192.168.12.230:6399
25-07-14.16:36:04.543 [main            ] INFO  EndpointLinksResolver  - Exposing 1 endpoint(s) beneath base path '/actuator'
25-07-14.16:36:04.573 [main            ] INFO  TestActivityService    - Started TestActivityService in 2.516 seconds (JVM running for 3.013)
25-07-14.16:36:04.705 [main            ] INFO  HikariDataSource       - Retail_HikariCP - Starting...
25-07-14.16:36:04.952 [main            ] INFO  HikariDataSource       - Retail_HikariCP - Start completed.
25-07-14.16:36:05.001 [scheduling-1    ] INFO  UpdateAwardStockJob    - 定时任务，更新奖品消耗库存【延迟队列获取，降低对数据库的更新频次，不要产生竞争】
25-07-14.16:36:05.013 [main            ] INFO  ActivityBaseActionChain - 活动责任链-基础信息【有效期、状态】校验开始。
25-07-14.16:36:05.013 [main            ] INFO  ActivitySkuStockActionChain - 活动责任链-商品库存处理【校验&扣减】开始。
25-07-14.16:36:05.015 [main            ] INFO  HikariDataSource       - Retail_HikariCP - Starting...
25-07-14.16:36:05.094 [main            ] INFO  HikariDataSource       - Retail_HikariCP - Start completed.
25-07-14.16:37:01.559 [main            ] INFO  TestActivityService    - Starting TestActivityService using Java 1.8.0_452 on xingedeMacBook-Air.local with PID 74519 (started by xingeqi in /Users/xingeqi/Downloads/untitled1/untitled1-app)
25-07-14.16:37:01.559 [main            ] INFO  TestActivityService    - The following 1 profile is active: "dev"
25-07-14.16:37:02.011 [main            ] INFO  RepositoryConfigurationDelegate - Multiple Spring Data modules found, entering strict repository configuration mode
25-07-14.16:37:02.012 [main            ] INFO  RepositoryConfigurationDelegate - Bootstrapping Spring Data Redis repositories in DEFAULT mode.
25-07-14.16:37:02.027 [main            ] INFO  RepositoryConfigurationDelegate - Finished Spring Data repository scanning in 9 ms. Found 0 Redis repository interfaces.
25-07-14.16:37:02.816 [main            ] INFO  Version                - Redisson 3.24.3
25-07-14.16:37:02.829 [main            ] WARN  DnsServerAddressStreamProviders - Can not find io.netty.resolver.dns.macos.MacOSDnsServerAddressStreamProvider in the classpath, fallback to system defaults. This may result in incorrect DNS resolutions on MacOS. Check whether you have a dependency on 'io.netty:netty-resolver-dns-native-macos'
25-07-14.16:37:02.935 [redisson-netty-2-6] INFO  MasterPubSubConnectionPool - 1 connections initialized for 192.168.12.230/192.168.12.230:6399
25-07-14.16:37:02.980 [redisson-netty-2-13] INFO  MasterConnectionPool   - 5 connections initialized for 192.168.12.230/192.168.12.230:6399
25-07-14.16:37:03.843 [main            ] INFO  EndpointLinksResolver  - Exposing 1 endpoint(s) beneath base path '/actuator'
25-07-14.16:37:03.874 [main            ] INFO  TestActivityService    - Started TestActivityService in 2.487 seconds (JVM running for 2.853)
25-07-14.16:37:04.000 [main            ] INFO  HikariDataSource       - Retail_HikariCP - Starting...
25-07-14.16:37:04.251 [main            ] INFO  HikariDataSource       - Retail_HikariCP - Start completed.
25-07-14.16:37:04.393 [main            ] INFO  AbstractRaffleActivity - 查询结果：{"activityCountId":11101,"activityId":100301,"sku":9011,"stockCount":0,"stockCountSurplus":0} {"activityDesc":"测试活动","activityId":100301,"activityName":"测试活动","beginDateTime":1709979310000,"endDateTime":2025512110000,"state":"create","strategyId":100006} {"activityCountId":11101,"dayCount":1,"monthCount":1,"totalCount":1}
25-07-14.16:37:29.137 [main            ] INFO  TestActivityService    - Starting TestActivityService using Java 1.8.0_452 on xingedeMacBook-Air.local with PID 74562 (started by xingeqi in /Users/xingeqi/Downloads/untitled1/untitled1-app)
25-07-14.16:37:29.137 [main            ] INFO  TestActivityService    - The following 1 profile is active: "dev"
25-07-14.16:37:29.580 [main            ] INFO  RepositoryConfigurationDelegate - Multiple Spring Data modules found, entering strict repository configuration mode
25-07-14.16:37:29.581 [main            ] INFO  RepositoryConfigurationDelegate - Bootstrapping Spring Data Redis repositories in DEFAULT mode.
25-07-14.16:37:29.596 [main            ] INFO  RepositoryConfigurationDelegate - Finished Spring Data repository scanning in 9 ms. Found 0 Redis repository interfaces.
25-07-14.16:37:30.387 [main            ] INFO  Version                - Redisson 3.24.3
25-07-14.16:37:30.401 [main            ] WARN  DnsServerAddressStreamProviders - Can not find io.netty.resolver.dns.macos.MacOSDnsServerAddressStreamProvider in the classpath, fallback to system defaults. This may result in incorrect DNS resolutions on MacOS. Check whether you have a dependency on 'io.netty:netty-resolver-dns-native-macos'
25-07-14.16:37:30.522 [redisson-netty-2-6] INFO  MasterPubSubConnectionPool - 1 connections initialized for 192.168.12.230/192.168.12.230:6399
25-07-14.16:37:30.563 [redisson-netty-2-13] INFO  MasterConnectionPool   - 5 connections initialized for 192.168.12.230/192.168.12.230:6399
25-07-14.16:37:31.558 [main            ] INFO  EndpointLinksResolver  - Exposing 1 endpoint(s) beneath base path '/actuator'
25-07-14.16:37:31.592 [main            ] INFO  TestActivityService    - Started TestActivityService in 2.671 seconds (JVM running for 3.185)
25-07-14.16:37:31.732 [main            ] INFO  HikariDataSource       - Retail_HikariCP - Starting...
25-07-14.16:37:31.997 [main            ] INFO  HikariDataSource       - Retail_HikariCP - Start completed.
25-07-14.16:37:32.056 [main            ] INFO  ActivityBaseActionChain - 活动责任链-基础信息【有效期、状态】校验开始。
25-07-14.16:37:32.056 [main            ] INFO  ActivitySkuStockActionChain - 活动责任链-商品库存处理【校验&扣减】开始。
25-07-14.16:37:50.813 [scheduling-1    ] INFO  UpdateAwardStockJob    - 定时任务，更新奖品消耗库存【延迟队列获取，降低对数据库的更新频次，不要产生竞争】
25-07-14.16:37:50.813 [Retail_HikariCP housekeeper] WARN  HikariPool             - Retail_HikariCP - Thread starvation or clock leap detected (housekeeper delta=48s816ms).
25-07-14.16:37:55.406 [main            ] INFO  HikariDataSource       - Retail_HikariCP - Starting...
25-07-14.16:37:55.700 [main            ] INFO  HikariDataSource       - Retail_HikariCP - Start completed.
25-07-14.16:38:01.269 [scheduling-1    ] INFO  UpdateAwardStockJob    - 定时任务，更新奖品消耗库存【延迟队列获取，降低对数据库的更新频次，不要产生竞争】
25-07-14.16:38:15.316 [main            ] INFO  TestActivityService    - Starting TestActivityService using Java 1.8.0_452 on xingedeMacBook-Air.local with PID 74627 (started by xingeqi in /Users/xingeqi/Downloads/untitled1/untitled1-app)
25-07-14.16:38:15.316 [main            ] INFO  TestActivityService    - The following 1 profile is active: "dev"
25-07-14.16:38:15.747 [main            ] INFO  RepositoryConfigurationDelegate - Multiple Spring Data modules found, entering strict repository configuration mode
25-07-14.16:38:15.748 [main            ] INFO  RepositoryConfigurationDelegate - Bootstrapping Spring Data Redis repositories in DEFAULT mode.
25-07-14.16:38:15.765 [main            ] INFO  RepositoryConfigurationDelegate - Finished Spring Data repository scanning in 9 ms. Found 0 Redis repository interfaces.
25-07-14.16:38:16.559 [main            ] INFO  Version                - Redisson 3.24.3
25-07-14.16:38:16.569 [main            ] WARN  DnsServerAddressStreamProviders - Can not find io.netty.resolver.dns.macos.MacOSDnsServerAddressStreamProvider in the classpath, fallback to system defaults. This may result in incorrect DNS resolutions on MacOS. Check whether you have a dependency on 'io.netty:netty-resolver-dns-native-macos'
25-07-14.16:38:16.659 [redisson-netty-2-6] INFO  MasterPubSubConnectionPool - 1 connections initialized for 192.168.12.230/192.168.12.230:6399
25-07-14.16:38:16.702 [redisson-netty-2-13] INFO  MasterConnectionPool   - 5 connections initialized for 192.168.12.230/192.168.12.230:6399
25-07-14.16:38:17.524 [main            ] INFO  EndpointLinksResolver  - Exposing 1 endpoint(s) beneath base path '/actuator'
25-07-14.16:38:17.558 [main            ] INFO  TestActivityService    - Started TestActivityService in 2.413 seconds (JVM running for 2.798)
25-07-14.16:38:17.685 [main            ] INFO  HikariDataSource       - Retail_HikariCP - Starting...
25-07-14.16:38:17.902 [main            ] INFO  HikariDataSource       - Retail_HikariCP - Start completed.
25-07-14.16:38:17.961 [main            ] INFO  ActivityBaseActionChain - 活动责任链-基础信息【有效期、状态】校验开始。
25-07-14.16:38:17.961 [main            ] INFO  ActivitySkuStockActionChain - 活动责任链-商品库存处理【校验&扣减】开始。
25-07-14.16:38:17.963 [main            ] INFO  HikariDataSource       - Retail_HikariCP - Starting...
25-07-14.16:38:18.044 [main            ] INFO  HikariDataSource       - Retail_HikariCP - Start completed.
25-07-14.16:38:38.229 [main            ] INFO  TestActivityService    - Starting TestActivityService using Java 1.8.0_452 on xingedeMacBook-Air.local with PID 74657 (started by xingeqi in /Users/xingeqi/Downloads/untitled1/untitled1-app)
25-07-14.16:38:38.230 [main            ] INFO  TestActivityService    - The following 1 profile is active: "dev"
25-07-14.16:38:38.714 [main            ] INFO  RepositoryConfigurationDelegate - Multiple Spring Data modules found, entering strict repository configuration mode
25-07-14.16:38:38.715 [main            ] INFO  RepositoryConfigurationDelegate - Bootstrapping Spring Data Redis repositories in DEFAULT mode.
25-07-14.16:38:38.730 [main            ] INFO  RepositoryConfigurationDelegate - Finished Spring Data repository scanning in 9 ms. Found 0 Redis repository interfaces.
25-07-14.16:38:39.540 [main            ] INFO  Version                - Redisson 3.24.3
25-07-14.16:38:39.552 [main            ] WARN  DnsServerAddressStreamProviders - Can not find io.netty.resolver.dns.macos.MacOSDnsServerAddressStreamProvider in the classpath, fallback to system defaults. This may result in incorrect DNS resolutions on MacOS. Check whether you have a dependency on 'io.netty:netty-resolver-dns-native-macos'
25-07-14.16:38:39.646 [redisson-netty-2-6] INFO  MasterPubSubConnectionPool - 1 connections initialized for 192.168.12.230/192.168.12.230:6399
25-07-14.16:38:39.689 [redisson-netty-2-13] INFO  MasterConnectionPool   - 5 connections initialized for 192.168.12.230/192.168.12.230:6399
25-07-14.16:38:40.526 [main            ] INFO  EndpointLinksResolver  - Exposing 1 endpoint(s) beneath base path '/actuator'
25-07-14.16:38:40.558 [main            ] INFO  TestActivityService    - Started TestActivityService in 2.518 seconds (JVM running for 2.903)
25-07-14.16:38:40.684 [main            ] INFO  HikariDataSource       - Retail_HikariCP - Starting...
25-07-14.16:38:40.922 [main            ] INFO  HikariDataSource       - Retail_HikariCP - Start completed.
25-07-14.16:38:40.979 [main            ] INFO  ActivityBaseActionChain - 活动责任链-基础信息【有效期、状态】校验开始。
25-07-14.16:38:40.979 [main            ] INFO  ActivitySkuStockActionChain - 活动责任链-商品库存处理【校验&扣减】开始。
25-07-14.16:38:40.981 [main            ] INFO  HikariDataSource       - Retail_HikariCP - Starting...
25-07-14.16:38:41.059 [main            ] INFO  HikariDataSource       - Retail_HikariCP - Start completed.
25-07-14.16:39:19.557 [main            ] INFO  TestActivityService    - Starting TestActivityService using Java 1.8.0_452 on xingedeMacBook-Air.local with PID 74719 (started by xingeqi in /Users/xingeqi/Downloads/untitled1/untitled1-app)
25-07-14.16:39:19.558 [main            ] INFO  TestActivityService    - The following 1 profile is active: "dev"
25-07-14.16:39:20.007 [main            ] INFO  RepositoryConfigurationDelegate - Multiple Spring Data modules found, entering strict repository configuration mode
25-07-14.16:39:20.008 [main            ] INFO  RepositoryConfigurationDelegate - Bootstrapping Spring Data Redis repositories in DEFAULT mode.
25-07-14.16:39:20.025 [main            ] INFO  RepositoryConfigurationDelegate - Finished Spring Data repository scanning in 9 ms. Found 0 Redis repository interfaces.
25-07-14.16:39:20.767 [main            ] INFO  Version                - Redisson 3.24.3
25-07-14.16:39:20.780 [main            ] WARN  DnsServerAddressStreamProviders - Can not find io.netty.resolver.dns.macos.MacOSDnsServerAddressStreamProvider in the classpath, fallback to system defaults. This may result in incorrect DNS resolutions on MacOS. Check whether you have a dependency on 'io.netty:netty-resolver-dns-native-macos'
25-07-14.16:39:20.876 [redisson-netty-2-6] INFO  MasterPubSubConnectionPool - 1 connections initialized for 192.168.12.230/192.168.12.230:6399
25-07-14.16:39:20.916 [redisson-netty-2-13] INFO  MasterConnectionPool   - 5 connections initialized for 192.168.12.230/192.168.12.230:6399
25-07-14.16:39:21.764 [main            ] INFO  EndpointLinksResolver  - Exposing 1 endpoint(s) beneath base path '/actuator'
25-07-14.16:39:21.792 [main            ] INFO  TestActivityService    - Started TestActivityService in 2.412 seconds (JVM running for 2.788)
25-07-14.16:39:21.913 [main            ] INFO  HikariDataSource       - Retail_HikariCP - Starting...
25-07-14.16:39:22.159 [main            ] INFO  HikariDataSource       - Retail_HikariCP - Start completed.
25-07-14.16:39:22.213 [main            ] INFO  ActivityBaseActionChain - 活动责任链-基础信息【有效期、状态】校验开始。
25-07-14.16:39:22.213 [main            ] INFO  ActivitySkuStockActionChain - 活动责任链-商品库存处理【校验&扣减】开始。
25-07-14.16:39:22.215 [main            ] INFO  HikariDataSource       - Retail_HikariCP - Starting...
25-07-14.16:39:22.292 [main            ] INFO  HikariDataSource       - Retail_HikariCP - Start completed.
25-07-14.16:44:56.210 [main            ] INFO  TestActivityService    - Starting TestActivityService using Java 1.8.0_452 on xingedeMacBook-Air.local with PID 75133 (started by xingeqi in /Users/xingeqi/Downloads/untitled1/untitled1-app)
25-07-14.16:44:56.211 [main            ] INFO  TestActivityService    - The following 1 profile is active: "dev"
25-07-14.16:44:56.630 [main            ] INFO  RepositoryConfigurationDelegate - Multiple Spring Data modules found, entering strict repository configuration mode
25-07-14.16:44:56.632 [main            ] INFO  RepositoryConfigurationDelegate - Bootstrapping Spring Data Redis repositories in DEFAULT mode.
25-07-14.16:44:56.645 [main            ] INFO  RepositoryConfigurationDelegate - Finished Spring Data repository scanning in 8 ms. Found 0 Redis repository interfaces.
25-07-14.16:44:57.456 [main            ] INFO  Version                - Redisson 3.24.3
25-07-14.16:44:57.468 [main            ] WARN  DnsServerAddressStreamProviders - Can not find io.netty.resolver.dns.macos.MacOSDnsServerAddressStreamProvider in the classpath, fallback to system defaults. This may result in incorrect DNS resolutions on MacOS. Check whether you have a dependency on 'io.netty:netty-resolver-dns-native-macos'
25-07-14.16:44:57.565 [redisson-netty-2-6] INFO  MasterPubSubConnectionPool - 1 connections initialized for 192.168.12.230/192.168.12.230:6399
25-07-14.16:44:57.605 [redisson-netty-2-13] INFO  MasterConnectionPool   - 5 connections initialized for 192.168.12.230/192.168.12.230:6399
25-07-14.16:44:58.460 [main            ] INFO  EndpointLinksResolver  - Exposing 1 endpoint(s) beneath base path '/actuator'
25-07-14.16:44:58.493 [main            ] INFO  TestActivityService    - Started TestActivityService in 2.443 seconds (JVM running for 2.832)
25-07-14.16:44:58.629 [main            ] INFO  HikariDataSource       - Retail_HikariCP - Starting...
25-07-14.16:44:58.885 [main            ] INFO  HikariDataSource       - Retail_HikariCP - Start completed.
25-07-14.16:44:58.948 [main            ] INFO  ActivityBaseActionChain - 活动责任链-基础信息【有效期、状态】校验开始。
25-07-14.16:44:58.948 [main            ] INFO  ActivitySkuStockActionChain - 活动责任链-商品库存处理【校验&扣减】开始。
25-07-14.16:44:58.950 [main            ] INFO  HikariDataSource       - Retail_HikariCP - Starting...
25-07-14.16:44:59.030 [main            ] INFO  HikariDataSource       - Retail_HikariCP - Start completed.
25-07-14.16:45:58.893 [main            ] INFO  TestActivityService    - Starting TestActivityService using Java 1.8.0_452 on xingedeMacBook-Air.local with PID 75216 (started by xingeqi in /Users/xingeqi/Downloads/untitled1/untitled1-app)
25-07-14.16:45:58.893 [main            ] INFO  TestActivityService    - The following 1 profile is active: "dev"
25-07-14.16:45:59.334 [main            ] INFO  RepositoryConfigurationDelegate - Multiple Spring Data modules found, entering strict repository configuration mode
25-07-14.16:45:59.335 [main            ] INFO  RepositoryConfigurationDelegate - Bootstrapping Spring Data Redis repositories in DEFAULT mode.
25-07-14.16:45:59.351 [main            ] INFO  RepositoryConfigurationDelegate - Finished Spring Data repository scanning in 9 ms. Found 0 Redis repository interfaces.
25-07-14.16:46:00.134 [main            ] INFO  Version                - Redisson 3.24.3
25-07-14.16:46:00.147 [main            ] WARN  DnsServerAddressStreamProviders - Can not find io.netty.resolver.dns.macos.MacOSDnsServerAddressStreamProvider in the classpath, fallback to system defaults. This may result in incorrect DNS resolutions on MacOS. Check whether you have a dependency on 'io.netty:netty-resolver-dns-native-macos'
25-07-14.16:46:00.240 [redisson-netty-2-6] INFO  MasterPubSubConnectionPool - 1 connections initialized for 192.168.12.230/192.168.12.230:6399
25-07-14.16:46:00.281 [redisson-netty-2-13] INFO  MasterConnectionPool   - 5 connections initialized for 192.168.12.230/192.168.12.230:6399
25-07-14.16:46:01.199 [main            ] INFO  EndpointLinksResolver  - Exposing 1 endpoint(s) beneath base path '/actuator'
25-07-14.16:46:01.234 [main            ] INFO  TestActivityService    - Started TestActivityService in 2.527 seconds (JVM running for 2.991)
25-07-14.16:46:01.383 [main            ] INFO  HikariDataSource       - Retail_HikariCP - Starting...
25-07-14.16:46:01.678 [main            ] INFO  HikariDataSource       - Retail_HikariCP - Start completed.
25-07-14.16:46:01.731 [main            ] INFO  ActivityBaseActionChain - 活动责任链-基础信息【有效期、状态】校验开始。
25-07-14.16:46:01.731 [main            ] INFO  ActivitySkuStockActionChain - 活动责任链-商品库存处理【校验&扣减】开始。
25-07-14.16:46:01.733 [main            ] INFO  HikariDataSource       - Retail_HikariCP - Starting...
25-07-14.16:46:01.813 [main            ] INFO  HikariDataSource       - Retail_HikariCP - Start completed.
25-07-14.16:46:01.870 [main            ] ERROR ActivityRepository     - 写入订单记录，唯一索引冲突 userId: user001 activityId: 100301 sku: 9011
org.springframework.dao.DuplicateKeyException: 
### Error updating database.  Cause: java.sql.SQLIntegrityConstraintViolationException: Duplicate entry '1213' for key 'raffle_activity_order_000.uq_out_business_no'
### The error may exist in file [/Users/xingeqi/Downloads/untitled1/untitled1-app/target/classes/mybatis/mapper/raffle_activity_order_mapper.xml]
### The error may involve org.example.infrastructure.persistent.dao.IRaffleActivityOrderDao.insert-Inline
### The error occurred while setting parameters
### SQL: insert into raffle_activity_order_000(user_id, sku, activity_id, activity_name, strategy_id, order_id, order_time, total_count, day_count, month_count, state, out_business_no, create_time, update_time)         values(?, ?, ?, ?, ?, ?, ?, ?, ?, ?, ?, ?, now(), now())
### Cause: java.sql.SQLIntegrityConstraintViolationException: Duplicate entry '1213' for key 'raffle_activity_order_000.uq_out_business_no'
; Duplicate entry '1213' for key 'raffle_activity_order_000.uq_out_business_no'; nested exception is java.sql.SQLIntegrityConstraintViolationException: Duplicate entry '1213' for key 'raffle_activity_order_000.uq_out_business_no'
	at org.springframework.jdbc.support.SQLErrorCodeSQLExceptionTranslator.doTranslate(SQLErrorCodeSQLExceptionTranslator.java:247)
	at org.springframework.jdbc.support.AbstractFallbackSQLExceptionTranslator.translate(AbstractFallbackSQLExceptionTranslator.java:70)
	at org.mybatis.spring.MyBatisExceptionTranslator.translateExceptionIfPossible(MyBatisExceptionTranslator.java:91)
	at org.mybatis.spring.SqlSessionTemplate$SqlSessionInterceptor.invoke(SqlSessionTemplate.java:441)
	at com.sun.proxy.$Proxy106.insert(Unknown Source)
	at org.mybatis.spring.SqlSessionTemplate.insert(SqlSessionTemplate.java:272)
	at org.apache.ibatis.binding.MapperMethod.execute(MapperMethod.java:62)
	at org.apache.ibatis.binding.MapperProxy$PlainMethodInvoker.invoke(MapperProxy.java:152)
	at org.apache.ibatis.binding.MapperProxy.invoke(MapperProxy.java:85)
	at com.sun.proxy.$Proxy122.insert(Unknown Source)
	at sun.reflect.NativeMethodAccessorImpl.invoke0(Native Method)
	at sun.reflect.NativeMethodAccessorImpl.invoke(NativeMethodAccessorImpl.java:62)
	at sun.reflect.DelegatingMethodAccessorImpl.invoke(DelegatingMethodAccessorImpl.java:43)
	at java.lang.reflect.Method.invoke(Method.java:498)
	at org.springframework.aop.support.AopUtils.invokeJoinpointUsingReflection(AopUtils.java:344)
	at org.springframework.aop.framework.ReflectiveMethodInvocation.invokeJoinpoint(ReflectiveMethodInvocation.java:198)
	at org.springframework.aop.framework.ReflectiveMethodInvocation.proceed(ReflectiveMethodInvocation.java:163)
	at org.springframework.aop.aspectj.MethodInvocationProceedingJoinPoint.proceed(MethodInvocationProceedingJoinPoint.java:89)
	at cn.bugstack.middleware.db.router.DBRouterJoinPoint.doRouter(DBRouterJoinPoint.java:65)
	at sun.reflect.NativeMethodAccessorImpl.invoke0(Native Method)
	at sun.reflect.NativeMethodAccessorImpl.invoke(NativeMethodAccessorImpl.java:62)
	at sun.reflect.DelegatingMethodAccessorImpl.invoke(DelegatingMethodAccessorImpl.java:43)
	at java.lang.reflect.Method.invoke(Method.java:498)
	at org.springframework.aop.aspectj.AbstractAspectJAdvice.invokeAdviceMethodWithGivenArgs(AbstractAspectJAdvice.java:634)
	at org.springframework.aop.aspectj.AbstractAspectJAdvice.invokeAdviceMethod(AbstractAspectJAdvice.java:624)
	at org.springframework.aop.aspectj.AspectJAroundAdvice.invoke(AspectJAroundAdvice.java:72)
	at org.springframework.aop.framework.ReflectiveMethodInvocation.proceed(ReflectiveMethodInvocation.java:175)
	at org.springframework.aop.interceptor.ExposeInvocationInterceptor.invoke(ExposeInvocationInterceptor.java:97)
	at org.springframework.aop.framework.ReflectiveMethodInvocation.proceed(ReflectiveMethodInvocation.java:186)
	at org.springframework.aop.framework.JdkDynamicAopProxy.invoke(JdkDynamicAopProxy.java:220)
	at com.sun.proxy.$Proxy123.insert(Unknown Source)
	at org.example.infrastructure.persistent.repository.ActivityRepository.lambda$doSaveOrder$0(ActivityRepository.java:137)
	at org.springframework.transaction.support.TransactionTemplate.execute(TransactionTemplate.java:140)
	at org.example.infrastructure.persistent.repository.ActivityRepository.doSaveOrder(ActivityRepository.java:134)
	at org.example.infrastructure.persistent.repository.ActivityRepository$$FastClassBySpringCGLIB$$5fd30843.invoke(<generated>)
	at org.springframework.cglib.proxy.MethodProxy.invoke(MethodProxy.java:218)
	at org.springframework.aop.framework.CglibAopProxy$CglibMethodInvocation.invokeJoinpoint(CglibAopProxy.java:793)
	at org.springframework.aop.framework.ReflectiveMethodInvocation.proceed(ReflectiveMethodInvocation.java:163)
	at org.springframework.aop.framework.CglibAopProxy$CglibMethodInvocation.proceed(CglibAopProxy.java:763)
	at org.springframework.dao.support.PersistenceExceptionTranslationInterceptor.invoke(PersistenceExceptionTranslationInterceptor.java:137)
	at org.springframework.aop.framework.ReflectiveMethodInvocation.proceed(ReflectiveMethodInvocation.java:186)
	at org.springframework.aop.framework.CglibAopProxy$CglibMethodInvocation.proceed(CglibAopProxy.java:763)
	at org.springframework.aop.framework.CglibAopProxy$DynamicAdvisedInterceptor.intercept(CglibAopProxy.java:708)
	at org.example.infrastructure.persistent.repository.ActivityRepository$$EnhancerBySpringCGLIB$$a54b1231.doSaveOrder(<generated>)
	at org.example.domain.activity.service.RaffleActivityService.doSaveOrder(RaffleActivityService.java:21)
	at org.example.domain.activity.service.AbstractRaffleActivity.createSkuRechargeOrder(AbstractRaffleActivity.java:61)
	at org.example.test.domain.service.activity.TestActivityService.test2(TestActivityService.java:37)
	at sun.reflect.NativeMethodAccessorImpl.invoke0(Native Method)
	at sun.reflect.NativeMethodAccessorImpl.invoke(NativeMethodAccessorImpl.java:62)
	at sun.reflect.DelegatingMethodAccessorImpl.invoke(DelegatingMethodAccessorImpl.java:43)
	at java.lang.reflect.Method.invoke(Method.java:498)
	at org.junit.runners.model.FrameworkMethod$1.runReflectiveCall(FrameworkMethod.java:59)
	at org.junit.internal.runners.model.ReflectiveCallable.run(ReflectiveCallable.java:12)
	at org.junit.runners.model.FrameworkMethod.invokeExplosively(FrameworkMethod.java:56)
	at org.junit.internal.runners.statements.InvokeMethod.evaluate(InvokeMethod.java:17)
	at org.springframework.test.context.junit4.statements.RunBeforeTestExecutionCallbacks.evaluate(RunBeforeTestExecutionCallbacks.java:74)
	at org.springframework.test.context.junit4.statements.RunAfterTestExecutionCallbacks.evaluate(RunAfterTestExecutionCallbacks.java:84)
	at org.springframework.test.context.junit4.statements.RunBeforeTestMethodCallbacks.evaluate(RunBeforeTestMethodCallbacks.java:75)
	at org.springframework.test.context.junit4.statements.RunAfterTestMethodCallbacks.evaluate(RunAfterTestMethodCallbacks.java:86)
	at org.springframework.test.context.junit4.statements.SpringRepeat.evaluate(SpringRepeat.java:84)
	at org.junit.runners.ParentRunner.runLeaf(ParentRunner.java:366)
	at org.springframework.test.context.junit4.SpringJUnit4ClassRunner.runChild(SpringJUnit4ClassRunner.java:251)
	at org.springframework.test.context.junit4.SpringJUnit4ClassRunner.runChild(SpringJUnit4ClassRunner.java:97)
	at org.junit.runners.ParentRunner$4.run(ParentRunner.java:331)
	at org.junit.runners.ParentRunner$1.schedule(ParentRunner.java:79)
	at org.junit.runners.ParentRunner.runChildren(ParentRunner.java:329)
	at org.junit.runners.ParentRunner.access$100(ParentRunner.java:66)
	at org.junit.runners.ParentRunner$2.evaluate(ParentRunner.java:293)
	at org.springframework.test.context.junit4.statements.RunBeforeTestClassCallbacks.evaluate(RunBeforeTestClassCallbacks.java:61)
	at org.springframework.test.context.junit4.statements.RunAfterTestClassCallbacks.evaluate(RunAfterTestClassCallbacks.java:70)
	at org.junit.runners.ParentRunner$3.evaluate(ParentRunner.java:306)
	at org.junit.runners.ParentRunner.run(ParentRunner.java:413)
	at org.springframework.test.context.junit4.SpringJUnit4ClassRunner.run(SpringJUnit4ClassRunner.java:190)
	at org.junit.runner.JUnitCore.run(JUnitCore.java:137)
	at com.intellij.junit4.JUnit4IdeaTestRunner.startRunnerWithArgs(JUnit4IdeaTestRunner.java:69)
	at com.intellij.rt.junit.IdeaTestRunner$Repeater$1.execute(IdeaTestRunner.java:38)
	at com.intellij.rt.execution.junit.TestsRepeater.repeat(TestsRepeater.java:11)
	at com.intellij.rt.junit.IdeaTestRunner$Repeater.startRunnerWithArgs(IdeaTestRunner.java:35)
	at com.intellij.rt.junit.JUnitStarter.prepareStreamsAndStart(JUnitStarter.java:232)
	at com.intellij.rt.junit.JUnitStarter.main(JUnitStarter.java:55)
Caused by: java.sql.SQLIntegrityConstraintViolationException: Duplicate entry '1213' for key 'raffle_activity_order_000.uq_out_business_no'
	at com.mysql.cj.jdbc.exceptions.SQLError.createSQLException(SQLError.java:117)
	at com.mysql.cj.jdbc.exceptions.SQLError.createSQLException(SQLError.java:97)
	at com.mysql.cj.jdbc.exceptions.SQLExceptionsMapping.translateException(SQLExceptionsMapping.java:122)
	at com.mysql.cj.jdbc.ClientPreparedStatement.executeInternal(ClientPreparedStatement.java:953)
	at com.mysql.cj.jdbc.ClientPreparedStatement.execute(ClientPreparedStatement.java:370)
	at com.zaxxer.hikari.pool.ProxyPreparedStatement.execute(ProxyPreparedStatement.java:44)
	at com.zaxxer.hikari.pool.HikariProxyPreparedStatement.execute(HikariProxyPreparedStatement.java)
	at org.apache.ibatis.executor.statement.PreparedStatementHandler.update(PreparedStatementHandler.java:47)
	at org.apache.ibatis.executor.statement.RoutingStatementHandler.update(RoutingStatementHandler.java:74)
	at sun.reflect.NativeMethodAccessorImpl.invoke0(Native Method)
	at sun.reflect.NativeMethodAccessorImpl.invoke(NativeMethodAccessorImpl.java:62)
	at sun.reflect.DelegatingMethodAccessorImpl.invoke(DelegatingMethodAccessorImpl.java:43)
	at java.lang.reflect.Method.invoke(Method.java:498)
	at org.apache.ibatis.plugin.Plugin.invoke(Plugin.java:63)
	at com.sun.proxy.$Proxy186.update(Unknown Source)
	at org.apache.ibatis.executor.SimpleExecutor.doUpdate(SimpleExecutor.java:50)
	at org.apache.ibatis.executor.BaseExecutor.update(BaseExecutor.java:117)
	at org.apache.ibatis.executor.CachingExecutor.update(CachingExecutor.java:76)
	at org.apache.ibatis.session.defaults.DefaultSqlSession.update(DefaultSqlSession.java:197)
	at org.apache.ibatis.session.defaults.DefaultSqlSession.insert(DefaultSqlSession.java:184)
	at sun.reflect.NativeMethodAccessorImpl.invoke0(Native Method)
	at sun.reflect.NativeMethodAccessorImpl.invoke(NativeMethodAccessorImpl.java:62)
	at sun.reflect.DelegatingMethodAccessorImpl.invoke(DelegatingMethodAccessorImpl.java:43)
	at java.lang.reflect.Method.invoke(Method.java:498)
	at org.mybatis.spring.SqlSessionTemplate$SqlSessionInterceptor.invoke(SqlSessionTemplate.java:427)
	... 76 common frames omitted
25-07-14.16:46:39.306 [main            ] INFO  TestActivityService    - Starting TestActivityService using Java 1.8.0_452 on xingedeMacBook-Air.local with PID 75279 (started by xingeqi in /Users/xingeqi/Downloads/untitled1/untitled1-app)
25-07-14.16:46:39.307 [main            ] INFO  TestActivityService    - The following 1 profile is active: "dev"
25-07-14.16:46:39.741 [main            ] INFO  RepositoryConfigurationDelegate - Multiple Spring Data modules found, entering strict repository configuration mode
25-07-14.16:46:39.742 [main            ] INFO  RepositoryConfigurationDelegate - Bootstrapping Spring Data Redis repositories in DEFAULT mode.
25-07-14.16:46:39.756 [main            ] INFO  RepositoryConfigurationDelegate - Finished Spring Data repository scanning in 8 ms. Found 0 Redis repository interfaces.
25-07-14.16:46:40.518 [main            ] INFO  Version                - Redisson 3.24.3
25-07-14.16:46:40.535 [main            ] WARN  DnsServerAddressStreamProviders - Can not find io.netty.resolver.dns.macos.MacOSDnsServerAddressStreamProvider in the classpath, fallback to system defaults. This may result in incorrect DNS resolutions on MacOS. Check whether you have a dependency on 'io.netty:netty-resolver-dns-native-macos'
25-07-14.16:46:40.629 [redisson-netty-2-6] INFO  MasterPubSubConnectionPool - 1 connections initialized for 192.168.12.230/192.168.12.230:6399
25-07-14.16:46:40.669 [redisson-netty-2-13] INFO  MasterConnectionPool   - 5 connections initialized for 192.168.12.230/192.168.12.230:6399
25-07-14.16:46:41.529 [main            ] INFO  EndpointLinksResolver  - Exposing 1 endpoint(s) beneath base path '/actuator'
25-07-14.16:46:41.559 [main            ] INFO  TestActivityService    - Started TestActivityService in 2.443 seconds (JVM running for 2.828)
25-07-14.16:46:41.692 [main            ] INFO  HikariDataSource       - Retail_HikariCP - Starting...
25-07-14.16:46:41.940 [main            ] INFO  HikariDataSource       - Retail_HikariCP - Start completed.
25-07-14.16:46:41.996 [main            ] INFO  ActivityBaseActionChain - 活动责任链-基础信息【有效期、状态】校验开始。
25-07-14.16:46:41.997 [main            ] INFO  ActivitySkuStockActionChain - 活动责任链-商品库存处理【校验&扣减】开始。
25-07-14.16:46:42.001 [main            ] INFO  HikariDataSource       - Retail_HikariCP - Starting...
25-07-14.16:46:42.082 [main            ] INFO  HikariDataSource       - Retail_HikariCP - Start completed.
25-07-14.16:49:55.439 [main            ] INFO  TestActivityService    - Starting TestActivityService using Java 1.8.0_452 on xingedeMacBook-Air.local with PID 75532 (started by xingeqi in /Users/xingeqi/Downloads/untitled1/untitled1-app)
25-07-14.16:49:55.439 [main            ] INFO  TestActivityService    - The following 1 profile is active: "dev"
25-07-14.16:49:55.883 [main            ] INFO  RepositoryConfigurationDelegate - Multiple Spring Data modules found, entering strict repository configuration mode
25-07-14.16:49:55.884 [main            ] INFO  RepositoryConfigurationDelegate - Bootstrapping Spring Data Redis repositories in DEFAULT mode.
25-07-14.16:49:55.899 [main            ] INFO  RepositoryConfigurationDelegate - Finished Spring Data repository scanning in 9 ms. Found 0 Redis repository interfaces.
25-07-14.16:49:56.666 [main            ] INFO  Version                - Redisson 3.24.3
25-07-14.16:49:56.678 [main            ] WARN  DnsServerAddressStreamProviders - Can not find io.netty.resolver.dns.macos.MacOSDnsServerAddressStreamProvider in the classpath, fallback to system defaults. This may result in incorrect DNS resolutions on MacOS. Check whether you have a dependency on 'io.netty:netty-resolver-dns-native-macos'
25-07-14.16:49:56.774 [redisson-netty-2-6] INFO  MasterPubSubConnectionPool - 1 connections initialized for 192.168.12.230/192.168.12.230:6399
25-07-14.16:49:56.819 [redisson-netty-2-13] INFO  MasterConnectionPool   - 5 connections initialized for 192.168.12.230/192.168.12.230:6399
25-07-14.16:49:57.731 [main            ] INFO  EndpointLinksResolver  - Exposing 1 endpoint(s) beneath base path '/actuator'
25-07-14.16:49:57.765 [main            ] INFO  TestActivityService    - Started TestActivityService in 2.518 seconds (JVM running for 2.999)
25-07-14.16:49:57.911 [main            ] INFO  HikariDataSource       - Retail_HikariCP - Starting...
25-07-14.16:49:58.179 [main            ] INFO  HikariDataSource       - Retail_HikariCP - Start completed.
25-07-14.16:49:58.238 [main            ] INFO  ActivityBaseActionChain - 活动责任链-基础信息【有效期、状态】校验开始。
25-07-14.16:49:58.238 [main            ] INFO  ActivitySkuStockActionChain - 活动责任链-商品库存处理【校验&扣减】开始。
25-07-14.16:49:58.240 [main            ] INFO  HikariDataSource       - Retail_HikariCP - Starting...
25-07-14.16:49:58.319 [main            ] INFO  HikariDataSource       - Retail_HikariCP - Start completed.
25-07-14.16:49:58.369 [main            ] ERROR ActivityRepository     - 写入订单记录，唯一索引冲突 userId: user001 activityId: 100301 sku: 9011
org.springframework.dao.DuplicateKeyException: 
### Error updating database.  Cause: java.sql.SQLIntegrityConstraintViolationException: Duplicate entry '12113' for key 'raffle_activity_order_000.uq_out_business_no'
### The error may exist in file [/Users/xingeqi/Downloads/untitled1/untitled1-app/target/classes/mybatis/mapper/raffle_activity_order_mapper.xml]
### The error may involve org.example.infrastructure.persistent.dao.IRaffleActivityOrderDao.insert-Inline
### The error occurred while setting parameters
### SQL: insert into raffle_activity_order_000(user_id, sku, activity_id, activity_name, strategy_id, order_id, order_time, total_count, day_count, month_count, state, out_business_no, create_time, update_time)         values(?, ?, ?, ?, ?, ?, ?, ?, ?, ?, ?, ?, now(), now())
### Cause: java.sql.SQLIntegrityConstraintViolationException: Duplicate entry '12113' for key 'raffle_activity_order_000.uq_out_business_no'
; Duplicate entry '12113' for key 'raffle_activity_order_000.uq_out_business_no'; nested exception is java.sql.SQLIntegrityConstraintViolationException: Duplicate entry '12113' for key 'raffle_activity_order_000.uq_out_business_no'
	at org.springframework.jdbc.support.SQLErrorCodeSQLExceptionTranslator.doTranslate(SQLErrorCodeSQLExceptionTranslator.java:247)
	at org.springframework.jdbc.support.AbstractFallbackSQLExceptionTranslator.translate(AbstractFallbackSQLExceptionTranslator.java:70)
	at org.mybatis.spring.MyBatisExceptionTranslator.translateExceptionIfPossible(MyBatisExceptionTranslator.java:91)
	at org.mybatis.spring.SqlSessionTemplate$SqlSessionInterceptor.invoke(SqlSessionTemplate.java:441)
	at com.sun.proxy.$Proxy106.insert(Unknown Source)
	at org.mybatis.spring.SqlSessionTemplate.insert(SqlSessionTemplate.java:272)
	at org.apache.ibatis.binding.MapperMethod.execute(MapperMethod.java:62)
	at org.apache.ibatis.binding.MapperProxy$PlainMethodInvoker.invoke(MapperProxy.java:152)
	at org.apache.ibatis.binding.MapperProxy.invoke(MapperProxy.java:85)
	at com.sun.proxy.$Proxy122.insert(Unknown Source)
	at sun.reflect.NativeMethodAccessorImpl.invoke0(Native Method)
	at sun.reflect.NativeMethodAccessorImpl.invoke(NativeMethodAccessorImpl.java:62)
	at sun.reflect.DelegatingMethodAccessorImpl.invoke(DelegatingMethodAccessorImpl.java:43)
	at java.lang.reflect.Method.invoke(Method.java:498)
	at org.springframework.aop.support.AopUtils.invokeJoinpointUsingReflection(AopUtils.java:344)
	at org.springframework.aop.framework.ReflectiveMethodInvocation.invokeJoinpoint(ReflectiveMethodInvocation.java:198)
	at org.springframework.aop.framework.ReflectiveMethodInvocation.proceed(ReflectiveMethodInvocation.java:163)
	at org.springframework.aop.aspectj.MethodInvocationProceedingJoinPoint.proceed(MethodInvocationProceedingJoinPoint.java:89)
	at cn.bugstack.middleware.db.router.DBRouterJoinPoint.doRouter(DBRouterJoinPoint.java:65)
	at sun.reflect.NativeMethodAccessorImpl.invoke0(Native Method)
	at sun.reflect.NativeMethodAccessorImpl.invoke(NativeMethodAccessorImpl.java:62)
	at sun.reflect.DelegatingMethodAccessorImpl.invoke(DelegatingMethodAccessorImpl.java:43)
	at java.lang.reflect.Method.invoke(Method.java:498)
	at org.springframework.aop.aspectj.AbstractAspectJAdvice.invokeAdviceMethodWithGivenArgs(AbstractAspectJAdvice.java:634)
	at org.springframework.aop.aspectj.AbstractAspectJAdvice.invokeAdviceMethod(AbstractAspectJAdvice.java:624)
	at org.springframework.aop.aspectj.AspectJAroundAdvice.invoke(AspectJAroundAdvice.java:72)
	at org.springframework.aop.framework.ReflectiveMethodInvocation.proceed(ReflectiveMethodInvocation.java:175)
	at org.springframework.aop.interceptor.ExposeInvocationInterceptor.invoke(ExposeInvocationInterceptor.java:97)
	at org.springframework.aop.framework.ReflectiveMethodInvocation.proceed(ReflectiveMethodInvocation.java:186)
	at org.springframework.aop.framework.JdkDynamicAopProxy.invoke(JdkDynamicAopProxy.java:220)
	at com.sun.proxy.$Proxy123.insert(Unknown Source)
	at org.example.infrastructure.persistent.repository.ActivityRepository.lambda$doSaveOrder$0(ActivityRepository.java:137)
	at org.springframework.transaction.support.TransactionTemplate.execute(TransactionTemplate.java:140)
	at org.example.infrastructure.persistent.repository.ActivityRepository.doSaveOrder(ActivityRepository.java:134)
	at org.example.infrastructure.persistent.repository.ActivityRepository$$FastClassBySpringCGLIB$$5fd30843.invoke(<generated>)
	at org.springframework.cglib.proxy.MethodProxy.invoke(MethodProxy.java:218)
	at org.springframework.aop.framework.CglibAopProxy$CglibMethodInvocation.invokeJoinpoint(CglibAopProxy.java:793)
	at org.springframework.aop.framework.ReflectiveMethodInvocation.proceed(ReflectiveMethodInvocation.java:163)
	at org.springframework.aop.framework.CglibAopProxy$CglibMethodInvocation.proceed(CglibAopProxy.java:763)
	at org.springframework.dao.support.PersistenceExceptionTranslationInterceptor.invoke(PersistenceExceptionTranslationInterceptor.java:137)
	at org.springframework.aop.framework.ReflectiveMethodInvocation.proceed(ReflectiveMethodInvocation.java:186)
	at org.springframework.aop.framework.CglibAopProxy$CglibMethodInvocation.proceed(CglibAopProxy.java:763)
	at org.springframework.aop.framework.CglibAopProxy$DynamicAdvisedInterceptor.intercept(CglibAopProxy.java:708)
	at org.example.infrastructure.persistent.repository.ActivityRepository$$EnhancerBySpringCGLIB$$a54b1231.doSaveOrder(<generated>)
	at org.example.domain.activity.service.RaffleActivityService.doSaveOrder(RaffleActivityService.java:21)
	at org.example.domain.activity.service.AbstractRaffleActivity.createSkuRechargeOrder(AbstractRaffleActivity.java:61)
	at org.example.test.domain.service.activity.TestActivityService.test2(TestActivityService.java:37)
	at sun.reflect.NativeMethodAccessorImpl.invoke0(Native Method)
	at sun.reflect.NativeMethodAccessorImpl.invoke(NativeMethodAccessorImpl.java:62)
	at sun.reflect.DelegatingMethodAccessorImpl.invoke(DelegatingMethodAccessorImpl.java:43)
	at java.lang.reflect.Method.invoke(Method.java:498)
	at org.junit.runners.model.FrameworkMethod$1.runReflectiveCall(FrameworkMethod.java:59)
	at org.junit.internal.runners.model.ReflectiveCallable.run(ReflectiveCallable.java:12)
	at org.junit.runners.model.FrameworkMethod.invokeExplosively(FrameworkMethod.java:56)
	at org.junit.internal.runners.statements.InvokeMethod.evaluate(InvokeMethod.java:17)
	at org.springframework.test.context.junit4.statements.RunBeforeTestExecutionCallbacks.evaluate(RunBeforeTestExecutionCallbacks.java:74)
	at org.springframework.test.context.junit4.statements.RunAfterTestExecutionCallbacks.evaluate(RunAfterTestExecutionCallbacks.java:84)
	at org.springframework.test.context.junit4.statements.RunBeforeTestMethodCallbacks.evaluate(RunBeforeTestMethodCallbacks.java:75)
	at org.springframework.test.context.junit4.statements.RunAfterTestMethodCallbacks.evaluate(RunAfterTestMethodCallbacks.java:86)
	at org.springframework.test.context.junit4.statements.SpringRepeat.evaluate(SpringRepeat.java:84)
	at org.junit.runners.ParentRunner.runLeaf(ParentRunner.java:366)
	at org.springframework.test.context.junit4.SpringJUnit4ClassRunner.runChild(SpringJUnit4ClassRunner.java:251)
	at org.springframework.test.context.junit4.SpringJUnit4ClassRunner.runChild(SpringJUnit4ClassRunner.java:97)
	at org.junit.runners.ParentRunner$4.run(ParentRunner.java:331)
	at org.junit.runners.ParentRunner$1.schedule(ParentRunner.java:79)
	at org.junit.runners.ParentRunner.runChildren(ParentRunner.java:329)
	at org.junit.runners.ParentRunner.access$100(ParentRunner.java:66)
	at org.junit.runners.ParentRunner$2.evaluate(ParentRunner.java:293)
	at org.springframework.test.context.junit4.statements.RunBeforeTestClassCallbacks.evaluate(RunBeforeTestClassCallbacks.java:61)
	at org.springframework.test.context.junit4.statements.RunAfterTestClassCallbacks.evaluate(RunAfterTestClassCallbacks.java:70)
	at org.junit.runners.ParentRunner$3.evaluate(ParentRunner.java:306)
	at org.junit.runners.ParentRunner.run(ParentRunner.java:413)
	at org.springframework.test.context.junit4.SpringJUnit4ClassRunner.run(SpringJUnit4ClassRunner.java:190)
	at org.junit.runner.JUnitCore.run(JUnitCore.java:137)
	at com.intellij.junit4.JUnit4IdeaTestRunner.startRunnerWithArgs(JUnit4IdeaTestRunner.java:69)
	at com.intellij.rt.junit.IdeaTestRunner$Repeater$1.execute(IdeaTestRunner.java:38)
	at com.intellij.rt.execution.junit.TestsRepeater.repeat(TestsRepeater.java:11)
	at com.intellij.rt.junit.IdeaTestRunner$Repeater.startRunnerWithArgs(IdeaTestRunner.java:35)
	at com.intellij.rt.junit.JUnitStarter.prepareStreamsAndStart(JUnitStarter.java:232)
	at com.intellij.rt.junit.JUnitStarter.main(JUnitStarter.java:55)
Caused by: java.sql.SQLIntegrityConstraintViolationException: Duplicate entry '12113' for key 'raffle_activity_order_000.uq_out_business_no'
	at com.mysql.cj.jdbc.exceptions.SQLError.createSQLException(SQLError.java:117)
	at com.mysql.cj.jdbc.exceptions.SQLError.createSQLException(SQLError.java:97)
	at com.mysql.cj.jdbc.exceptions.SQLExceptionsMapping.translateException(SQLExceptionsMapping.java:122)
	at com.mysql.cj.jdbc.ClientPreparedStatement.executeInternal(ClientPreparedStatement.java:953)
	at com.mysql.cj.jdbc.ClientPreparedStatement.execute(ClientPreparedStatement.java:370)
	at com.zaxxer.hikari.pool.ProxyPreparedStatement.execute(ProxyPreparedStatement.java:44)
	at com.zaxxer.hikari.pool.HikariProxyPreparedStatement.execute(HikariProxyPreparedStatement.java)
	at org.apache.ibatis.executor.statement.PreparedStatementHandler.update(PreparedStatementHandler.java:47)
	at org.apache.ibatis.executor.statement.RoutingStatementHandler.update(RoutingStatementHandler.java:74)
	at sun.reflect.NativeMethodAccessorImpl.invoke0(Native Method)
	at sun.reflect.NativeMethodAccessorImpl.invoke(NativeMethodAccessorImpl.java:62)
	at sun.reflect.DelegatingMethodAccessorImpl.invoke(DelegatingMethodAccessorImpl.java:43)
	at java.lang.reflect.Method.invoke(Method.java:498)
	at org.apache.ibatis.plugin.Plugin.invoke(Plugin.java:63)
	at com.sun.proxy.$Proxy186.update(Unknown Source)
	at org.apache.ibatis.executor.SimpleExecutor.doUpdate(SimpleExecutor.java:50)
	at org.apache.ibatis.executor.BaseExecutor.update(BaseExecutor.java:117)
	at org.apache.ibatis.executor.CachingExecutor.update(CachingExecutor.java:76)
	at org.apache.ibatis.session.defaults.DefaultSqlSession.update(DefaultSqlSession.java:197)
	at org.apache.ibatis.session.defaults.DefaultSqlSession.insert(DefaultSqlSession.java:184)
	at sun.reflect.NativeMethodAccessorImpl.invoke0(Native Method)
	at sun.reflect.NativeMethodAccessorImpl.invoke(NativeMethodAccessorImpl.java:62)
	at sun.reflect.DelegatingMethodAccessorImpl.invoke(DelegatingMethodAccessorImpl.java:43)
	at java.lang.reflect.Method.invoke(Method.java:498)
	at org.mybatis.spring.SqlSessionTemplate$SqlSessionInterceptor.invoke(SqlSessionTemplate.java:427)
	... 76 common frames omitted
25-07-14.16:52:26.123 [main            ] INFO  TestActivityService    - Starting TestActivityService using Java 1.8.0_452 on xingedeMacBook-Air.local with PID 75827 (started by xingeqi in /Users/xingeqi/Downloads/untitled1/untitled1-app)
25-07-14.16:52:26.124 [main            ] INFO  TestActivityService    - The following 1 profile is active: "dev"
25-07-14.16:52:26.577 [main            ] INFO  RepositoryConfigurationDelegate - Multiple Spring Data modules found, entering strict repository configuration mode
25-07-14.16:52:26.578 [main            ] INFO  RepositoryConfigurationDelegate - Bootstrapping Spring Data Redis repositories in DEFAULT mode.
25-07-14.16:52:26.594 [main            ] INFO  RepositoryConfigurationDelegate - Finished Spring Data repository scanning in 9 ms. Found 0 Redis repository interfaces.
25-07-14.16:52:27.359 [main            ] INFO  Version                - Redisson 3.24.3
25-07-14.16:52:27.371 [main            ] WARN  DnsServerAddressStreamProviders - Can not find io.netty.resolver.dns.macos.MacOSDnsServerAddressStreamProvider in the classpath, fallback to system defaults. This may result in incorrect DNS resolutions on MacOS. Check whether you have a dependency on 'io.netty:netty-resolver-dns-native-macos'
25-07-14.16:52:27.464 [redisson-netty-2-6] INFO  MasterPubSubConnectionPool - 1 connections initialized for 192.168.12.230/192.168.12.230:6399
25-07-14.16:52:27.505 [redisson-netty-2-13] INFO  MasterConnectionPool   - 5 connections initialized for 192.168.12.230/192.168.12.230:6399
25-07-14.16:52:28.391 [main            ] INFO  EndpointLinksResolver  - Exposing 1 endpoint(s) beneath base path '/actuator'
25-07-14.16:52:28.419 [main            ] INFO  TestActivityService    - Started TestActivityService in 2.474 seconds (JVM running for 2.863)
25-07-14.16:52:28.544 [main            ] INFO  HikariDataSource       - Retail_HikariCP - Starting...
25-07-14.16:52:28.792 [main            ] INFO  HikariDataSource       - Retail_HikariCP - Start completed.
25-07-14.16:52:28.852 [main            ] INFO  ActivityBaseActionChain - 活动责任链-基础信息【有效期、状态】校验开始。
25-07-14.16:52:28.852 [main            ] INFO  ActivitySkuStockActionChain - 活动责任链-商品库存处理【校验&扣减】开始。
25-07-14.16:52:28.854 [main            ] INFO  HikariDataSource       - Retail_HikariCP - Starting...
25-07-14.16:52:28.931 [main            ] INFO  HikariDataSource       - Retail_HikariCP - Start completed.
